
#Npc merchant proto

DELETE FROM `war_world`.`creature_protos` where entry in (10505152,10505153);

INSERT INTO `war_world`.`creature_protos` (`Entry`, `Name`, `Model1`, `Model2`, `MinScale`, `MaxScale`, `MinLevel`, `MaxLevel`, `Faction`, `Ranged`, `Icone`, `Emote`, `Title`, `Unk`, `Unk1`, `Unk2`, `Unk3`, `Unk4`, `Unk5`, `Unk6`, `Flag`, `ScriptName`, `CreatureType`, `CreatureSubType`, `TokUnlock`, `LairBoss`, `VendorID`, `Career`, `PowerModifier`, `WoundsModifier`, `Invulnerable`, `WeaponDPS`, `ImmuneToCC`) VALUES ('10505152', 'Deeds Mount Vendor', '30', '0', '50', '50', '38', '38', '64', '5', '0', '0', '31', '0', '0', '0', '0', '0', '0', '0', '0', '', '0', '0', '0', '0', '451', '0', '1.00', '1.00', '0', '0', '0');
INSERT INTO `war_world`.`creature_protos` (`Entry`, `Name`, `Model1`, `Model2`, `MinScale`, `MaxScale`, `MinLevel`, `MaxLevel`, `Faction`, `Ranged`, `Icone`, `Emote`, `Title`, `Unk`, `Unk1`, `Unk2`, `Unk3`, `Unk4`, `Unk5`, `Unk6`, `Flag`, `ScriptName`, `CreatureType`, `CreatureSubType`, `TokUnlock`, `LairBoss`, `VendorID`, `States`, `FigLeafData`, `BaseRadiusUnits`, `Career`, `PowerModifier`, `WoundsModifier`, `Invulnerable`, `WeaponDPS`, `ImmuneToCC`) VALUES ('10505153', 'Deeds Mount Vendor', '1222', '0', '50', '50', '40', '40', '131', '5', '18', '0', '31', '33', '0', '1000', '0', '1', '16522', '6', '50194451644040292', '', '16', '89', '0', '0', '452', NULL, NULL, NULL, '0', '1.00', '1.00', '0', '0', '0');

#max stack increase boxes crest

UPDATE `war_world`.`item_infos` SET `Entry`='1298378528', `Name`='War Crest Box', `Description`='Right Click to receive 5 War Crests!', `Type`='0', `Race`='0', `ModelId`='1566', `SlotId`='0', `Rarity`='5', `Career`='0', `Skills`='0', `Bind`='1', `Armor`='0', `SpellId`='0', `Dps`='0', `Speed`='0', `MinRank`='0', `MinRenown`='0', `StartQuest`='0', `Stats`='0:0;0:0;0:0;0:0;0:0;0:0;0:0;0:0;0:0;0:0;0:0;0:0;', `SellPrice`='0', `TalismanSlots`='0', `MaxStack`='20', `ScriptName`='', `ObjectLevel`='0', `UniqueEquiped`=NULL, `Crafts`=NULL, `Unk27`=NULL, `SellRequiredItems`=NULL, `TwoHanded`='0', `ItemSet`='0', `Craftresult`=NULL, `DyeAble`='0', `Salvageable`='0', `BaseColor1`='0', `BaseColor2`='0', `TokUnlock`='0', `Effects`=NULL, `TokUnlock2`='0', `IsSiege`='0' WHERE (`Entry`='1298378528');
UPDATE `war_world`.`item_infos` SET `Entry`='1298378529', `Name`='Warlord Crest Chest', `Description`='Right Click to receive 5 Warlord Crests!', `Type`='0', `Race`='0', `ModelId`='1566', `SlotId`='0', `Rarity`='5', `Career`='0', `Skills`='0', `Bind`='1', `Armor`='0', `SpellId`='0', `Dps`='0', `Speed`='0', `MinRank`='0', `MinRenown`='0', `StartQuest`='0', `Stats`='0:0;0:0;0:0;0:0;0:0;0:0;0:0;0:0;0:0;0:0;0:0;0:0;', `SellPrice`='0', `TalismanSlots`='0', `MaxStack`='20', `ScriptName`='', `ObjectLevel`='0', `UniqueEquiped`=NULL, `Crafts`=NULL, `Unk27`=NULL, `SellRequiredItems`=NULL, `TwoHanded`='0', `ItemSet`='0', `Craftresult`=NULL, `DyeAble`='0', `Salvageable`='0', `BaseColor1`='0', `BaseColor2`='0', `TokUnlock`='0', `Effects`=NULL, `TokUnlock2`='0', `IsSiege`='0' WHERE (`Entry`='1298378529');
UPDATE `war_world`.`item_infos` SET `Entry`='1298378530', `Name`='War Crest Chest', `Description`='Right Click to receive 25 War Crests!', `Type`='0', `Race`='0', `ModelId`='1566', `SlotId`='0', `Rarity`='5', `Career`='0', `Skills`='0', `Bind`='1', `Armor`='0', `SpellId`='0', `Dps`='0', `Speed`='0', `MinRank`='0', `MinRenown`='0', `StartQuest`='0', `Stats`='0:0;0:0;0:0;0:0;0:0;0:0;0:0;0:0;0:0;0:0;0:0;0:0;', `SellPrice`='0', `TalismanSlots`='0', `MaxStack`='20', `ScriptName`='', `ObjectLevel`='0', `UniqueEquiped`=NULL, `Crafts`=NULL, `Unk27`=NULL, `SellRequiredItems`=NULL, `TwoHanded`='0', `ItemSet`='0', `Craftresult`=NULL, `DyeAble`='0', `Salvageable`='0', `BaseColor1`='0', `BaseColor2`='0', `TokUnlock`='0', `Effects`=NULL, `TokUnlock2`='0', `IsSiege`='0' WHERE (`Entry`='1298378530');
UPDATE `war_world`.`item_infos` SET `Entry`='1298378531', `Name`='Invader\'s Crest Box', `Description`='Right Click to receive 5 Invader\'s Crests!', `Type`='0', `Race`='0', `ModelId`='1566', `SlotId`='0', `Rarity`='5', `Career`='0', `Skills`='0', `Bind`='1', `Armor`='0', `SpellId`='0', `Dps`='0', `Speed`='0', `MinRank`='0', `MinRenown`='0', `StartQuest`='0', `Stats`='0:0;0:0;0:0;0:0;0:0;0:0;0:0;0:0;0:0;0:0;0:0;0:0;', `SellPrice`='0', `TalismanSlots`='0', `MaxStack`='20', `ScriptName`='', `ObjectLevel`='0', `UniqueEquiped`=NULL, `Crafts`=NULL, `Unk27`=NULL, `SellRequiredItems`=NULL, `TwoHanded`='0', `ItemSet`='0', `Craftresult`=NULL, `DyeAble`='0', `Salvageable`='0', `BaseColor1`='0', `BaseColor2`='0', `TokUnlock`='0', `Effects`=NULL, `TokUnlock2`='0', `IsSiege`='0' WHERE (`Entry`='1298378531');
UPDATE `war_world`.`item_infos` SET `Entry`='1298378532', `Name`='Invader\'s Crest Chest', `Description`='Right Click to receive 25 Invader\'s Crests!', `Type`='0', `Race`='0', `ModelId`='1566', `SlotId`='0', `Rarity`='5', `Career`='0', `Skills`='0', `Bind`='1', `Armor`='0', `SpellId`='0', `Dps`='0', `Speed`='0', `MinRank`='0', `MinRenown`='0', `StartQuest`='0', `Stats`='0:0;0:0;0:0;0:0;0:0;0:0;0:0;0:0;0:0;0:0;0:0;0:0;', `SellPrice`='0', `TalismanSlots`='0', `MaxStack`='20', `ScriptName`='', `ObjectLevel`='0', `UniqueEquiped`=NULL, `Crafts`=NULL, `Unk27`=NULL, `SellRequiredItems`=NULL, `TwoHanded`='0', `ItemSet`='0', `Craftresult`=NULL, `DyeAble`='0', `Salvageable`='0', `BaseColor1`='0', `BaseColor2`='0', `TokUnlock`='0', `Effects`=NULL, `TokUnlock2`='0', `IsSiege`='0' WHERE (`Entry`='1298378532');
UPDATE `war_world`.`item_infos` SET `Entry`='1298378533', `Name`='War Crest Box', `Description`='Right Click to receive 5 War Crests!', `Type`='0', `Race`='0', `ModelId`='1566', `SlotId`='0', `Rarity`='5', `Career`='0', `Skills`='0', `Bind`='1', `Armor`='0', `SpellId`='0', `Dps`='0', `Speed`='0', `MinRank`='0', `MinRenown`='0', `StartQuest`='0', `Stats`='0:0;0:0;0:0;0:0;0:0;0:0;0:0;0:0;0:0;0:0;0:0;0:0;', `SellPrice`='0', `TalismanSlots`='0', `MaxStack`='20', `ScriptName`='', `ObjectLevel`='0', `UniqueEquiped`=NULL, `Crafts`=NULL, `Unk27`=NULL, `SellRequiredItems`=NULL, `TwoHanded`='0', `ItemSet`='0', `Craftresult`=NULL, `DyeAble`='0', `Salvageable`='0', `BaseColor1`='0', `BaseColor2`='0', `TokUnlock`='0', `Effects`=NULL, `TokUnlock2`='0', `IsSiege`='0' WHERE (`Entry`='1298378533');
UPDATE `war_world`.`item_infos` SET `Entry`='1298378534', `Name`='War Crest Chest', `Description`='Right Click to receive 25 War Crests!', `Type`='0', `Race`='0', `ModelId`='1566', `SlotId`='0', `Rarity`='5', `Career`='0', `Skills`='0', `Bind`='1', `Armor`='0', `SpellId`='0', `Dps`='0', `Speed`='0', `MinRank`='0', `MinRenown`='0', `StartQuest`='0', `Stats`='0:0;0:0;0:0;0:0;0:0;0:0;0:0;0:0;0:0;0:0;0:0;0:0;', `SellPrice`='0', `TalismanSlots`='0', `MaxStack`='20', `ScriptName`='', `ObjectLevel`='0', `UniqueEquiped`=NULL, `Crafts`=NULL, `Unk27`=NULL, `SellRequiredItems`=NULL, `TwoHanded`='0', `ItemSet`='0', `Craftresult`=NULL, `DyeAble`='0', `Salvageable`='0', `BaseColor1`='0', `BaseColor2`='0', `TokUnlock`='0', `Effects`=NULL, `TokUnlock2`='0', `IsSiege`='0' WHERE (`Entry`='1298378534');

# gear he wears

DELETE FROM  `war_world`.`creature_items` where entry in ('10505152','10505153');

INSERT INTO `war_world`.`creature_items` (`Entry`, `SlotId`, `ModelId`, `EffectId`, `PrimaryColor`, `SecondaryColor`) VALUES ('10505152', '20', '3182', '0', '0', '0');
INSERT INTO `war_world`.`creature_items` (`Entry`, `SlotId`, `ModelId`, `EffectId`, `PrimaryColor`, `SecondaryColor`) VALUES ('10505152', '22', '7312', '0', '0', '0');
INSERT INTO `war_world`.`creature_items` (`Entry`, `SlotId`, `ModelId`, `EffectId`, `PrimaryColor`, `SecondaryColor`) VALUES ('10505152', '25', '3184', '0', '0', '0');
INSERT INTO `war_world`.`creature_items` (`Entry`, `SlotId`, `ModelId`, `EffectId`, `PrimaryColor`, `SecondaryColor`) VALUES ('10505153', '10', '1824', '0', '0', '0');
INSERT INTO `war_world`.`creature_items` (`Entry`, `SlotId`, `ModelId`, `EffectId`, `PrimaryColor`, `SecondaryColor`) VALUES ('10505153', '20', '2832', '0', '0', '0');
INSERT INTO `war_world`.`creature_items` (`Entry`, `SlotId`, `ModelId`, `EffectId`, `PrimaryColor`, `SecondaryColor`) VALUES ('10505153', '21', '2834', '0', '0', '0');
INSERT INTO `war_world`.`creature_items` (`Entry`, `SlotId`, `ModelId`, `EffectId`, `PrimaryColor`, `SecondaryColor`) VALUES ('10505153', '22', '2833', '0', '0', '0');
INSERT INTO `war_world`.`creature_items` (`Entry`, `SlotId`, `ModelId`, `EffectId`, `PrimaryColor`, `SecondaryColor`) VALUES ('10505153', '23', '2836', '0', '0', '0');
INSERT INTO `war_world`.`creature_items` (`Entry`, `SlotId`, `ModelId`, `EffectId`, `PrimaryColor`, `SecondaryColor`) VALUES ('10505153', '24', '2835', '0', '0', '0');
INSERT INTO `war_world`.`creature_items` (`Entry`, `SlotId`, `ModelId`, `EffectId`, `PrimaryColor`, `SecondaryColor`) VALUES ('10505153', '28', '2831', '0', '0', '0');

#change pet rarity and race

UPDATE `war_world`.`item_infos` SET `Entry`='2600', `Name`='Yellow Phoenix', `Description`='Flamespyre Phoenixes lack the gift of a civilized tongue.', `Type`='0', `Race`='86', `ModelId`='9621', `SlotId`='0', `Rarity`='4', `Career`='0', `Skills`='0', `Bind`='1', `Armor`='0', `SpellId`='28813', `Dps`='0', `Speed`='0', `MinRank`='40', `MinRenown`='0', `StartQuest`='0', `Stats`='0:0;0:0;0:0;0:0;0:0;0:0;0:0;0:0;0:0;0:0;0:0;0:0;', `SellPrice`='0', `TalismanSlots`='0', `MaxStack`='1', `ScriptName`='', `ObjectLevel`='50', `UniqueEquiped`='0', `Crafts`='', `Unk27`='', `SellRequiredItems`='', `TwoHanded`='0', `ItemSet`=NULL, `Craftresult`=NULL, `DyeAble`='0', `Salvageable`='0', `BaseColor1`='0', `BaseColor2`='0', `TokUnlock`='0', `Effects`=NULL, `TokUnlock2`='0', `IsSiege`='0' WHERE (`Entry`='2600');
UPDATE `war_world`.`item_infos` SET `Entry`='2601', `Name`='Red Drake', `Description`='The Red Dragons are a Loyalist Codex Astartes-compliant Chapter of unknown Founding and origin. Almost nothing is known about this Chapter in current Imperial records.', `Type`='0', `Race`='41', `ModelId`='9610', `SlotId`='0', `Rarity`='4', `Career`='0', `Skills`='0', `Bind`='1', `Armor`='0', `SpellId`='28701', `Dps`='0', `Speed`='0', `MinRank`='5', `MinRenown`='0', `StartQuest`='0', `Stats`='0:0;0:0;0:0;0:0;0:0;0:0;0:0;0:0;0:0;0:0;0:0;0:0;', `SellPrice`='0', `TalismanSlots`='0', `MaxStack`='1', `ScriptName`='', `ObjectLevel`='15', `UniqueEquiped`='0', `Crafts`='', `Unk27`='', `SellRequiredItems`='', `TwoHanded`='0', `ItemSet`=NULL, `Craftresult`=NULL, `DyeAble`='0', `Salvageable`='0', `BaseColor1`='0', `BaseColor2`='0', `TokUnlock`='0', `Effects`=NULL, `TokUnlock2`='0', `IsSiege`='0' WHERE (`Entry`='2601');
UPDATE `war_world`.`item_infos` SET `Entry`='2602', `Name`='Ice Blue Phoenix', `Description`='Flamespyre Phoenixes lack the gift of a civilized tongue.', `Type`='0', `Race`='41', `ModelId`='9621', `SlotId`='0', `Rarity`='4', `Career`='0', `Skills`='0', `Bind`='1', `Armor`='0', `SpellId`='28812', `Dps`='0', `Speed`='0', `MinRank`='40', `MinRenown`='0', `StartQuest`='0', `Stats`='0:0;0:0;0:0;0:0;0:0;0:0;0:0;0:0;0:0;0:0;0:0;0:0;', `SellPrice`='0', `TalismanSlots`='0', `MaxStack`='1', `ScriptName`='', `ObjectLevel`='50', `UniqueEquiped`='0', `Crafts`=NULL, `Unk27`=NULL, `SellRequiredItems`=NULL, `TwoHanded`='0', `ItemSet`=NULL, `Craftresult`=NULL, `DyeAble`=NULL, `Salvageable`=NULL, `BaseColor1`=NULL, `BaseColor2`=NULL, `TokUnlock`=NULL, `Effects`=NULL, `TokUnlock2`='0', `IsSiege`='0' WHERE (`Entry`='2602');
UPDATE `war_world`.`item_infos` SET `Entry`='2603', `Name`='Green Drake', `Description`='Wyverns almost always have two limbs and two wings, are mostly green and never breathe fire, although they are often associated with poison (bite or tail stinger, with the occasional toxic breath). They also have animal level intelligence.', `Type`='0', `Race`='86', `ModelId`='9610', `SlotId`='0', `Rarity`='4', `Career`='0', `Skills`='0', `Bind`='1', `Armor`='0', `SpellId`='28702', `Dps`='0', `Speed`='0', `MinRank`='5', `MinRenown`='0', `StartQuest`='0', `Stats`='0:0;0:0;0:0;0:0;0:0;0:0;0:0;0:0;0:0;0:0;0:0;0:0;', `SellPrice`='0', `TalismanSlots`='0', `MaxStack`='1', `ScriptName`='', `ObjectLevel`='15', `UniqueEquiped`='0', `Crafts`='', `Unk27`='', `SellRequiredItems`='', `TwoHanded`='0', `ItemSet`=NULL, `Craftresult`=NULL, `DyeAble`='0', `Salvageable`='0', `BaseColor1`='0', `BaseColor2`='0', `TokUnlock`='0', `Effects`=NULL, `TokUnlock2`='0', `IsSiege`='0' WHERE (`Entry`='2603');
UPDATE `war_world`.`item_infos` SET `Entry`='2601', `Name`='Red Drake', `Description`='The Red Dragons are a Loyalist Codex Astartes-compliant Chapter of unknown Founding and origin. Almost nothing is known about this Chapter in current Imperial records.', `Type`='0', `Race`='86', `ModelId`='9610', `SlotId`='0', `Rarity`='4', `Career`='0', `Skills`='0', `Bind`='1', `Armor`='0', `SpellId`='28701', `Dps`='0', `Speed`='0', `MinRank`='5', `MinRenown`='0', `StartQuest`='0', `Stats`='0:0;0:0;0:0;0:0;0:0;0:0;0:0;0:0;0:0;0:0;0:0;0:0;', `SellPrice`='0', `TalismanSlots`='0', `MaxStack`='1', `ScriptName`='', `ObjectLevel`='15', `UniqueEquiped`='0', `Crafts`='', `Unk27`='', `SellRequiredItems`='', `TwoHanded`='0', `ItemSet`=NULL, `Craftresult`=NULL, `DyeAble`='0', `Salvageable`='0', `BaseColor1`='0', `BaseColor2`='0', `TokUnlock`='0', `Effects`=NULL, `TokUnlock2`='0', `IsSiege`='0' WHERE (`Entry`='2601');

# mount buying for deeds sturdy and starter

DELETE FROM `war_world`.`vendor_items` where VendorID = 451;

INSERT INTO `war_world`.`vendor_items` (`ItemGuid`, `VendorId`, `ItemId`, `Price`, `ReqTokUnlock`, `ReqGuildlvl`, `ReqItems`) VALUES ('0', '451', '186819', '0', NULL, '0', '(1,206120)');
INSERT INTO `war_world`.`vendor_items` (`ItemGuid`, `VendorId`, `ItemId`, `Price`, `ReqTokUnlock`, `ReqGuildlvl`, `ReqItems`) VALUES ('0', '451', '186820', '0', NULL, '0', '(1,206120)');
INSERT INTO `war_world`.`vendor_items` (`ItemGuid`, `VendorId`, `ItemId`, `Price`, `ReqTokUnlock`, `ReqGuildlvl`, `ReqItems`) VALUES ('0', '451', '186821', '0', NULL, '0', '(1,206120)');
INSERT INTO `war_world`.`vendor_items` (`ItemGuid`, `VendorId`, `ItemId`, `Price`, `ReqTokUnlock`, `ReqGuildlvl`, `ReqItems`) VALUES ('0', '451', '186801', '0', NULL, '0', '(1,206120)');
INSERT INTO `war_world`.`vendor_items` (`ItemGuid`, `VendorId`, `ItemId`, `Price`, `ReqTokUnlock`, `ReqGuildlvl`, `ReqItems`) VALUES ('0', '451', '186802', '0', NULL, '0', '(1,206120)');
INSERT INTO `war_world`.`vendor_items` (`ItemGuid`, `VendorId`, `ItemId`, `Price`, `ReqTokUnlock`, `ReqGuildlvl`, `ReqItems`) VALUES ('0', '451', '186803', '0', NULL, '0', '(1,206120)');
INSERT INTO `war_world`.`vendor_items` (`ItemGuid`, `VendorId`, `ItemId`, `Price`, `ReqTokUnlock`, `ReqGuildlvl`, `ReqItems`) VALUES ('0', '451', '186831', '0', NULL, '0', '(1,206120)');
INSERT INTO `war_world`.`vendor_items` (`ItemGuid`, `VendorId`, `ItemId`, `Price`, `ReqTokUnlock`, `ReqGuildlvl`, `ReqItems`) VALUES ('0', '451', '186833', '0', NULL, '0', '(1,206120)');
INSERT INTO `war_world`.`vendor_items` (`ItemGuid`, `VendorId`, `ItemId`, `Price`, `ReqTokUnlock`, `ReqGuildlvl`, `ReqItems`) VALUES ('0', '451', '186835', '0', NULL, '0', '(1,206120)');
INSERT INTO `war_world`.`vendor_items` (`ItemGuid`, `VendorId`, `ItemId`, `Price`, `ReqTokUnlock`, `ReqGuildlvl`, `ReqItems`) VALUES ('0', '451', '208003', '0', NULL, '0', '(1,206121)');
INSERT INTO `war_world`.`vendor_items` (`ItemGuid`, `VendorId`, `ItemId`, `Price`, `ReqTokUnlock`, `ReqGuildlvl`, `ReqItems`) VALUES ('0', '451', '208004', '0', NULL, '0', '(1,206121)');
INSERT INTO `war_world`.`vendor_items` (`ItemGuid`, `VendorId`, `ItemId`, `Price`, `ReqTokUnlock`, `ReqGuildlvl`, `ReqItems`) VALUES ('0', '451', '208005', '0', NULL, '0', '(1,206121)');
INSERT INTO `war_world`.`vendor_items` (`ItemGuid`, `VendorId`, `ItemId`, `Price`, `ReqTokUnlock`, `ReqGuildlvl`, `ReqItems`) VALUES ('0', '451', '208031', '0', NULL, '0', '(1,206121)');
INSERT INTO `war_world`.`vendor_items` (`ItemGuid`, `VendorId`, `ItemId`, `Price`, `ReqTokUnlock`, `ReqGuildlvl`, `ReqItems`) VALUES ('0', '451', '208033', '0', NULL, '0', '(1,206121)');
INSERT INTO `war_world`.`vendor_items` (`ItemGuid`, `VendorId`, `ItemId`, `Price`, `ReqTokUnlock`, `ReqGuildlvl`, `ReqItems`) VALUES ('0', '451', '208035', '0', NULL, '0', '(1,206121)');
INSERT INTO `war_world`.`vendor_items` (`ItemGuid`, `VendorId`, `ItemId`, `Price`, `ReqTokUnlock`, `ReqGuildlvl`, `ReqItems`) VALUES ('0', '451', '208021', '0', NULL, '0', '(1,206121)');
INSERT INTO `war_world`.`vendor_items` (`ItemGuid`, `VendorId`, `ItemId`, `Price`, `ReqTokUnlock`, `ReqGuildlvl`, `ReqItems`) VALUES ('0', '451', '208022', '0', NULL, '0', '(1,206121)');
INSERT INTO `war_world`.`vendor_items` (`ItemGuid`, `VendorId`, `ItemId`, `Price`, `ReqTokUnlock`, `ReqGuildlvl`, `ReqItems`) VALUES ('0', '451', '208023', '0', NULL, '0', '(1,206121)');

DELETE FROM `war_world`.`vendor_items` where VendorID = 452;
INSERT INTO `war_world`.`vendor_items` (`ItemGuid`, `VendorId`, `ItemId`, `Price`, `ReqTokUnlock`, `ReqGuildlvl`, `ReqItems`) VALUES ('0', '452', '186807', '0', NULL, '0', '(1,206120)');
INSERT INTO `war_world`.`vendor_items` (`ItemGuid`, `VendorId`, `ItemId`, `Price`, `ReqTokUnlock`, `ReqGuildlvl`, `ReqItems`) VALUES ('0', '452', '186808', '0', NULL, '0', '(1,206120)');
INSERT INTO `war_world`.`vendor_items` (`ItemGuid`, `VendorId`, `ItemId`, `Price`, `ReqTokUnlock`, `ReqGuildlvl`, `ReqItems`) VALUES ('0', '452', '186809', '0', NULL, '0', '(1,206120)');
INSERT INTO `war_world`.`vendor_items` (`ItemGuid`, `VendorId`, `ItemId`, `Price`, `ReqTokUnlock`, `ReqGuildlvl`, `ReqItems`) VALUES ('0', '452', '186813', '0', NULL, '0', '(1,206120)');
INSERT INTO `war_world`.`vendor_items` (`ItemGuid`, `VendorId`, `ItemId`, `Price`, `ReqTokUnlock`, `ReqGuildlvl`, `ReqItems`) VALUES ('0', '452', '186814', '0', NULL, '0', '(1,206120)');
INSERT INTO `war_world`.`vendor_items` (`ItemGuid`, `VendorId`, `ItemId`, `Price`, `ReqTokUnlock`, `ReqGuildlvl`, `ReqItems`) VALUES ('0', '452', '186815', '0', NULL, '0', '(1,206120)');
INSERT INTO `war_world`.`vendor_items` (`ItemGuid`, `VendorId`, `ItemId`, `Price`, `ReqTokUnlock`, `ReqGuildlvl`, `ReqItems`) VALUES ('0', '452', '186825', '0', NULL, '0', '(1,206120)');
INSERT INTO `war_world`.`vendor_items` (`ItemGuid`, `VendorId`, `ItemId`, `Price`, `ReqTokUnlock`, `ReqGuildlvl`, `ReqItems`) VALUES ('0', '452', '186828', '0', NULL, '0', '(1,206120)');
INSERT INTO `war_world`.`vendor_items` (`ItemGuid`, `VendorId`, `ItemId`, `Price`, `ReqTokUnlock`, `ReqGuildlvl`, `ReqItems`) VALUES ('0', '452', '186830', '0', NULL, '0', '(1,206120)');
INSERT INTO `war_world`.`vendor_items` (`ItemGuid`, `VendorId`, `ItemId`, `Price`, `ReqTokUnlock`, `ReqGuildlvl`, `ReqItems`) VALUES ('0', '452', '186837', '0', NULL, '0', '(1,206120)');
INSERT INTO `war_world`.`vendor_items` (`ItemGuid`, `VendorId`, `ItemId`, `Price`, `ReqTokUnlock`, `ReqGuildlvl`, `ReqItems`) VALUES ('0', '452', '186839', '0', NULL, '0', '(1,206120)');
INSERT INTO `war_world`.`vendor_items` (`ItemGuid`, `VendorId`, `ItemId`, `Price`, `ReqTokUnlock`, `ReqGuildlvl`, `ReqItems`) VALUES ('0', '452', '186842', '0', NULL, '0', '(1,206120)');
INSERT INTO `war_world`.`vendor_items` (`ItemGuid`, `VendorId`, `ItemId`, `Price`, `ReqTokUnlock`, `ReqGuildlvl`, `ReqItems`) VALUES ('0', '452', '186843', '0', NULL, '0', '(1,206120)');
INSERT INTO `war_world`.`vendor_items` (`ItemGuid`, `VendorId`, `ItemId`, `Price`, `ReqTokUnlock`, `ReqGuildlvl`, `ReqItems`) VALUES ('0', '452', '186844', '0', NULL, '0', '(1,206120)');
INSERT INTO `war_world`.`vendor_items` (`ItemGuid`, `VendorId`, `ItemId`, `Price`, `ReqTokUnlock`, `ReqGuildlvl`, `ReqItems`) VALUES ('0', '452', '186845', '0', NULL, '0', '(1,206120)');

INSERT INTO `war_world`.`vendor_items` (`ItemGuid`, `VendorId`, `ItemId`, `Price`, `ReqTokUnlock`, `ReqGuildlvl`, `ReqItems`) VALUES ('0', '452', '208009', '0', NULL, '0', '(1,206121)');
INSERT INTO `war_world`.`vendor_items` (`ItemGuid`, `VendorId`, `ItemId`, `Price`, `ReqTokUnlock`, `ReqGuildlvl`, `ReqItems`) VALUES ('0', '452', '208010', '0', NULL, '0', '(1,206121)');
INSERT INTO `war_world`.`vendor_items` (`ItemGuid`, `VendorId`, `ItemId`, `Price`, `ReqTokUnlock`, `ReqGuildlvl`, `ReqItems`) VALUES ('0', '452', '208011', '0', NULL, '0', '(1,206121)');
INSERT INTO `war_world`.`vendor_items` (`ItemGuid`, `VendorId`, `ItemId`, `Price`, `ReqTokUnlock`, `ReqGuildlvl`, `ReqItems`) VALUES ('0', '452', '208015', '0', NULL, '0', '(1,206121)');
INSERT INTO `war_world`.`vendor_items` (`ItemGuid`, `VendorId`, `ItemId`, `Price`, `ReqTokUnlock`, `ReqGuildlvl`, `ReqItems`) VALUES ('0', '452', '208016', '0', NULL, '0', '(1,206121)');
INSERT INTO `war_world`.`vendor_items` (`ItemGuid`, `VendorId`, `ItemId`, `Price`, `ReqTokUnlock`, `ReqGuildlvl`, `ReqItems`) VALUES ('0', '452', '208017', '0', NULL, '0', '(1,206121)');
INSERT INTO `war_world`.`vendor_items` (`ItemGuid`, `VendorId`, `ItemId`, `Price`, `ReqTokUnlock`, `ReqGuildlvl`, `ReqItems`) VALUES ('0', '452', '208025', '0', NULL, '0', '(1,206121)');
INSERT INTO `war_world`.`vendor_items` (`ItemGuid`, `VendorId`, `ItemId`, `Price`, `ReqTokUnlock`, `ReqGuildlvl`, `ReqItems`) VALUES ('0', '452', '208026', '0', NULL, '0', '(1,206121)');
INSERT INTO `war_world`.`vendor_items` (`ItemGuid`, `VendorId`, `ItemId`, `Price`, `ReqTokUnlock`, `ReqGuildlvl`, `ReqItems`) VALUES ('0', '452', '208028', '0', NULL, '0', '(1,206121)');
INSERT INTO `war_world`.`vendor_items` (`ItemGuid`, `VendorId`, `ItemId`, `Price`, `ReqTokUnlock`, `ReqGuildlvl`, `ReqItems`) VALUES ('0', '452', '208037', '0', NULL, '0', '(1,206121)');
INSERT INTO `war_world`.`vendor_items` (`ItemGuid`, `VendorId`, `ItemId`, `Price`, `ReqTokUnlock`, `ReqGuildlvl`, `ReqItems`) VALUES ('0', '452', '208039', '0', NULL, '0', '(1,206121)');
INSERT INTO `war_world`.`vendor_items` (`ItemGuid`, `VendorId`, `ItemId`, `Price`, `ReqTokUnlock`, `ReqGuildlvl`, `ReqItems`) VALUES ('0', '452', '208040', '0', NULL, '0', '(1,206121)');
INSERT INTO `war_world`.`vendor_items` (`ItemGuid`, `VendorId`, `ItemId`, `Price`, `ReqTokUnlock`, `ReqGuildlvl`, `ReqItems`) VALUES ('0', '452', '208045', '0', NULL, '0', '(1,206121)');
INSERT INTO `war_world`.`vendor_items` (`ItemGuid`, `VendorId`, `ItemId`, `Price`, `ReqTokUnlock`, `ReqGuildlvl`, `ReqItems`) VALUES ('0', '452', '208046', '0', NULL, '0', '(1,206121)');
INSERT INTO `war_world`.`vendor_items` (`ItemGuid`, `VendorId`, `ItemId`, `Price`, `ReqTokUnlock`, `ReqGuildlvl`, `ReqItems`) VALUES ('0', '452', '208047', '0', NULL, '0', '(1,206121)');



# items for unique models 

DELETE FROM `war_world`.`item_infos` where entry in ('1298398393',
'1298398394',
'1298398395',
'1298398396',
'1298398397',
'1298398398',
'1298398399',
'1298398400',
'1298398401',
'1298398402');

INSERT INTO `war_world`.`item_infos` (`Entry`, `Name`, `Description`, `Type`, `Race`, `ModelId`, `SlotId`, `Rarity`, `Career`, `Skills`, `Bind`, `Armor`, `SpellId`, `Dps`, `Speed`, `MinRank`, `MinRenown`, `StartQuest`, `Stats`, `SellPrice`, `TalismanSlots`, `MaxStack`, `ScriptName`, `ObjectLevel`, `UniqueEquiped`, `Crafts`, `Unk27`, `SellRequiredItems`, `TwoHanded`, `ItemSet`, `Craftresult`, `DyeAble`, `Salvageable`, `BaseColor1`, `BaseColor2`, `TokUnlock`, `Effects`, `TokUnlock2`, `IsSiege`) VALUES ('1298398393', 'Eternal Token', 'A special token in commemoration to your daily Login! Spend these in your capital city\'s for unique rewards.', '36', '0', '4036', '0', '5', '0', '0', '0', '0', '0', '0', '0', '0', '0', '0', '0:0;0:0;0:0;0:0;0:0;0:0;0:0;0:0;0:0;0:0;0:0;0:0;', '0', '0', '500', '', '0', '0', '', '', '', '0', '0', '', '0', '0', '0', '0', '0', NULL, '0', '0');
INSERT INTO `war_world`.`item_infos` (`Entry`, `Name`, `Description`, `Type`, `Race`, `ModelId`, `SlotId`, `Rarity`, `Career`, `Skills`, `Bind`, `Armor`, `SpellId`, `Dps`, `Speed`, `MinRank`, `MinRenown`, `StartQuest`, `Stats`, `SellPrice`, `TalismanSlots`, `MaxStack`, `ScriptName`, `ObjectLevel`, `UniqueEquiped`, `Crafts`, `Unk27`, `SellRequiredItems`, `TwoHanded`, `ItemSet`, `Craftresult`, `DyeAble`, `Salvageable`, `BaseColor1`, `BaseColor2`, `TokUnlock`, `Effects`, `TokUnlock2`, `IsSiege`) VALUES ('1298398394', 'Tears of Isha', 'Let those who have found a measure of peace in this world walk through it in harmony, blind to the fear that consumes the rest of us. ', '0', '8', '6835', '26', '5', '0', '0', '0', '0', '0', '0', '0', '1', '0', '0', '0:10000;0:0;0:0;0:0;0:0;0:0;0:0;0:0;0:0;0:0;0:0;0:0;', '0', '0', '5', '', '1', '1', '', '', '', '0', '0', '', '1', '0', '0', '0', '0', NULL, '0', '0');
INSERT INTO `war_world`.`item_infos` (`Entry`, `Name`, `Description`, `Type`, `Race`, `ModelId`, `SlotId`, `Rarity`, `Career`, `Skills`, `Bind`, `Armor`, `SpellId`, `Dps`, `Speed`, `MinRank`, `MinRenown`, `StartQuest`, `Stats`, `SellPrice`, `TalismanSlots`, `MaxStack`, `ScriptName`, `ObjectLevel`, `UniqueEquiped`, `Crafts`, `Unk27`, `SellRequiredItems`, `TwoHanded`, `ItemSet`, `Craftresult`, `DyeAble`, `Salvageable`, `BaseColor1`, `BaseColor2`, `TokUnlock`, `Effects`, `TokUnlock2`, `IsSiege`) VALUES ('1298398395', 'Raven\'s Sight', 'If you would truly dedicate your life to the design of the Raven God, then you must see as he sees. No longer will your mortal sight cloud your vision of his divine motives.', '0', '64', '7043', '26', '5', '0', '0', '0', '0', '0', '0', '0', '1', '0', '0', '0:0;0:0;0:0;0:0;0:0;0:0;0:0;0:0;0:0;0:0;0:0;0:0;', '0', '0', '5', '', '1', '1', '', '', '', '0', '0', '', '1', '0', '0', '0', '0', NULL, '0', '0');
INSERT INTO `war_world`.`item_infos` (`Entry`, `Name`, `Description`, `Type`, `Race`, `ModelId`, `SlotId`, `Rarity`, `Career`, `Skills`, `Bind`, `Armor`, `SpellId`, `Dps`, `Speed`, `MinRank`, `MinRenown`, `StartQuest`, `Stats`, `SellPrice`, `TalismanSlots`, `MaxStack`, `ScriptName`, `ObjectLevel`, `UniqueEquiped`, `Crafts`, `Unk27`, `SellRequiredItems`, `TwoHanded`, `ItemSet`, `Craftresult`, `DyeAble`, `Salvageable`, `BaseColor1`, `BaseColor2`, `TokUnlock`, `Effects`, `TokUnlock2`, `IsSiege`) VALUES ('1298398396', 'The Bloody Hand', 'Scars and tattoos are gifts of honor, but no mark commands respect like the bloody hand, the mark awarded by the God of Murder himself.', '0', '16', '6836', '26', '5', '0', '0', '0', '0', '0', '0', '0', '1', '0', '0', '0:0;0:0;0:0;0:0;0:0;0:0;0:0;0:0;0:0;0:0;0:0;0:0;', '0', '0', '5', '', '1', '1', '', '', '', '0', '0', '', '1', '0', '0', '0', '0', NULL, '0', '0');
INSERT INTO `war_world`.`item_infos` (`Entry`, `Name`, `Description`, `Type`, `Race`, `ModelId`, `SlotId`, `Rarity`, `Career`, `Skills`, `Bind`, `Armor`, `SpellId`, `Dps`, `Speed`, `MinRank`, `MinRenown`, `StartQuest`, `Stats`, `SellPrice`, `TalismanSlots`, `MaxStack`, `ScriptName`, `ObjectLevel`, `UniqueEquiped`, `Crafts`, `Unk27`, `SellRequiredItems`, `TwoHanded`, `ItemSet`, `Craftresult`, `DyeAble`, `Salvageable`, `BaseColor1`, `BaseColor2`, `TokUnlock`, `Effects`, `TokUnlock2`, `IsSiege`) VALUES ('1298398397', 'True Believers', 'Those with true faith in Sigmar have nothing to fear. Those who would cringe are false followers and must be routed out. Wear the face of the true believer and let your chilling gaze reveal the cowards for the traitors they are. ', '0', '32', '7041', '26', '5', '0', '0', '0', '0', '0', '0', '0', '1', '0', '0', '0:0;0:0;0:0;0:0;0:0;0:0;0:0;0:0;0:0;0:0;0:0;0:0;', '0', '0', '5', '', '1', '1', '', '', '', '0', '0', '', '1', '0', '0', '0', '0', NULL, '0', '0');
INSERT INTO `war_world`.`item_infos` (`Entry`, `Name`, `Description`, `Type`, `Race`, `ModelId`, `SlotId`, `Rarity`, `Career`, `Skills`, `Bind`, `Armor`, `SpellId`, `Dps`, `Speed`, `MinRank`, `MinRenown`, `StartQuest`, `Stats`, `SellPrice`, `TalismanSlots`, `MaxStack`, `ScriptName`, `ObjectLevel`, `UniqueEquiped`, `Crafts`, `Unk27`, `SellRequiredItems`, `TwoHanded`, `ItemSet`, `Craftresult`, `DyeAble`, `Salvageable`, `BaseColor1`, `BaseColor2`, `TokUnlock`, `Effects`, `TokUnlock2`, `IsSiege`) VALUES ('1298398398', 'Shiny New \'Ead', 'Da boss wants you to know dat he don\'t like your face. If you don\'t want his ladz to come put a choppa in your \'ead, den you might want to fink about fixin\' your gob or gettin\' a brainbox wot got some proppa gubbinz. ', '0', '4', '7038', '26', '5', '0', '0', '0', '0', '0', '0', '0', '1', '0', '0', '0:0;0:0;0:0;0:0;0:0;0:0;0:0;0:0;0:0;0:0;0:0;0:0;', '0', '0', '5', '', '1', '1', '', '', '', '0', '0', '', '1', '0', '0', '0', '0', NULL, '0', '0');
INSERT INTO `war_world`.`item_infos` (`Entry`, `Name`, `Description`, `Type`, `Race`, `ModelId`, `SlotId`, `Rarity`, `Career`, `Skills`, `Bind`, `Armor`, `SpellId`, `Dps`, `Speed`, `MinRank`, `MinRenown`, `StartQuest`, `Stats`, `SellPrice`, `TalismanSlots`, `MaxStack`, `ScriptName`, `ObjectLevel`, `UniqueEquiped`, `Crafts`, `Unk27`, `SellRequiredItems`, `TwoHanded`, `ItemSet`, `Craftresult`, `DyeAble`, `Salvageable`, `BaseColor1`, `BaseColor2`, `TokUnlock`, `Effects`, `TokUnlock2`, `IsSiege`) VALUES ('1298398399', 'Never Be Without (female)', 'Ye never know when ye might need a quick nip o\' bitter t\' keep yer senses sharp and hands steady. Try these kegs built special t\' keep ye battle ready. Hide them in yer beard or tie them in yer locks so ye\'ll never be without yer ale.', '0', '1', '7037', '26', '5', '0', '0', '0', '0', '0', '0', '0', '1', '0', '0', '0:0;0:0;0:0;0:0;0:0;0:0;0:0;0:0;0:0;0:0;0:0;0:0;', '0', '0', '5', '', '1', '1', '', '', '', '0', '0', '', '1', '0', '0', '0', '0', NULL, '0', '0');
INSERT INTO `war_world`.`item_infos` (`Entry`, `Name`, `Description`, `Type`, `Race`, `ModelId`, `SlotId`, `Rarity`, `Career`, `Skills`, `Bind`, `Armor`, `SpellId`, `Dps`, `Speed`, `MinRank`, `MinRenown`, `StartQuest`, `Stats`, `SellPrice`, `TalismanSlots`, `MaxStack`, `ScriptName`, `ObjectLevel`, `UniqueEquiped`, `Crafts`, `Unk27`, `SellRequiredItems`, `TwoHanded`, `ItemSet`, `Craftresult`, `DyeAble`, `Salvageable`, `BaseColor1`, `BaseColor2`, `TokUnlock`, `Effects`, `TokUnlock2`, `IsSiege`) VALUES ('1298398400', 'Handy Head Nails', '\"I \'aint lost me keys since \'aving \'em fitted\" -', '0', '1', '7402', '26', '5', '0', '0', '0', '0', '0', '0', '0', '1', '0', '0', '0:0;0:0;0:0;0:0;0:0;0:0;0:0;0:0;0:0;0:0;0:0;0:0;', '0', '0', '5', '', '1', '1', '', '', '', '0', '0', '', '1', '0', '0', '0', '0', NULL, '0', '0');
INSERT INTO `war_world`.`item_infos` (`Entry`, `Name`, `Description`, `Type`, `Race`, `ModelId`, `SlotId`, `Rarity`, `Career`, `Skills`, `Bind`, `Armor`, `SpellId`, `Dps`, `Speed`, `MinRank`, `MinRenown`, `StartQuest`, `Stats`, `SellPrice`, `TalismanSlots`, `MaxStack`, `ScriptName`, `ObjectLevel`, `UniqueEquiped`, `Crafts`, `Unk27`, `SellRequiredItems`, `TwoHanded`, `ItemSet`, `Craftresult`, `DyeAble`, `Salvageable`, `BaseColor1`, `BaseColor2`, `TokUnlock`, `Effects`, `TokUnlock2`, `IsSiege`) VALUES ('1298398401', 'Steeljaw Snapper', '\"Chewin\' up stunties \'az neva bin eazier\" .', '0', '2', '7401', '26', '5', '0', '0', '0', '0', '0', '0', '0', '1', '0', '0', '0:0;0:0;0:0;0:0;0:0;0:0;0:0;0:0;0:0;0:0;0:0;0:0;', '0', '0', '5', '', '1', '1', '', '', '', '0', '0', '', '1', '0', '0', '0', '0', NULL, '0', '0');
INSERT INTO `war_world`.`item_infos` (`Entry`, `Name`, `Description`, `Type`, `Race`, `ModelId`, `SlotId`, `Rarity`, `Career`, `Skills`, `Bind`, `Armor`, `SpellId`, `Dps`, `Speed`, `MinRank`, `MinRenown`, `StartQuest`, `Stats`, `SellPrice`, `TalismanSlots`, `MaxStack`, `ScriptName`, `ObjectLevel`, `UniqueEquiped`, `Crafts`, `Unk27`, `SellRequiredItems`, `TwoHanded`, `ItemSet`, `Craftresult`, `DyeAble`, `Salvageable`, `BaseColor1`, `BaseColor2`, `TokUnlock`, `Effects`, `TokUnlock2`, `IsSiege`) VALUES ('1298398402', 'Shiny beard (male)', '\"Everyone has their own way of preparing for War\"', '0', '1', '6833', '26', '5', '0', '0', '0', '0', '0', '0', '0', '1', '0', '0', '0:0;0:0;0:0;0:0;0:0;0:0;0:0;0:0;0:0;0:0;0:0;0:0;', '0', '0', '5', '', '1', '1', '', '', '', '0', '0', '', '1', '0', '0', '0', '0', '', '0', '0');


# spawn tables inside prod ( 200050) and spawn deeds on em.

# gameobject deeds for table

DELETE FROM  `war_world`.`gameobject_protos` where entry in ('3100415',3100416);

INSERT INTO `war_world`.`gameobject_protos` (`Entry`, `Name`, `DisplayID`, `Scale`, `Level`, `Faction`, `HealthPoints`, `ScriptName`, `TokUnlock`, `Unks`, `Unk1`, `Unk2`, `Unk3`, `Unk4`, `CreatureId`, `CreatureCount`, `CreatureSpawnText`, `CreatureCooldownMinutes`, `IsAttackable`) VALUES ('3100415', 'Deeds of sturdy mount', '266', '50', '1', '0', '1', '', NULL, '7680 0 36997 32 6 2517', '0', '0', '100', '0', '0', '0', NULL, '0', '0');
INSERT INTO `war_world`.`gameobject_protos` (`Entry`, `Name`, `DisplayID`, `Scale`, `Level`, `Faction`, `HealthPoints`, `ScriptName`, `TokUnlock`, `Unks`, `Unk1`, `Unk2`, `Unk3`, `Unk4`, `CreatureId`, `CreatureCount`, `CreatureSpawnText`, `CreatureCooldownMinutes`, `IsAttackable`) VALUES ('3100416', 'Deeds of starter mount', '266', '50', '1', '0', '1', '', NULL, '7680 0 36997 32 6 2517', '0', '0', '100', '0', '0', '0', NULL, '0', '0');






