## Create vendor Order
delete from `war_world`.`creature_protos` where entry = 2500944
delete from `war_world`.`creature_protos` where entry = 2500943

INSERT INTO `war_world`.`creature_protos` (`Entry`, `Name`, `Model1`, `Model2`, `MinScale`, `MaxScale`, `MinLevel`, `MaxLevel`, `Faction`, `Ranged`, `Icone`, `Emote`, `Title`, `Unk`, `Unk1`, `Unk2`, `Unk3`, `Unk4`, `Unk5`, `Unk6`, `Flag`, `ScriptName`, `CreatureType`, `CreatureSubType`, `TokUnlock`, `LairBoss`, `VendorID`, `Career`, `PowerModifier`, `WoundsModifier`, `Invulnerable`, `WeaponDPS`, `ImmuneToCC`) VALUES ('2500944', 'Joachim Schonburg-Clauchau', '1218', '0', '50', '50', '40', '40', '69', '5', '18', '0', '161', '46', '0', '1000', '0', '0', '29044', '3', '41167342103391596', '', '16', '91', '', '0', '421', '0', '1.00', '1.00', '0', '0', '0');

INSERT INTO `war_world`.`creature_protos` (`Entry`, `Name`, `Model1`, `Model2`, `MinScale`, `MaxScale`, `MinLevel`, `MaxLevel`, `Faction`, `Ranged`, `Icone`, `Emote`, `Title`, `Unk`, `Unk1`, `Unk2`, `Unk3`, `Unk4`, `Unk5`, `Unk6`, `Flag`, `ScriptName`, `CreatureType`, `CreatureSubType`, `TokUnlock`, `LairBoss`, `VendorID`, `States`, `FigLeafData`, `BaseRadiusUnits`, `Career`, `PowerModifier`, `WoundsModifier`, `Invulnerable`, `WeaponDPS`, `ImmuneToCC`) VALUES('2500943','Ananke Darkweaver',27,0,52,52,40,40,130,5,0,0,10,0,0,0,0,0,0,0,'0','',0,0,'0',0,420,NULL,NULL,NULL,0,1.00,1.00,0,0,0);

INSERT INTO `war_world`.`creature_items` (`Entry`, `SlotId`, `ModelId`, `EffectId`, `PrimaryColor`, `SecondaryColor`) VALUES ('2500943', '10', '3260', '0', '0', '0');
INSERT INTO `war_world`.`creature_items` (`Entry`, `SlotId`, `ModelId`, `EffectId`, `PrimaryColor`, `SecondaryColor`) VALUES ('2500943', '11', '8369', '0', '0', '0');
INSERT INTO `war_world`.`creature_items` (`Entry`, `SlotId`, `ModelId`, `EffectId`, `PrimaryColor`, `SecondaryColor`) VALUES ('2500943', '20', '6053', '13312', '55', '55');
INSERT INTO `war_world`.`creature_items` (`Entry`, `SlotId`, `ModelId`, `EffectId`, `PrimaryColor`, `SecondaryColor`) VALUES ('2500943', '21', '7302', '0', '55', '55');
INSERT INTO `war_world`.`creature_items` (`Entry`, `SlotId`, `ModelId`, `EffectId`, `PrimaryColor`, `SecondaryColor`) VALUES ('2500943', '22', '7301', '0', '55', '55');
INSERT INTO `war_world`.`creature_items` (`Entry`, `SlotId`, `ModelId`, `EffectId`, `PrimaryColor`, `SecondaryColor`) VALUES ('2500943', '23', '5862', '0', '55', '55');
INSERT INTO `war_world`.`creature_items` (`Entry`, `SlotId`, `ModelId`, `EffectId`, `PrimaryColor`, `SecondaryColor`) VALUES ('2500943', '24', '2879', '0', '55', '55');
INSERT INTO `war_world`.`creature_items` (`Entry`, `SlotId`, `ModelId`, `EffectId`, `PrimaryColor`, `SecondaryColor`) VALUES ('2500943', '28', '6986', '0', '55', '55');

INSERT INTO `war_world`.`creature_items` (`Entry`, `SlotId`, `ModelId`, `EffectId`, `PrimaryColor`, `SecondaryColor`) VALUES ('2500944', '10', '1853', '0', '0', '0');
INSERT INTO `war_world`.`creature_items` (`Entry`, `SlotId`, `ModelId`, `EffectId`, `PrimaryColor`, `SecondaryColor`) VALUES ('2500944', '11', '1320', '0', '0', '0');
INSERT INTO `war_world`.`creature_items` (`Entry`, `SlotId`, `ModelId`, `EffectId`, `PrimaryColor`, `SecondaryColor`) VALUES ('2500944', '20', '7186', '0', '0', '0');
INSERT INTO `war_world`.`creature_items` (`Entry`, `SlotId`, `ModelId`, `EffectId`, `PrimaryColor`, `SecondaryColor`) VALUES ('2500944', '21', '7188', '0', '0', '0');
INSERT INTO `war_world`.`creature_items` (`Entry`, `SlotId`, `ModelId`, `EffectId`, `PrimaryColor`, `SecondaryColor`) VALUES ('2500944', '22', '7187', '0', '0', '0');
INSERT INTO `war_world`.`creature_items` (`Entry`, `SlotId`, `ModelId`, `EffectId`, `PrimaryColor`, `SecondaryColor`) VALUES ('2500944', '23', '7184', '0', '0', '0');
INSERT INTO `war_world`.`creature_items` (`Entry`, `SlotId`, `ModelId`, `EffectId`, `PrimaryColor`, `SecondaryColor`) VALUES ('2500944', '24', '7189', '0', '0', '0');
INSERT INTO `war_world`.`creature_items` (`Entry`, `SlotId`, `ModelId`, `EffectId`, `PrimaryColor`, `SecondaryColor`) VALUES ('2500944', '27', '7185', '0', '0', '0');
INSERT INTO `war_world`.`creature_items` (`Entry`, `SlotId`, `ModelId`, `EffectId`, `PrimaryColor`, `SecondaryColor`) VALUES ('2500944', '28', '7185', '0', '0', '0');

INSERT INTO `war_world`.`creature_spawns` (`Guid`, `Entry`, `ZoneId`, `WorldX`, `WorldY`, `WorldZ`, `WorldO`, `Icone`, `Emote`, `Faction`, `WaypointType`, `Level`, `Oid`, `RespawnMinutes`, `Enabled`) 
values (7034679,2500943,161,440506,152423,17380,2004,0,0,0,0,0,0,0,1);

INSERT INTO `war_world`.`creature_spawns` (`Guid`, `Entry`, `ZoneId`, `WorldX`, `WorldY`, `WorldZ`, `WorldO`, `Icone`, `Emote`, `Faction`, `WaypointType`, `Level`, `Oid`, `RespawnMinutes`, `Enabled`) 
values (7034680,2500944,162,117884,147777,13734,994,18,0,0,0,0,0,0,1);

insert into war_world.vendor_items (vendorid, itemid, price, reqitems, reqtokunlock, reqguildlvl) values ('420', '434912',0, '(1,208429)',0,0);
insert into war_world.vendor_items (vendorid, itemid, price, reqitems, reqtokunlock, reqguildlvl) values ('420', '434913',0, '(1,208429)',0,0);
insert into war_world.vendor_items (vendorid, itemid, price, reqitems, reqtokunlock, reqguildlvl) values ('420', '434914',0, '(1,208429)',0,0);
insert into war_world.vendor_items (vendorid, itemid, price, reqitems, reqtokunlock, reqguildlvl) values ('420', '434915',0, '(1,208429)',0,0);
insert into war_world.vendor_items (vendorid, itemid, price, reqitems, reqtokunlock, reqguildlvl) values ('420', '434916',0, '(1,208429)',0,0);
insert into war_world.vendor_items (vendorid, itemid, price, reqitems, reqtokunlock, reqguildlvl) values ('420', '434917',0, '(1,208429)',0,0);
insert into war_world.vendor_items (vendorid, itemid, price, reqitems, reqtokunlock, reqguildlvl) values ('420', '434918',0, '(1,208429)',0,0);
insert into war_world.vendor_items (vendorid, itemid, price, reqitems, reqtokunlock, reqguildlvl) values ('420', '434919',0, '(1,208429)',0,0);
insert into war_world.vendor_items (vendorid, itemid, price, reqitems, reqtokunlock, reqguildlvl) values ('420', '434920',0, '(1,208429)',0,0);
insert into war_world.vendor_items (vendorid, itemid, price, reqitems, reqtokunlock, reqguildlvl) values ('420', '434921',0, '(1,208429)',0,0);
insert into war_world.vendor_items (vendorid, itemid, price, reqitems, reqtokunlock, reqguildlvl) values ('420', '434922',0, '(1,208429)',0,0);
insert into war_world.vendor_items (vendorid, itemid, price, reqitems, reqtokunlock, reqguildlvl) values ('420', '434923',0, '(1,208429)',0,0);
insert into war_world.vendor_items (vendorid, itemid, price, reqitems, reqtokunlock, reqguildlvl) values ('420', '434924',0, '(1,208429)',0,0);
insert into war_world.vendor_items (vendorid, itemid, price, reqitems, reqtokunlock, reqguildlvl) values ('420', '434925',0, '(1,208429)',0,0);
insert into war_world.vendor_items (vendorid, itemid, price, reqitems, reqtokunlock, reqguildlvl) values ('420', '434926',0, '(1,208429)',0,0);
insert into war_world.vendor_items (vendorid, itemid, price, reqitems, reqtokunlock, reqguildlvl) values ('420', '434927',0, '(1,208429)',0,0);
insert into war_world.vendor_items (vendorid, itemid, price, reqitems, reqtokunlock, reqguildlvl) values ('420', '434928',0, '(1,208429)',0,0);
insert into war_world.vendor_items (vendorid, itemid, price, reqitems, reqtokunlock, reqguildlvl) values ('420', '434929',0, '(1,208429)',0,0);
insert into war_world.vendor_items (vendorid, itemid, price, reqitems, reqtokunlock, reqguildlvl) values ('420', '434930',0, '(1,208429)',0,0);
insert into war_world.vendor_items (vendorid, itemid, price, reqitems, reqtokunlock, reqguildlvl) values ('420', '434931',0, '(1,208429)',0,0);
insert into war_world.vendor_items (vendorid, itemid, price, reqitems, reqtokunlock, reqguildlvl) values ('420', '434932',0, '(1,208429)',0,0);
insert into war_world.vendor_items (vendorid, itemid, price, reqitems, reqtokunlock, reqguildlvl) values ('420', '434933',0, '(1,208429)',0,0);
insert into war_world.vendor_items (vendorid, itemid, price, reqitems, reqtokunlock, reqguildlvl) values ('420', '434934',0, '(1,208429)',0,0);
insert into war_world.vendor_items (vendorid, itemid, price, reqitems, reqtokunlock, reqguildlvl) values ('420', '434935',0, '(1,208429)',0,0);
insert into war_world.vendor_items (vendorid, itemid, price, reqitems, reqtokunlock, reqguildlvl) values ('420', '434936',0, '(1,208429)',0,0);
insert into war_world.vendor_items (vendorid, itemid, price, reqitems, reqtokunlock, reqguildlvl) values ('420', '434937',0, '(1,208429)',0,0);
insert into war_world.vendor_items (vendorid, itemid, price, reqitems, reqtokunlock, reqguildlvl) values ('420', '434938',0, '(1,208429)',0,0);
insert into war_world.vendor_items (vendorid, itemid, price, reqitems, reqtokunlock, reqguildlvl) values ('420', '434939',0, '(1,208429)',0,0);
insert into war_world.vendor_items (vendorid, itemid, price, reqitems, reqtokunlock, reqguildlvl) values ('420', '434940',0, '(1,208429)',0,0);
insert into war_world.vendor_items (vendorid, itemid, price, reqitems, reqtokunlock, reqguildlvl) values ('420', '434941',0, '(1,208429)',0,0);
insert into war_world.vendor_items (vendorid, itemid, price, reqitems, reqtokunlock, reqguildlvl) values ('420', '434942',0, '(1,208429)',0,0);
insert into war_world.vendor_items (vendorid, itemid, price, reqitems, reqtokunlock, reqguildlvl) values ('420', '434943',0, '(1,208429)',0,0);
insert into war_world.vendor_items (vendorid, itemid, price, reqitems, reqtokunlock, reqguildlvl) values ('420', '434944',0, '(1,208429)',0,0);
insert into war_world.vendor_items (vendorid, itemid, price, reqitems, reqtokunlock, reqguildlvl) values ('420', '434945',0, '(1,208429)',0,0);
insert into war_world.vendor_items (vendorid, itemid, price, reqitems, reqtokunlock, reqguildlvl) values ('420', '434946',0, '(1,208429)',0,0);
insert into war_world.vendor_items (vendorid, itemid, price, reqitems, reqtokunlock, reqguildlvl) values ('420', '434947',0, '(1,208429)',0,0);
insert into war_world.vendor_items (vendorid, itemid, price, reqitems, reqtokunlock, reqguildlvl) values ('420', '434948',0, '(1,208429)',0,0);
insert into war_world.vendor_items (vendorid, itemid, price, reqitems, reqtokunlock, reqguildlvl) values ('420', '434949',0, '(1,208429)',0,0);
insert into war_world.vendor_items (vendorid, itemid, price, reqitems, reqtokunlock, reqguildlvl) values ('420', '434950',0, '(1,208429)',0,0);
insert into war_world.vendor_items (vendorid, itemid, price, reqitems, reqtokunlock, reqguildlvl) values ('420', '434951',0, '(1,208429)',0,0);
insert into war_world.vendor_items (vendorid, itemid, price, reqitems, reqtokunlock, reqguildlvl) values ('420', '434952',0, '(1,208429)',0,0);
insert into war_world.vendor_items (vendorid, itemid, price, reqitems, reqtokunlock, reqguildlvl) values ('420', '434953',0, '(1,208429)',0,0);
insert into war_world.vendor_items (vendorid, itemid, price, reqitems, reqtokunlock, reqguildlvl) values ('420', '434954',0, '(1,208429)',0,0);
insert into war_world.vendor_items (vendorid, itemid, price, reqitems, reqtokunlock, reqguildlvl) values ('420', '434955',0, '(1,208429)',0,0);
insert into war_world.vendor_items (vendorid, itemid, price, reqitems, reqtokunlock, reqguildlvl) values ('420', '434956',0, '(1,208429)',0,0);
insert into war_world.vendor_items (vendorid, itemid, price, reqitems, reqtokunlock, reqguildlvl) values ('420', '434957',0, '(1,208429)',0,0);
insert into war_world.vendor_items (vendorid, itemid, price, reqitems, reqtokunlock, reqguildlvl) values ('420', '434958',0, '(1,208429)',0,0);
insert into war_world.vendor_items (vendorid, itemid, price, reqitems, reqtokunlock, reqguildlvl) values ('420', '434959',0, '(1,208429)',0,0);
insert into war_world.vendor_items (vendorid, itemid, price, reqitems, reqtokunlock, reqguildlvl) values ('420', '434960',0, '(1,208429)',0,0);
insert into war_world.vendor_items (vendorid, itemid, price, reqitems, reqtokunlock, reqguildlvl) values ('420', '434961',0, '(1,208429)',0,0);
insert into war_world.vendor_items (vendorid, itemid, price, reqitems, reqtokunlock, reqguildlvl) values ('420', '434962',0, '(1,208429)',0,0);
insert into war_world.vendor_items (vendorid, itemid, price, reqitems, reqtokunlock, reqguildlvl) values ('420', '434963',0, '(1,208429)',0,0);
insert into war_world.vendor_items (vendorid, itemid, price, reqitems, reqtokunlock, reqguildlvl) values ('420', '434964',0, '(1,208429)',0,0);
insert into war_world.vendor_items (vendorid, itemid, price, reqitems, reqtokunlock, reqguildlvl) values ('420', '434965',0, '(1,208429)',0,0);
insert into war_world.vendor_items (vendorid, itemid, price, reqitems, reqtokunlock, reqguildlvl) values ('420', '434966',0, '(1,208429)',0,0);
insert into war_world.vendor_items (vendorid, itemid, price, reqitems, reqtokunlock, reqguildlvl) values ('420', '434967',0, '(1,208429)',0,0);
insert into war_world.vendor_items (vendorid, itemid, price, reqitems, reqtokunlock, reqguildlvl) values ('420', '434968',0, '(1,208429)',0,0);
insert into war_world.vendor_items (vendorid, itemid, price, reqitems, reqtokunlock, reqguildlvl) values ('420', '434969',0, '(1,208429)',0,0);
insert into war_world.vendor_items (vendorid, itemid, price, reqitems, reqtokunlock, reqguildlvl) values ('420', '434970',0, '(1,208429)',0,0);
insert into war_world.vendor_items (vendorid, itemid, price, reqitems, reqtokunlock, reqguildlvl) values ('420', '434971',0, '(1,208429)',0,0);
insert into war_world.vendor_items (vendorid, itemid, price, reqitems, reqtokunlock, reqguildlvl) values ('420', '434972',0, '(1,208429)',0,0);
insert into war_world.vendor_items (vendorid, itemid, price, reqitems, reqtokunlock, reqguildlvl) values ('420', '434973',0, '(1,208429)',0,0);
insert into war_world.vendor_items (vendorid, itemid, price, reqitems, reqtokunlock, reqguildlvl) values ('420', '434974',0, '(1,208429)',0,0);
insert into war_world.vendor_items (vendorid, itemid, price, reqitems, reqtokunlock, reqguildlvl) values ('420', '434975',0, '(1,208429)',0,0);
insert into war_world.vendor_items (vendorid, itemid, price, reqitems, reqtokunlock, reqguildlvl) values ('420', '434976',0, '(1,208429)',0,0);
insert into war_world.vendor_items (vendorid, itemid, price, reqitems, reqtokunlock, reqguildlvl) values ('420', '434977',0, '(1,208429)',0,0);
insert into war_world.vendor_items (vendorid, itemid, price, reqitems, reqtokunlock, reqguildlvl) values ('420', '434978',0, '(1,208429)',0,0);
insert into war_world.vendor_items (vendorid, itemid, price, reqitems, reqtokunlock, reqguildlvl) values ('420', '434979',0, '(1,208429)',0,0);
insert into war_world.vendor_items (vendorid, itemid, price, reqitems, reqtokunlock, reqguildlvl) values ('420', '434980',0, '(1,208429)',0,0);
insert into war_world.vendor_items (vendorid, itemid, price, reqitems, reqtokunlock, reqguildlvl) values ('420', '434981',0, '(1,208429)',0,0);
insert into war_world.vendor_items (vendorid, itemid, price, reqitems, reqtokunlock, reqguildlvl) values ('420', '434982',0, '(1,208429)',0,0);
insert into war_world.vendor_items (vendorid, itemid, price, reqitems, reqtokunlock, reqguildlvl) values ('420', '434983',0, '(1,208429)',0,0);
insert into war_world.vendor_items (vendorid, itemid, price, reqitems, reqtokunlock, reqguildlvl) values ('420', '434984',0, '(1,208429)',0,0);
insert into war_world.vendor_items (vendorid, itemid, price, reqitems, reqtokunlock, reqguildlvl) values ('420', '434985',0, '(1,208429)',0,0);
insert into war_world.vendor_items (vendorid, itemid, price, reqitems, reqtokunlock, reqguildlvl) values ('420', '434986',0, '(1,208429)',0,0);
insert into war_world.vendor_items (vendorid, itemid, price, reqitems, reqtokunlock, reqguildlvl) values ('420', '434987',0, '(1,208429)',0,0);
insert into war_world.vendor_items (vendorid, itemid, price, reqitems, reqtokunlock, reqguildlvl) values ('420', '434988',0, '(1,208429)',0,0);
insert into war_world.vendor_items (vendorid, itemid, price, reqitems, reqtokunlock, reqguildlvl) values ('420', '434989',0, '(1,208429)',0,0);
insert into war_world.vendor_items (vendorid, itemid, price, reqitems, reqtokunlock, reqguildlvl) values ('420', '434990',0, '(1,208429)',0,0);
insert into war_world.vendor_items (vendorid, itemid, price, reqitems, reqtokunlock, reqguildlvl) values ('420', '434991',0, '(1,208429)',0,0);
insert into war_world.vendor_items (vendorid, itemid, price, reqitems, reqtokunlock, reqguildlvl) values ('420', '434992',0, '(1,208429)',0,0);
insert into war_world.vendor_items (vendorid, itemid, price, reqitems, reqtokunlock, reqguildlvl) values ('420', '434993',0, '(1,208429)',0,0);
insert into war_world.vendor_items (vendorid, itemid, price, reqitems, reqtokunlock, reqguildlvl) values ('420', '434994',0, '(1,208429)',0,0);
insert into war_world.vendor_items (vendorid, itemid, price, reqitems, reqtokunlock, reqguildlvl) values ('420', '434995',0, '(1,208429)',0,0);
insert into war_world.vendor_items (vendorid, itemid, price, reqitems, reqtokunlock, reqguildlvl) values ('420', '434996',0, '(1,208429)',0,0);
insert into war_world.vendor_items (vendorid, itemid, price, reqitems, reqtokunlock, reqguildlvl) values ('420', '434997',0, '(1,208429)',0,0);
insert into war_world.vendor_items (vendorid, itemid, price, reqitems, reqtokunlock, reqguildlvl) values ('420', '434998',0, '(1,208429)',0,0);
insert into war_world.vendor_items (vendorid, itemid, price, reqitems, reqtokunlock, reqguildlvl) values ('420', '434999',0, '(1,208429)',0,0);
insert into war_world.vendor_items (vendorid, itemid, price, reqitems, reqtokunlock, reqguildlvl) values ('420', '435000',0, '(1,208429)',0,0);
insert into war_world.vendor_items (vendorid, itemid, price, reqitems, reqtokunlock, reqguildlvl) values ('420', '435001',0, '(1,208429)',0,0);
insert into war_world.vendor_items (vendorid, itemid, price, reqitems, reqtokunlock, reqguildlvl) values ('420', '435002',0, '(1,208429)',0,0);
insert into war_world.vendor_items (vendorid, itemid, price, reqitems, reqtokunlock, reqguildlvl) values ('420', '435003',0, '(1,208429)',0,0);
insert into war_world.vendor_items (vendorid, itemid, price, reqitems, reqtokunlock, reqguildlvl) values ('420', '435004',0, '(1,208429)',0,0);
insert into war_world.vendor_items (vendorid, itemid, price, reqitems, reqtokunlock, reqguildlvl) values ('420', '435005',0, '(1,208429)',0,0);
insert into war_world.vendor_items (vendorid, itemid, price, reqitems, reqtokunlock, reqguildlvl) values ('420', '435006',0, '(1,208429)',0,0);
insert into war_world.vendor_items (vendorid, itemid, price, reqitems, reqtokunlock, reqguildlvl) values ('420', '435007',0, '(1,208429)',0,0);
insert into war_world.vendor_items (vendorid, itemid, price, reqitems, reqtokunlock, reqguildlvl) values ('420', '435008',0, '(1,208429)',0,0);
insert into war_world.vendor_items (vendorid, itemid, price, reqitems, reqtokunlock, reqguildlvl) values ('420', '435009',0, '(1,208429)',0,0);
insert into war_world.vendor_items (vendorid, itemid, price, reqitems, reqtokunlock, reqguildlvl) values ('420', '435010',0, '(1,208429)',0,0);
insert into war_world.vendor_items (vendorid, itemid, price, reqitems, reqtokunlock, reqguildlvl) values ('420', '435011',0, '(1,208429)',0,0);
insert into war_world.vendor_items (vendorid, itemid, price, reqitems, reqtokunlock, reqguildlvl) values ('420', '435012',0, '(1,208429)',0,0);
insert into war_world.vendor_items (vendorid, itemid, price, reqitems, reqtokunlock, reqguildlvl) values ('420', '435013',0, '(1,208429)',0,0);
insert into war_world.vendor_items (vendorid, itemid, price, reqitems, reqtokunlock, reqguildlvl) values ('420', '435014',0, '(1,208429)',0,0);
insert into war_world.vendor_items (vendorid, itemid, price, reqitems, reqtokunlock, reqguildlvl) values ('420', '435015',0, '(1,208429)',0,0);
insert into war_world.vendor_items (vendorid, itemid, price, reqitems, reqtokunlock, reqguildlvl) values ('420', '435016',0, '(1,208429)',0,0);
insert into war_world.vendor_items (vendorid, itemid, price, reqitems, reqtokunlock, reqguildlvl) values ('420', '435017',0, '(1,208429)',0,0);
insert into war_world.vendor_items (vendorid, itemid, price, reqitems, reqtokunlock, reqguildlvl) values ('420', '435018',0, '(1,208429)',0,0);
insert into war_world.vendor_items (vendorid, itemid, price, reqitems, reqtokunlock, reqguildlvl) values ('420', '435019',0, '(1,208429)',0,0);
insert into war_world.vendor_items (vendorid, itemid, price, reqitems, reqtokunlock, reqguildlvl) values ('420', '435020',0, '(1,208429)',0,0);
insert into war_world.vendor_items (vendorid, itemid, price, reqitems, reqtokunlock, reqguildlvl) values ('420', '435021',0, '(1,208429)',0,0);
insert into war_world.vendor_items (vendorid, itemid, price, reqitems, reqtokunlock, reqguildlvl) values ('420', '435022',0, '(1,208429)',0,0);
insert into war_world.vendor_items (vendorid, itemid, price, reqitems, reqtokunlock, reqguildlvl) values ('420', '435023',0, '(1,208429)',0,0);
insert into war_world.vendor_items (vendorid, itemid, price, reqitems, reqtokunlock, reqguildlvl) values ('420', '435024',0, '(1,208429)',0,0);
insert into war_world.vendor_items (vendorid, itemid, price, reqitems, reqtokunlock, reqguildlvl) values ('420', '435025',0, '(1,208429)',0,0);
insert into war_world.vendor_items (vendorid, itemid, price, reqitems, reqtokunlock, reqguildlvl) values ('420', '435026',0, '(1,208429)',0,0);
insert into war_world.vendor_items (vendorid, itemid, price, reqitems, reqtokunlock, reqguildlvl) values ('420', '435027',0, '(1,208429)',0,0);
insert into war_world.vendor_items (vendorid, itemid, price, reqitems, reqtokunlock, reqguildlvl) values ('420', '435028',0, '(1,208429)',0,0);
insert into war_world.vendor_items (vendorid, itemid, price, reqitems, reqtokunlock, reqguildlvl) values ('420', '435029',0, '(1,208429)',0,0);
insert into war_world.vendor_items (vendorid, itemid, price, reqitems, reqtokunlock, reqguildlvl) values ('420', '435030',0, '(1,208429)',0,0);
insert into war_world.vendor_items (vendorid, itemid, price, reqitems, reqtokunlock, reqguildlvl) values ('420', '435031',0, '(1,208429)',0,0);
insert into war_world.vendor_items (vendorid, itemid, price, reqitems, reqtokunlock, reqguildlvl) values ('420', '435032',0, '(1,208429)',0,0);
insert into war_world.vendor_items (vendorid, itemid, price, reqitems, reqtokunlock, reqguildlvl) values ('420', '435033',0, '(1,208429)',0,0);
insert into war_world.vendor_items (vendorid, itemid, price, reqitems, reqtokunlock, reqguildlvl) values ('420', '435034',0, '(1,208429)',0,0);
insert into war_world.vendor_items (vendorid, itemid, price, reqitems, reqtokunlock, reqguildlvl) values ('420', '435035',0, '(1,208429)',0,0);
insert into war_world.vendor_items (vendorid, itemid, price, reqitems, reqtokunlock, reqguildlvl) values ('420', '435036',0, '(1,208429)',0,0);
insert into war_world.vendor_items (vendorid, itemid, price, reqitems, reqtokunlock, reqguildlvl) values ('420', '435037',0, '(1,208429)',0,0);
insert into war_world.vendor_items (vendorid, itemid, price, reqitems, reqtokunlock, reqguildlvl) values ('420', '435038',0, '(1,208429)',0,0);
insert into war_world.vendor_items (vendorid, itemid, price, reqitems, reqtokunlock, reqguildlvl) values ('420', '435039',0, '(1,208429)',0,0);
insert into war_world.vendor_items (vendorid, itemid, price, reqitems, reqtokunlock, reqguildlvl) values ('420', '435040',0, '(1,208429)',0,0);
insert into war_world.vendor_items (vendorid, itemid, price, reqitems, reqtokunlock, reqguildlvl) values ('420', '435041',0, '(1,208429)',0,0);
insert into war_world.vendor_items (vendorid, itemid, price, reqitems, reqtokunlock, reqguildlvl) values ('420', '435042',0, '(1,208429)',0,0);
insert into war_world.vendor_items (vendorid, itemid, price, reqitems, reqtokunlock, reqguildlvl) values ('420', '435043',0, '(1,208429)',0,0);
insert into war_world.vendor_items (vendorid, itemid, price, reqitems, reqtokunlock, reqguildlvl) values ('420', '435044',0, '(1,208429)',0,0);
insert into war_world.vendor_items (vendorid, itemid, price, reqitems, reqtokunlock, reqguildlvl) values ('420', '435045',0, '(1,208429)',0,0);
insert into war_world.vendor_items (vendorid, itemid, price, reqitems, reqtokunlock, reqguildlvl) values ('420', '435046',0, '(1,208429)',0,0);
insert into war_world.vendor_items (vendorid, itemid, price, reqitems, reqtokunlock, reqguildlvl) values ('420', '435047',0, '(1,208429)',0,0);
insert into war_world.vendor_items (vendorid, itemid, price, reqitems, reqtokunlock, reqguildlvl) values ('420', '435048',0, '(1,208429)',0,0);
insert into war_world.vendor_items (vendorid, itemid, price, reqitems, reqtokunlock, reqguildlvl) values ('420', '435049',0, '(1,208429)',0,0);
insert into war_world.vendor_items (vendorid, itemid, price, reqitems, reqtokunlock, reqguildlvl) values ('420', '435050',0, '(1,208429)',0,0);
insert into war_world.vendor_items (vendorid, itemid, price, reqitems, reqtokunlock, reqguildlvl) values ('420', '435051',0, '(1,208429)',0,0);
insert into war_world.vendor_items (vendorid, itemid, price, reqitems, reqtokunlock, reqguildlvl) values ('420', '435052',0, '(1,208429)',0,0);
insert into war_world.vendor_items (vendorid, itemid, price, reqitems, reqtokunlock, reqguildlvl) values ('420', '435053',0, '(1,208429)',0,0);
insert into war_world.vendor_items (vendorid, itemid, price, reqitems, reqtokunlock, reqguildlvl) values ('420', '435054',0, '(1,208429)',0,0);
insert into war_world.vendor_items (vendorid, itemid, price, reqitems, reqtokunlock, reqguildlvl) values ('420', '435055',0, '(1,208429)',0,0);

insert into war_world.vendor_items (vendorid, itemid, price, reqitems, reqtokunlock, reqguildlvl) values ('421', '434912',0, '(1,208429)',0,0);
insert into war_world.vendor_items (vendorid, itemid, price, reqitems, reqtokunlock, reqguildlvl) values ('421', '434913',0, '(1,208429)',0,0);
insert into war_world.vendor_items (vendorid, itemid, price, reqitems, reqtokunlock, reqguildlvl) values ('421', '434914',0, '(1,208429)',0,0);
insert into war_world.vendor_items (vendorid, itemid, price, reqitems, reqtokunlock, reqguildlvl) values ('421', '434915',0, '(1,208429)',0,0);
insert into war_world.vendor_items (vendorid, itemid, price, reqitems, reqtokunlock, reqguildlvl) values ('421', '434916',0, '(1,208429)',0,0);
insert into war_world.vendor_items (vendorid, itemid, price, reqitems, reqtokunlock, reqguildlvl) values ('421', '434917',0, '(1,208429)',0,0);
insert into war_world.vendor_items (vendorid, itemid, price, reqitems, reqtokunlock, reqguildlvl) values ('421', '434918',0, '(1,208429)',0,0);
insert into war_world.vendor_items (vendorid, itemid, price, reqitems, reqtokunlock, reqguildlvl) values ('421', '434919',0, '(1,208429)',0,0);
insert into war_world.vendor_items (vendorid, itemid, price, reqitems, reqtokunlock, reqguildlvl) values ('421', '434920',0, '(1,208429)',0,0);
insert into war_world.vendor_items (vendorid, itemid, price, reqitems, reqtokunlock, reqguildlvl) values ('421', '434921',0, '(1,208429)',0,0);
insert into war_world.vendor_items (vendorid, itemid, price, reqitems, reqtokunlock, reqguildlvl) values ('421', '434922',0, '(1,208429)',0,0);
insert into war_world.vendor_items (vendorid, itemid, price, reqitems, reqtokunlock, reqguildlvl) values ('421', '434923',0, '(1,208429)',0,0);
insert into war_world.vendor_items (vendorid, itemid, price, reqitems, reqtokunlock, reqguildlvl) values ('421', '434924',0, '(1,208429)',0,0);
insert into war_world.vendor_items (vendorid, itemid, price, reqitems, reqtokunlock, reqguildlvl) values ('421', '434925',0, '(1,208429)',0,0);
insert into war_world.vendor_items (vendorid, itemid, price, reqitems, reqtokunlock, reqguildlvl) values ('421', '434926',0, '(1,208429)',0,0);
insert into war_world.vendor_items (vendorid, itemid, price, reqitems, reqtokunlock, reqguildlvl) values ('421', '434927',0, '(1,208429)',0,0);
insert into war_world.vendor_items (vendorid, itemid, price, reqitems, reqtokunlock, reqguildlvl) values ('421', '434928',0, '(1,208429)',0,0);
insert into war_world.vendor_items (vendorid, itemid, price, reqitems, reqtokunlock, reqguildlvl) values ('421', '434929',0, '(1,208429)',0,0);
insert into war_world.vendor_items (vendorid, itemid, price, reqitems, reqtokunlock, reqguildlvl) values ('421', '434930',0, '(1,208429)',0,0);
insert into war_world.vendor_items (vendorid, itemid, price, reqitems, reqtokunlock, reqguildlvl) values ('421', '434931',0, '(1,208429)',0,0);
insert into war_world.vendor_items (vendorid, itemid, price, reqitems, reqtokunlock, reqguildlvl) values ('421', '434932',0, '(1,208429)',0,0);
insert into war_world.vendor_items (vendorid, itemid, price, reqitems, reqtokunlock, reqguildlvl) values ('421', '434933',0, '(1,208429)',0,0);
insert into war_world.vendor_items (vendorid, itemid, price, reqitems, reqtokunlock, reqguildlvl) values ('421', '434934',0, '(1,208429)',0,0);
insert into war_world.vendor_items (vendorid, itemid, price, reqitems, reqtokunlock, reqguildlvl) values ('421', '434935',0, '(1,208429)',0,0);
insert into war_world.vendor_items (vendorid, itemid, price, reqitems, reqtokunlock, reqguildlvl) values ('421', '434936',0, '(1,208429)',0,0);
insert into war_world.vendor_items (vendorid, itemid, price, reqitems, reqtokunlock, reqguildlvl) values ('421', '434937',0, '(1,208429)',0,0);
insert into war_world.vendor_items (vendorid, itemid, price, reqitems, reqtokunlock, reqguildlvl) values ('421', '434938',0, '(1,208429)',0,0);
insert into war_world.vendor_items (vendorid, itemid, price, reqitems, reqtokunlock, reqguildlvl) values ('421', '434939',0, '(1,208429)',0,0);
insert into war_world.vendor_items (vendorid, itemid, price, reqitems, reqtokunlock, reqguildlvl) values ('421', '434940',0, '(1,208429)',0,0);
insert into war_world.vendor_items (vendorid, itemid, price, reqitems, reqtokunlock, reqguildlvl) values ('421', '434941',0, '(1,208429)',0,0);
insert into war_world.vendor_items (vendorid, itemid, price, reqitems, reqtokunlock, reqguildlvl) values ('421', '434942',0, '(1,208429)',0,0);
insert into war_world.vendor_items (vendorid, itemid, price, reqitems, reqtokunlock, reqguildlvl) values ('421', '434943',0, '(1,208429)',0,0);
insert into war_world.vendor_items (vendorid, itemid, price, reqitems, reqtokunlock, reqguildlvl) values ('421', '434944',0, '(1,208429)',0,0);
insert into war_world.vendor_items (vendorid, itemid, price, reqitems, reqtokunlock, reqguildlvl) values ('421', '434945',0, '(1,208429)',0,0);
insert into war_world.vendor_items (vendorid, itemid, price, reqitems, reqtokunlock, reqguildlvl) values ('421', '434946',0, '(1,208429)',0,0);
insert into war_world.vendor_items (vendorid, itemid, price, reqitems, reqtokunlock, reqguildlvl) values ('421', '434947',0, '(1,208429)',0,0);
insert into war_world.vendor_items (vendorid, itemid, price, reqitems, reqtokunlock, reqguildlvl) values ('421', '434948',0, '(1,208429)',0,0);
insert into war_world.vendor_items (vendorid, itemid, price, reqitems, reqtokunlock, reqguildlvl) values ('421', '434949',0, '(1,208429)',0,0);
insert into war_world.vendor_items (vendorid, itemid, price, reqitems, reqtokunlock, reqguildlvl) values ('421', '434950',0, '(1,208429)',0,0);
insert into war_world.vendor_items (vendorid, itemid, price, reqitems, reqtokunlock, reqguildlvl) values ('421', '434951',0, '(1,208429)',0,0);
insert into war_world.vendor_items (vendorid, itemid, price, reqitems, reqtokunlock, reqguildlvl) values ('421', '434952',0, '(1,208429)',0,0);
insert into war_world.vendor_items (vendorid, itemid, price, reqitems, reqtokunlock, reqguildlvl) values ('421', '434953',0, '(1,208429)',0,0);
insert into war_world.vendor_items (vendorid, itemid, price, reqitems, reqtokunlock, reqguildlvl) values ('421', '434954',0, '(1,208429)',0,0);
insert into war_world.vendor_items (vendorid, itemid, price, reqitems, reqtokunlock, reqguildlvl) values ('421', '434955',0, '(1,208429)',0,0);
insert into war_world.vendor_items (vendorid, itemid, price, reqitems, reqtokunlock, reqguildlvl) values ('421', '434956',0, '(1,208429)',0,0);
insert into war_world.vendor_items (vendorid, itemid, price, reqitems, reqtokunlock, reqguildlvl) values ('421', '434957',0, '(1,208429)',0,0);
insert into war_world.vendor_items (vendorid, itemid, price, reqitems, reqtokunlock, reqguildlvl) values ('421', '434958',0, '(1,208429)',0,0);
insert into war_world.vendor_items (vendorid, itemid, price, reqitems, reqtokunlock, reqguildlvl) values ('421', '434959',0, '(1,208429)',0,0);
insert into war_world.vendor_items (vendorid, itemid, price, reqitems, reqtokunlock, reqguildlvl) values ('421', '434960',0, '(1,208429)',0,0);
insert into war_world.vendor_items (vendorid, itemid, price, reqitems, reqtokunlock, reqguildlvl) values ('421', '434961',0, '(1,208429)',0,0);
insert into war_world.vendor_items (vendorid, itemid, price, reqitems, reqtokunlock, reqguildlvl) values ('421', '434962',0, '(1,208429)',0,0);
insert into war_world.vendor_items (vendorid, itemid, price, reqitems, reqtokunlock, reqguildlvl) values ('421', '434963',0, '(1,208429)',0,0);
insert into war_world.vendor_items (vendorid, itemid, price, reqitems, reqtokunlock, reqguildlvl) values ('421', '434964',0, '(1,208429)',0,0);
insert into war_world.vendor_items (vendorid, itemid, price, reqitems, reqtokunlock, reqguildlvl) values ('421', '434965',0, '(1,208429)',0,0);
insert into war_world.vendor_items (vendorid, itemid, price, reqitems, reqtokunlock, reqguildlvl) values ('421', '434966',0, '(1,208429)',0,0);
insert into war_world.vendor_items (vendorid, itemid, price, reqitems, reqtokunlock, reqguildlvl) values ('421', '434967',0, '(1,208429)',0,0);
insert into war_world.vendor_items (vendorid, itemid, price, reqitems, reqtokunlock, reqguildlvl) values ('421', '434968',0, '(1,208429)',0,0);
insert into war_world.vendor_items (vendorid, itemid, price, reqitems, reqtokunlock, reqguildlvl) values ('421', '434969',0, '(1,208429)',0,0);
insert into war_world.vendor_items (vendorid, itemid, price, reqitems, reqtokunlock, reqguildlvl) values ('421', '434970',0, '(1,208429)',0,0);
insert into war_world.vendor_items (vendorid, itemid, price, reqitems, reqtokunlock, reqguildlvl) values ('421', '434971',0, '(1,208429)',0,0);
insert into war_world.vendor_items (vendorid, itemid, price, reqitems, reqtokunlock, reqguildlvl) values ('421', '434972',0, '(1,208429)',0,0);
insert into war_world.vendor_items (vendorid, itemid, price, reqitems, reqtokunlock, reqguildlvl) values ('421', '434973',0, '(1,208429)',0,0);
insert into war_world.vendor_items (vendorid, itemid, price, reqitems, reqtokunlock, reqguildlvl) values ('421', '434974',0, '(1,208429)',0,0);
insert into war_world.vendor_items (vendorid, itemid, price, reqitems, reqtokunlock, reqguildlvl) values ('421', '434975',0, '(1,208429)',0,0);
insert into war_world.vendor_items (vendorid, itemid, price, reqitems, reqtokunlock, reqguildlvl) values ('421', '434976',0, '(1,208429)',0,0);
insert into war_world.vendor_items (vendorid, itemid, price, reqitems, reqtokunlock, reqguildlvl) values ('421', '434977',0, '(1,208429)',0,0);
insert into war_world.vendor_items (vendorid, itemid, price, reqitems, reqtokunlock, reqguildlvl) values ('421', '434978',0, '(1,208429)',0,0);
insert into war_world.vendor_items (vendorid, itemid, price, reqitems, reqtokunlock, reqguildlvl) values ('421', '434979',0, '(1,208429)',0,0);
insert into war_world.vendor_items (vendorid, itemid, price, reqitems, reqtokunlock, reqguildlvl) values ('421', '434980',0, '(1,208429)',0,0);
insert into war_world.vendor_items (vendorid, itemid, price, reqitems, reqtokunlock, reqguildlvl) values ('421', '434981',0, '(1,208429)',0,0);
insert into war_world.vendor_items (vendorid, itemid, price, reqitems, reqtokunlock, reqguildlvl) values ('421', '434982',0, '(1,208429)',0,0);
insert into war_world.vendor_items (vendorid, itemid, price, reqitems, reqtokunlock, reqguildlvl) values ('421', '434983',0, '(1,208429)',0,0);
insert into war_world.vendor_items (vendorid, itemid, price, reqitems, reqtokunlock, reqguildlvl) values ('421', '434984',0, '(1,208429)',0,0);
insert into war_world.vendor_items (vendorid, itemid, price, reqitems, reqtokunlock, reqguildlvl) values ('421', '434985',0, '(1,208429)',0,0);
insert into war_world.vendor_items (vendorid, itemid, price, reqitems, reqtokunlock, reqguildlvl) values ('421', '434986',0, '(1,208429)',0,0);
insert into war_world.vendor_items (vendorid, itemid, price, reqitems, reqtokunlock, reqguildlvl) values ('421', '434987',0, '(1,208429)',0,0);
insert into war_world.vendor_items (vendorid, itemid, price, reqitems, reqtokunlock, reqguildlvl) values ('421', '434988',0, '(1,208429)',0,0);
insert into war_world.vendor_items (vendorid, itemid, price, reqitems, reqtokunlock, reqguildlvl) values ('421', '434989',0, '(1,208429)',0,0);
insert into war_world.vendor_items (vendorid, itemid, price, reqitems, reqtokunlock, reqguildlvl) values ('421', '434990',0, '(1,208429)',0,0);
insert into war_world.vendor_items (vendorid, itemid, price, reqitems, reqtokunlock, reqguildlvl) values ('421', '434991',0, '(1,208429)',0,0);
insert into war_world.vendor_items (vendorid, itemid, price, reqitems, reqtokunlock, reqguildlvl) values ('421', '434992',0, '(1,208429)',0,0);
insert into war_world.vendor_items (vendorid, itemid, price, reqitems, reqtokunlock, reqguildlvl) values ('421', '434993',0, '(1,208429)',0,0);
insert into war_world.vendor_items (vendorid, itemid, price, reqitems, reqtokunlock, reqguildlvl) values ('421', '434994',0, '(1,208429)',0,0);
insert into war_world.vendor_items (vendorid, itemid, price, reqitems, reqtokunlock, reqguildlvl) values ('421', '434995',0, '(1,208429)',0,0);
insert into war_world.vendor_items (vendorid, itemid, price, reqitems, reqtokunlock, reqguildlvl) values ('421', '434996',0, '(1,208429)',0,0);
insert into war_world.vendor_items (vendorid, itemid, price, reqitems, reqtokunlock, reqguildlvl) values ('421', '434997',0, '(1,208429)',0,0);
insert into war_world.vendor_items (vendorid, itemid, price, reqitems, reqtokunlock, reqguildlvl) values ('421', '434998',0, '(1,208429)',0,0);
insert into war_world.vendor_items (vendorid, itemid, price, reqitems, reqtokunlock, reqguildlvl) values ('421', '434999',0, '(1,208429)',0,0);
insert into war_world.vendor_items (vendorid, itemid, price, reqitems, reqtokunlock, reqguildlvl) values ('421', '435000',0, '(1,208429)',0,0);
insert into war_world.vendor_items (vendorid, itemid, price, reqitems, reqtokunlock, reqguildlvl) values ('421', '435001',0, '(1,208429)',0,0);
insert into war_world.vendor_items (vendorid, itemid, price, reqitems, reqtokunlock, reqguildlvl) values ('421', '435002',0, '(1,208429)',0,0);
insert into war_world.vendor_items (vendorid, itemid, price, reqitems, reqtokunlock, reqguildlvl) values ('421', '435003',0, '(1,208429)',0,0);
insert into war_world.vendor_items (vendorid, itemid, price, reqitems, reqtokunlock, reqguildlvl) values ('421', '435004',0, '(1,208429)',0,0);
insert into war_world.vendor_items (vendorid, itemid, price, reqitems, reqtokunlock, reqguildlvl) values ('421', '435005',0, '(1,208429)',0,0);
insert into war_world.vendor_items (vendorid, itemid, price, reqitems, reqtokunlock, reqguildlvl) values ('421', '435006',0, '(1,208429)',0,0);
insert into war_world.vendor_items (vendorid, itemid, price, reqitems, reqtokunlock, reqguildlvl) values ('421', '435007',0, '(1,208429)',0,0);
insert into war_world.vendor_items (vendorid, itemid, price, reqitems, reqtokunlock, reqguildlvl) values ('421', '435008',0, '(1,208429)',0,0);
insert into war_world.vendor_items (vendorid, itemid, price, reqitems, reqtokunlock, reqguildlvl) values ('421', '435009',0, '(1,208429)',0,0);
insert into war_world.vendor_items (vendorid, itemid, price, reqitems, reqtokunlock, reqguildlvl) values ('421', '435010',0, '(1,208429)',0,0);
insert into war_world.vendor_items (vendorid, itemid, price, reqitems, reqtokunlock, reqguildlvl) values ('421', '435011',0, '(1,208429)',0,0);
insert into war_world.vendor_items (vendorid, itemid, price, reqitems, reqtokunlock, reqguildlvl) values ('421', '435012',0, '(1,208429)',0,0);
insert into war_world.vendor_items (vendorid, itemid, price, reqitems, reqtokunlock, reqguildlvl) values ('421', '435013',0, '(1,208429)',0,0);
insert into war_world.vendor_items (vendorid, itemid, price, reqitems, reqtokunlock, reqguildlvl) values ('421', '435014',0, '(1,208429)',0,0);
insert into war_world.vendor_items (vendorid, itemid, price, reqitems, reqtokunlock, reqguildlvl) values ('421', '435015',0, '(1,208429)',0,0);
insert into war_world.vendor_items (vendorid, itemid, price, reqitems, reqtokunlock, reqguildlvl) values ('421', '435016',0, '(1,208429)',0,0);
insert into war_world.vendor_items (vendorid, itemid, price, reqitems, reqtokunlock, reqguildlvl) values ('421', '435017',0, '(1,208429)',0,0);
insert into war_world.vendor_items (vendorid, itemid, price, reqitems, reqtokunlock, reqguildlvl) values ('421', '435018',0, '(1,208429)',0,0);
insert into war_world.vendor_items (vendorid, itemid, price, reqitems, reqtokunlock, reqguildlvl) values ('421', '435019',0, '(1,208429)',0,0);
insert into war_world.vendor_items (vendorid, itemid, price, reqitems, reqtokunlock, reqguildlvl) values ('421', '435020',0, '(1,208429)',0,0);
insert into war_world.vendor_items (vendorid, itemid, price, reqitems, reqtokunlock, reqguildlvl) values ('421', '435021',0, '(1,208429)',0,0);
insert into war_world.vendor_items (vendorid, itemid, price, reqitems, reqtokunlock, reqguildlvl) values ('421', '435022',0, '(1,208429)',0,0);
insert into war_world.vendor_items (vendorid, itemid, price, reqitems, reqtokunlock, reqguildlvl) values ('421', '435023',0, '(1,208429)',0,0);
insert into war_world.vendor_items (vendorid, itemid, price, reqitems, reqtokunlock, reqguildlvl) values ('421', '435024',0, '(1,208429)',0,0);
insert into war_world.vendor_items (vendorid, itemid, price, reqitems, reqtokunlock, reqguildlvl) values ('421', '435025',0, '(1,208429)',0,0);
insert into war_world.vendor_items (vendorid, itemid, price, reqitems, reqtokunlock, reqguildlvl) values ('421', '435026',0, '(1,208429)',0,0);
insert into war_world.vendor_items (vendorid, itemid, price, reqitems, reqtokunlock, reqguildlvl) values ('421', '435027',0, '(1,208429)',0,0);
insert into war_world.vendor_items (vendorid, itemid, price, reqitems, reqtokunlock, reqguildlvl) values ('421', '435028',0, '(1,208429)',0,0);
insert into war_world.vendor_items (vendorid, itemid, price, reqitems, reqtokunlock, reqguildlvl) values ('421', '435029',0, '(1,208429)',0,0);
insert into war_world.vendor_items (vendorid, itemid, price, reqitems, reqtokunlock, reqguildlvl) values ('421', '435030',0, '(1,208429)',0,0);
insert into war_world.vendor_items (vendorid, itemid, price, reqitems, reqtokunlock, reqguildlvl) values ('421', '435031',0, '(1,208429)',0,0);
insert into war_world.vendor_items (vendorid, itemid, price, reqitems, reqtokunlock, reqguildlvl) values ('421', '435032',0, '(1,208429)',0,0);
insert into war_world.vendor_items (vendorid, itemid, price, reqitems, reqtokunlock, reqguildlvl) values ('421', '435033',0, '(1,208429)',0,0);
insert into war_world.vendor_items (vendorid, itemid, price, reqitems, reqtokunlock, reqguildlvl) values ('421', '435034',0, '(1,208429)',0,0);
insert into war_world.vendor_items (vendorid, itemid, price, reqitems, reqtokunlock, reqguildlvl) values ('421', '435035',0, '(1,208429)',0,0);
insert into war_world.vendor_items (vendorid, itemid, price, reqitems, reqtokunlock, reqguildlvl) values ('421', '435036',0, '(1,208429)',0,0);
insert into war_world.vendor_items (vendorid, itemid, price, reqitems, reqtokunlock, reqguildlvl) values ('421', '435037',0, '(1,208429)',0,0);
insert into war_world.vendor_items (vendorid, itemid, price, reqitems, reqtokunlock, reqguildlvl) values ('421', '435038',0, '(1,208429)',0,0);
insert into war_world.vendor_items (vendorid, itemid, price, reqitems, reqtokunlock, reqguildlvl) values ('421', '435039',0, '(1,208429)',0,0);
insert into war_world.vendor_items (vendorid, itemid, price, reqitems, reqtokunlock, reqguildlvl) values ('421', '435040',0, '(1,208429)',0,0);
insert into war_world.vendor_items (vendorid, itemid, price, reqitems, reqtokunlock, reqguildlvl) values ('421', '435041',0, '(1,208429)',0,0);
insert into war_world.vendor_items (vendorid, itemid, price, reqitems, reqtokunlock, reqguildlvl) values ('421', '435042',0, '(1,208429)',0,0);
insert into war_world.vendor_items (vendorid, itemid, price, reqitems, reqtokunlock, reqguildlvl) values ('421', '435043',0, '(1,208429)',0,0);
insert into war_world.vendor_items (vendorid, itemid, price, reqitems, reqtokunlock, reqguildlvl) values ('421', '435044',0, '(1,208429)',0,0);
insert into war_world.vendor_items (vendorid, itemid, price, reqitems, reqtokunlock, reqguildlvl) values ('421', '435045',0, '(1,208429)',0,0);
insert into war_world.vendor_items (vendorid, itemid, price, reqitems, reqtokunlock, reqguildlvl) values ('421', '435046',0, '(1,208429)',0,0);
insert into war_world.vendor_items (vendorid, itemid, price, reqitems, reqtokunlock, reqguildlvl) values ('421', '435047',0, '(1,208429)',0,0);
insert into war_world.vendor_items (vendorid, itemid, price, reqitems, reqtokunlock, reqguildlvl) values ('421', '435048',0, '(1,208429)',0,0);
insert into war_world.vendor_items (vendorid, itemid, price, reqitems, reqtokunlock, reqguildlvl) values ('421', '435049',0, '(1,208429)',0,0);
insert into war_world.vendor_items (vendorid, itemid, price, reqitems, reqtokunlock, reqguildlvl) values ('421', '435050',0, '(1,208429)',0,0);
insert into war_world.vendor_items (vendorid, itemid, price, reqitems, reqtokunlock, reqguildlvl) values ('421', '435051',0, '(1,208429)',0,0);
insert into war_world.vendor_items (vendorid, itemid, price, reqitems, reqtokunlock, reqguildlvl) values ('421', '435052',0, '(1,208429)',0,0);
insert into war_world.vendor_items (vendorid, itemid, price, reqitems, reqtokunlock, reqguildlvl) values ('421', '435053',0, '(1,208429)',0,0);
insert into war_world.vendor_items (vendorid, itemid, price, reqitems, reqtokunlock, reqguildlvl) values ('421', '435054',0, '(1,208429)',0,0);
insert into war_world.vendor_items (vendorid, itemid, price, reqitems, reqtokunlock, reqguildlvl) values ('421', '435055',0, '(1,208429)',0,0);



