/*
	V1.0 Baseversion
*/
/* Stonewatch - Deleting new NPC to avoid duplicate Entrys */
DELETE FROM `war_world`.`creature_protos` WHERE (`Entry` = '1035555');
DELETE FROM `war_world`.`creature_protos` WHERE (`Entry` = '1035556');
DELETE FROM `war_world`.`creature_protos` WHERE (`Entry` = '1035557');
DELETE FROM `war_world`.`creature_protos` WHERE (`Entry` = '1035558');
DELETE FROM `war_world`.`creature_protos` WHERE (`Entry` = '1035559');
DELETE FROM `war_world`.`creature_protos` WHERE (`Entry` = '1035560');
DELETE FROM `war_world`.`creature_protos` WHERE (`Entry` = '1035561');
DELETE FROM `war_world`.`creature_protos` WHERE (`Entry` = '1035562');
DELETE FROM `war_world`.`creature_protos` WHERE (`Entry` = '1035563');
DELETE FROM `war_world`.`creature_protos` WHERE (`Entry` = '1035564');
DELETE FROM `war_world`.`creature_protos` WHERE (`Entry` = '1035565');
/* Stonewatch - Generating new NPC */
INSERT INTO `war_world`.`creature_protos` (`Entry`, `Name`, `Model1`, `Model2`, `MinScale`, `MaxScale`, `MinLevel`, `MaxLevel`, `Faction`, `Ranged`, `Icone`, `Emote`, `Title`, `Unk`, `Unk1`, `Unk2`, `Unk3`, `Unk4`, `Unk5`, `Unk6`, `Flag`, `ScriptName`, `CreatureType`, `CreatureSubType`, `TokUnlock`, `LairBoss`, `VendorID`, `States`, `FigLeafData`, `Career`, `PowerModifier`, `WoundsModifier`, `Invulnerable`, `WeaponDPS`, `ImmuneToCC`) VALUES ('1035555', 'Stone Ironfist', '18', '0', '52', '55', '40', '40', '69', '5', '18', '0', '0', '46', '0', '1002', '0', '1', '5867', '3', '32631137255106568', '', '13', '71', '0', '0', '0', '29', '9 11 4 7 2 4 5 3 1 0 0 0 0 0 0 1 10', '0', '1.00', '1.00', '0', '0', '0');
INSERT INTO `war_world`.`creature_protos` (`Entry`, `Name`, `Model1`, `Model2`, `MinScale`, `MaxScale`, `MinLevel`, `MaxLevel`, `Faction`, `Ranged`, `Icone`, `Emote`, `Title`, `Unk`, `Unk1`, `Unk2`, `Unk3`, `Unk4`, `Unk5`, `Unk6`, `Flag`, `ScriptName`, `CreatureType`, `CreatureSubType`, `TokUnlock`, `LairBoss`, `VendorID`, `Career`, `PowerModifier`, `WoundsModifier`, `Invulnerable`, `WeaponDPS`, `ImmuneToCC`) VALUES ('1035556', 'Stone Fearbringer', '1109', '0', '50', '52', '40', '40', '67', '5', '24', '0', '0', '9', '0', '1000', '0', '0', '8865', '2', '56261174059153946', '', '13', '71', '0', '0', '0', '0', '1.00', '1.00', '0', '0', '0');
INSERT INTO `war_world`.`creature_protos` (`Entry`, `Name`, `Model1`, `Model2`, `MinScale`, `MaxScale`, `MinLevel`, `MaxLevel`, `Faction`, `Ranged`, `Icone`, `Emote`, `Title`, `Unk`, `Unk1`, `Unk2`, `Unk3`, `Unk4`, `Unk5`, `Unk6`, `Flag`, `ScriptName`, `CreatureType`, `CreatureSubType`, `TokUnlock`, `LairBoss`, `VendorID`, `Career`, `PowerModifier`, `WoundsModifier`, `Invulnerable`, `WeaponDPS`, `ImmuneToCC`) VALUES ('1035557', 'Stone Bloodspiller', '1109', '0', '50', '55', '40', '40', '67', '5', '24', '0', '0', '17', '0', '1000', '0', '0', '8865', '3', '46690633992714778', '', '13', '71', '0', '0', '0', '0', '1.00', '1.00', '0', '0', '0');
INSERT INTO `war_world`.`creature_protos` (`Entry`, `Name`, `Model1`, `Model2`, `MinScale`, `MaxScale`, `MinLevel`, `MaxLevel`, `Faction`, `Ranged`, `Icone`, `Emote`, `Title`, `Unk`, `Unk1`, `Unk2`, `Unk3`, `Unk4`, `Unk5`, `Unk6`, `Flag`, `ScriptName`, `CreatureType`, `CreatureSubType`, `TokUnlock`, `LairBoss`, `VendorID`, `Career`, `PowerModifier`, `WoundsModifier`, `Invulnerable`, `WeaponDPS`, `ImmuneToCC`) VALUES ('1035558', 'Stone Ranger', '1214', '1214', '50', '50', '40', '40', '67', '35', '26', '0', '0', '37', '0', '1000', '0', '0', '8873', '7', '14021132965722388', '', '13', '66', '0', '0', '0', '0', '1.00', '1.00', '0', '0', '0');
INSERT INTO `war_world`.`creature_protos` (`Entry`, `Name`, `Model1`, `Model2`, `MinScale`, `MaxScale`, `MinLevel`, `MaxLevel`, `Faction`, `Ranged`, `Icone`, `Emote`, `Title`, `Unk`, `Unk1`, `Unk2`, `Unk3`, `Unk4`, `Unk5`, `Unk6`, `Flag`, `ScriptName`, `CreatureType`, `CreatureSubType`, `TokUnlock`, `LairBoss`, `VendorID`, `FigLeafData`, `Career`, `PowerModifier`, `WoundsModifier`, `Invulnerable`, `WeaponDPS`, `ImmuneToCC`) VALUES ('1035559', 'Stone Striker', '1214', '1215', '50', '55', '40', '40', '67', '5', '18', '0', '0', '49', '0', '1000', '0', '0', '10101', '5', '54634878155827496', '', '13', '66', '0', '0', '0', '0 0 0 3 1 10\r', '0', '1.00', '1.00', '0', '0', '0');
INSERT INTO `war_world`.`creature_protos` (`Entry`, `Name`, `Model1`, `Model2`, `MinScale`, `MaxScale`, `MinLevel`, `MaxLevel`, `Faction`, `Ranged`, `Icone`, `Emote`, `Title`, `Unk`, `Unk1`, `Unk2`, `Unk3`, `Unk4`, `Unk5`, `Unk6`, `Flag`, `ScriptName`, `CreatureType`, `CreatureSubType`, `TokUnlock`, `LairBoss`, `VendorID`, `Career`, `PowerModifier`, `WoundsModifier`, `Invulnerable`, `WeaponDPS`, `ImmuneToCC`) VALUES ('1035560', 'Stone Priest', '1214', '0', '50', '50', '40', '40', '67', '5', '26', '0', '0', '51', '0', '1000', '0', '0', '5249', '5', '59725519885505800', '', '13', '66', '0', '0', '0', '0', '1.00', '1.00', '0', '0', '0');
INSERT INTO `war_world`.`creature_protos` (`Entry`, `Name`, `Model1`, `Model2`, `MinScale`, `MaxScale`, `MinLevel`, `MaxLevel`, `Faction`, `Ranged`, `Icone`, `Emote`, `Title`, `Unk`, `Unk1`, `Unk2`, `Unk3`, `Unk4`, `Unk5`, `Unk6`, `Flag`, `ScriptName`, `CreatureType`, `CreatureSubType`, `TokUnlock`, `LairBoss`, `VendorID`, `Career`, `PowerModifier`, `WoundsModifier`, `Invulnerable`, `WeaponDPS`, `ImmuneToCC`) VALUES ('1035561', 'Stone Veteran', '1215', '1214', '50', '50', '40', '40', '67', '35', '20', '0', '0', '49', '0', '1000', '0', '0', '9156', '2', '21438008386464200', '', '13', '66', '0', '0', '0', '0', '1.00', '1.00', '0', '0', '0');
INSERT INTO `war_world`.`creature_protos` (`Entry`, `Name`, `Model1`, `Model2`, `MinScale`, `MaxScale`, `MinLevel`, `MaxLevel`, `Faction`, `Ranged`, `Icone`, `Emote`, `Title`, `Unk`, `Unk1`, `Unk2`, `Unk3`, `Unk4`, `Unk5`, `Unk6`, `Flag`, `ScriptName`, `CreatureType`, `CreatureSubType`, `TokUnlock`, `LairBoss`, `VendorID`, `Career`, `PowerModifier`, `WoundsModifier`, `Invulnerable`, `WeaponDPS`, `ImmuneToCC`) VALUES ('1035562', 'Stone Hammerer', '1215', '1214', '50', '50', '40', '40', '67', '5', '24', '0', '0', '33', '0', '1000', '0', '0', '8873', '6', '9236724080654612', '', '13', '66', '0', '0', '0', '0', '1.00', '1.00', '0', '0', '0');
INSERT INTO `war_world`.`creature_protos` (`Entry`, `Name`, `Model1`, `Model2`, `MinScale`, `MaxScale`, `MinLevel`, `MaxLevel`, `Faction`, `Ranged`, `Icone`, `Emote`, `Title`, `Unk`, `Unk1`, `Unk2`, `Unk3`, `Unk4`, `Unk5`, `Unk6`, `Flag`, `ScriptName`, `CreatureType`, `CreatureSubType`, `TokUnlock`, `LairBoss`, `VendorID`, `Career`, `PowerModifier`, `WoundsModifier`, `Invulnerable`, `WeaponDPS`, `ImmuneToCC`) VALUES ('1035563', 'Stone Ironbreaker', '1214', '1215', '50', '50', '40', '40', '67', '5', '24', '0', '0', '33', '0', '1000', '0', '0', '8889', '1', '40198146927573268', '', '13', '66', '0', '0', '0', '0', '1.00', '1.00', '0', '0', '0');
INSERT INTO `war_world`.`creature_protos` (`Entry`, `Name`, `Model1`, `Model2`, `MinScale`, `MaxScale`, `MinLevel`, `MaxLevel`, `Faction`, `Ranged`, `Icone`, `Emote`, `Title`, `Unk`, `Unk1`, `Unk2`, `Unk3`, `Unk4`, `Unk5`, `Unk6`, `Flag`, `ScriptName`, `CreatureType`, `CreatureSubType`, `TokUnlock`, `LairBoss`, `VendorID`, `Career`, `PowerModifier`, `WoundsModifier`, `Invulnerable`, `WeaponDPS`, `ImmuneToCC`) VALUES ('1035564', 'Stone Flame Blast Turret', '1210', '0', '52', '52', '40', '40', '67', '5', '18', '0', '0', '9', '0', '1000', '0', '0', '3979', '0', '48343845380953323', '', '0', '0', '0', '0', '0', '0', '1.00', '1.00', '0', '0', '0');
INSERT INTO `war_world`.`creature_protos` (`Entry`, `Name`, `Model1`, `Model2`, `MinScale`, `MaxScale`, `MinLevel`, `MaxLevel`, `Faction`, `Ranged`, `Icone`, `Emote`, `Title`, `Unk`, `Unk1`, `Unk2`, `Unk3`, `Unk4`, `Unk5`, `Unk6`, `Flag`, `ScriptName`, `CreatureType`, `CreatureSubType`, `TokUnlock`, `LairBoss`, `VendorID`, `Career`, `PowerModifier`, `WoundsModifier`, `Invulnerable`, `WeaponDPS`, `ImmuneToCC`) VALUES ('1035565', 'Stone Bombardment Turret', '146', '0', '50', '50', '40', '40', '67', '65', '58', '0', '0', '53', '0', '0', '0', '0', '0', '0', '63627527946086', '', '0', '0', '0', '0', '0', '0', '1.00', '1.00', '0', '0', '0');
/* Stonewatch - Deleting new NPC Equip/Look - Avoiding duplicate Entrys */
DELETE FROM `war_world`.`creature_items` WHERE (`Entry` = '1035555') and (`SlotId` = '10');
DELETE FROM `war_world`.`creature_items` WHERE (`Entry` = '1035555') and (`SlotId` = '20');
DELETE FROM `war_world`.`creature_items` WHERE (`Entry` = '1035555') and (`SlotId` = '21');
DELETE FROM `war_world`.`creature_items` WHERE (`Entry` = '1035555') and (`SlotId` = '22');
DELETE FROM `war_world`.`creature_items` WHERE (`Entry` = '1035555') and (`SlotId` = '23');
DELETE FROM `war_world`.`creature_items` WHERE (`Entry` = '1035555') and (`SlotId` = '24');
DELETE FROM `war_world`.`creature_items` WHERE (`Entry` = '1035555') and (`SlotId` = '26');
DELETE FROM `war_world`.`creature_items` WHERE (`Entry` = '1035555') and (`SlotId` = '27');
DELETE FROM `war_world`.`creature_items` WHERE (`Entry` = '1035555') and (`SlotId` = '28');
DELETE FROM `war_world`.`creature_items` WHERE (`Entry` = '1035556') and (`SlotId` = '10');
DELETE FROM `war_world`.`creature_items` WHERE (`Entry` = '1035557') and (`SlotId` = '10');
DELETE FROM `war_world`.`creature_items` WHERE (`Entry` = '1035557') and (`SlotId` = '11');
DELETE FROM `war_world`.`creature_items` WHERE (`Entry` = '1035557') and (`SlotId` = '22');
DELETE FROM `war_world`.`creature_items` WHERE (`Entry` = '1035558') and (`SlotId` = '10');
DELETE FROM `war_world`.`creature_items` WHERE (`Entry` = '1035558') and (`SlotId` = '12');
DELETE FROM `war_world`.`creature_items` WHERE (`Entry` = '1035558') and (`SlotId` = '20');
DELETE FROM `war_world`.`creature_items` WHERE (`Entry` = '1035558') and (`SlotId` = '21');
DELETE FROM `war_world`.`creature_items` WHERE (`Entry` = '1035558') and (`SlotId` = '22');
DELETE FROM `war_world`.`creature_items` WHERE (`Entry` = '1035558') and (`SlotId` = '23');
DELETE FROM `war_world`.`creature_items` WHERE (`Entry` = '1035558') and (`SlotId` = '24');
DELETE FROM `war_world`.`creature_items` WHERE (`Entry` = '1035558') and (`SlotId` = '27');
DELETE FROM `war_world`.`creature_items` WHERE (`Entry` = '1035558') and (`SlotId` = '28');
DELETE FROM `war_world`.`creature_items` WHERE (`Entry` = '1035559') and (`SlotId` = '10');
DELETE FROM `war_world`.`creature_items` WHERE (`Entry` = '1035559') and (`SlotId` = '11');
DELETE FROM `war_world`.`creature_items` WHERE (`Entry` = '1035559') and (`SlotId` = '20');
DELETE FROM `war_world`.`creature_items` WHERE (`Entry` = '1035559') and (`SlotId` = '21');
DELETE FROM `war_world`.`creature_items` WHERE (`Entry` = '1035559') and (`SlotId` = '22');
DELETE FROM `war_world`.`creature_items` WHERE (`Entry` = '1035559') and (`SlotId` = '23');
DELETE FROM `war_world`.`creature_items` WHERE (`Entry` = '1035559') and (`SlotId` = '24');
DELETE FROM `war_world`.`creature_items` WHERE (`Entry` = '1035559') and (`SlotId` = '28');
DELETE FROM `war_world`.`creature_items` WHERE (`Entry` = '1035560') and (`SlotId` = '10');
DELETE FROM `war_world`.`creature_items` WHERE (`Entry` = '1035560') and (`SlotId` = '20');
DELETE FROM `war_world`.`creature_items` WHERE (`Entry` = '1035560') and (`SlotId` = '21');
DELETE FROM `war_world`.`creature_items` WHERE (`Entry` = '1035560') and (`SlotId` = '22');
DELETE FROM `war_world`.`creature_items` WHERE (`Entry` = '1035560') and (`SlotId` = '23');
DELETE FROM `war_world`.`creature_items` WHERE (`Entry` = '1035560') and (`SlotId` = '24');
DELETE FROM `war_world`.`creature_items` WHERE (`Entry` = '1035560') and (`SlotId` = '25');
DELETE FROM `war_world`.`creature_items` WHERE (`Entry` = '1035560') and (`SlotId` = '28');
DELETE FROM `war_world`.`creature_items` WHERE (`Entry` = '1035561') and (`SlotId` = '10');
DELETE FROM `war_world`.`creature_items` WHERE (`Entry` = '1035561') and (`SlotId` = '12');
DELETE FROM `war_world`.`creature_items` WHERE (`Entry` = '1035561') and (`SlotId` = '20');
DELETE FROM `war_world`.`creature_items` WHERE (`Entry` = '1035561') and (`SlotId` = '21');
DELETE FROM `war_world`.`creature_items` WHERE (`Entry` = '1035561') and (`SlotId` = '22');
DELETE FROM `war_world`.`creature_items` WHERE (`Entry` = '1035561') and (`SlotId` = '24');
DELETE FROM `war_world`.`creature_items` WHERE (`Entry` = '1035561') and (`SlotId` = '25');
DELETE FROM `war_world`.`creature_items` WHERE (`Entry` = '1035561') and (`SlotId` = '28');
DELETE FROM `war_world`.`creature_items` WHERE (`Entry` = '1035562') and (`SlotId` = '10');
DELETE FROM `war_world`.`creature_items` WHERE (`Entry` = '1035562') and (`SlotId` = '20');
DELETE FROM `war_world`.`creature_items` WHERE (`Entry` = '1035562') and (`SlotId` = '21');
DELETE FROM `war_world`.`creature_items` WHERE (`Entry` = '1035562') and (`SlotId` = '22');
DELETE FROM `war_world`.`creature_items` WHERE (`Entry` = '1035562') and (`SlotId` = '23');
DELETE FROM `war_world`.`creature_items` WHERE (`Entry` = '1035562') and (`SlotId` = '24');
DELETE FROM `war_world`.`creature_items` WHERE (`Entry` = '1035562') and (`SlotId` = '28');
DELETE FROM `war_world`.`creature_items` WHERE (`Entry` = '1035563') and (`SlotId` = '10');
DELETE FROM `war_world`.`creature_items` WHERE (`Entry` = '1035563') and (`SlotId` = '11');
DELETE FROM `war_world`.`creature_items` WHERE (`Entry` = '1035563') and (`SlotId` = '20');
DELETE FROM `war_world`.`creature_items` WHERE (`Entry` = '1035563') and (`SlotId` = '21');
DELETE FROM `war_world`.`creature_items` WHERE (`Entry` = '1035563') and (`SlotId` = '22');
DELETE FROM `war_world`.`creature_items` WHERE (`Entry` = '1035563') and (`SlotId` = '23');
DELETE FROM `war_world`.`creature_items` WHERE (`Entry` = '1035563') and (`SlotId` = '24');
DELETE FROM `war_world`.`creature_items` WHERE (`Entry` = '1035563') and (`SlotId` = '28');
DELETE FROM `war_world`.`creature_items` WHERE (`Entry` = '1035564') and (`SlotId` = '10');
DELETE FROM `war_world`.`creature_items` WHERE (`Entry` = '1035565') and (`SlotId` = '12');
/* Stonewatch - Generating new NPC Equip/Look */
INSERT INTO `war_world`.`creature_items` (`Entry`, `SlotId`, `ModelId`, `EffectId`, `PrimaryColor`, `SecondaryColor`) VALUES ('1035555', '10', '9140', '0', '0', '0');
INSERT INTO `war_world`.`creature_items` (`Entry`, `SlotId`, `ModelId`, `EffectId`, `PrimaryColor`, `SecondaryColor`) VALUES ('1035555', '20', '2109', '0', '67', '310');
INSERT INTO `war_world`.`creature_items` (`Entry`, `SlotId`, `ModelId`, `EffectId`, `PrimaryColor`, `SecondaryColor`) VALUES ('1035555', '21', '7242', '0', '0', '0');
INSERT INTO `war_world`.`creature_items` (`Entry`, `SlotId`, `ModelId`, `EffectId`, `PrimaryColor`, `SecondaryColor`) VALUES ('1035555', '22', '7239', '0', '0', '0');
INSERT INTO `war_world`.`creature_items` (`Entry`, `SlotId`, `ModelId`, `EffectId`, `PrimaryColor`, `SecondaryColor`) VALUES ('1035555', '23', '2071', '0', '108', '108');
INSERT INTO `war_world`.`creature_items` (`Entry`, `SlotId`, `ModelId`, `EffectId`, `PrimaryColor`, `SecondaryColor`) VALUES ('1035555', '24', '7462', '0', '31', '31');
INSERT INTO `war_world`.`creature_items` (`Entry`, `SlotId`, `ModelId`, `EffectId`, `PrimaryColor`, `SecondaryColor`) VALUES ('1035555', '26', '65535', '0', '0', '0');
INSERT INTO `war_world`.`creature_items` (`Entry`, `SlotId`, `ModelId`, `EffectId`, `PrimaryColor`, `SecondaryColor`) VALUES ('1035555', '27', '6823', '0', '31', '31');
INSERT INTO `war_world`.`creature_items` (`Entry`, `SlotId`, `ModelId`, `EffectId`, `PrimaryColor`, `SecondaryColor`) VALUES ('1035555', '28', '2108', '0', '67', '310');
INSERT INTO `war_world`.`creature_items` (`Entry`, `SlotId`, `ModelId`, `EffectId`, `PrimaryColor`, `SecondaryColor`) VALUES ('1035556', '10', '1210', '0', '0', '0');
INSERT INTO `war_world`.`creature_items` (`Entry`, `SlotId`, `ModelId`, `EffectId`, `PrimaryColor`, `SecondaryColor`) VALUES ('1035557', '10', '1164', '0', '0', '0');
INSERT INTO `war_world`.`creature_items` (`Entry`, `SlotId`, `ModelId`, `EffectId`, `PrimaryColor`, `SecondaryColor`) VALUES ('1035557', '11', '1164', '0', '0', '0');
INSERT INTO `war_world`.`creature_items` (`Entry`, `SlotId`, `ModelId`, `EffectId`, `PrimaryColor`, `SecondaryColor`) VALUES ('1035557', '22', '2092', '0', '0', '0');
INSERT INTO `war_world`.`creature_items` (`Entry`, `SlotId`, `ModelId`, `EffectId`, `PrimaryColor`, `SecondaryColor`) VALUES ('1035558', '10', '1156', '0', '0', '0');
INSERT INTO `war_world`.`creature_items` (`Entry`, `SlotId`, `ModelId`, `EffectId`, `PrimaryColor`, `SecondaryColor`) VALUES ('1035558', '12', '7494', '0', '0', '0');
INSERT INTO `war_world`.`creature_items` (`Entry`, `SlotId`, `ModelId`, `EffectId`, `PrimaryColor`, `SecondaryColor`) VALUES ('1035558', '20', '2067', '10600', '0', '0');
INSERT INTO `war_world`.`creature_items` (`Entry`, `SlotId`, `ModelId`, `EffectId`, `PrimaryColor`, `SecondaryColor`) VALUES ('1035558', '21', '2069', '10600', '0', '0');
INSERT INTO `war_world`.`creature_items` (`Entry`, `SlotId`, `ModelId`, `EffectId`, `PrimaryColor`, `SecondaryColor`) VALUES ('1035558', '22', '2068', '10600', '0', '0');
INSERT INTO `war_world`.`creature_items` (`Entry`, `SlotId`, `ModelId`, `EffectId`, `PrimaryColor`, `SecondaryColor`) VALUES ('1035558', '23', '2071', '10600', '0', '0');
INSERT INTO `war_world`.`creature_items` (`Entry`, `SlotId`, `ModelId`, `EffectId`, `PrimaryColor`, `SecondaryColor`) VALUES ('1035558', '24', '2070', '10600', '0', '0');
INSERT INTO `war_world`.`creature_items` (`Entry`, `SlotId`, `ModelId`, `EffectId`, `PrimaryColor`, `SecondaryColor`) VALUES ('1035558', '27', '7141', '10600', '0', '0');
INSERT INTO `war_world`.`creature_items` (`Entry`, `SlotId`, `ModelId`, `EffectId`, `PrimaryColor`, `SecondaryColor`) VALUES ('1035558', '28', '2078', '10600', '0', '0');
INSERT INTO `war_world`.`creature_items` (`Entry`, `SlotId`, `ModelId`, `EffectId`, `PrimaryColor`, `SecondaryColor`) VALUES ('1035559', '10', '1163', '0', '0', '0');
INSERT INTO `war_world`.`creature_items` (`Entry`, `SlotId`, `ModelId`, `EffectId`, `PrimaryColor`, `SecondaryColor`) VALUES ('1035559', '11', '1259', '0', '0', '0');
INSERT INTO `war_world`.`creature_items` (`Entry`, `SlotId`, `ModelId`, `EffectId`, `PrimaryColor`, `SecondaryColor`) VALUES ('1035559', '20', '2211', '35983', '0', '0');
INSERT INTO `war_world`.`creature_items` (`Entry`, `SlotId`, `ModelId`, `EffectId`, `PrimaryColor`, `SecondaryColor`) VALUES ('1035559', '21', '2213', '35983', '0', '0');
INSERT INTO `war_world`.`creature_items` (`Entry`, `SlotId`, `ModelId`, `EffectId`, `PrimaryColor`, `SecondaryColor`) VALUES ('1035559', '22', '2212', '35983', '0', '0');
INSERT INTO `war_world`.`creature_items` (`Entry`, `SlotId`, `ModelId`, `EffectId`, `PrimaryColor`, `SecondaryColor`) VALUES ('1035559', '23', '2215', '35983', '0', '0');
INSERT INTO `war_world`.`creature_items` (`Entry`, `SlotId`, `ModelId`, `EffectId`, `PrimaryColor`, `SecondaryColor`) VALUES ('1035559', '24', '2214', '35983', '0', '0');
INSERT INTO `war_world`.`creature_items` (`Entry`, `SlotId`, `ModelId`, `EffectId`, `PrimaryColor`, `SecondaryColor`) VALUES ('1035559', '28', '2210', '35983', '0', '0');
INSERT INTO `war_world`.`creature_items` (`Entry`, `SlotId`, `ModelId`, `EffectId`, `PrimaryColor`, `SecondaryColor`) VALUES ('1035560', '10', '1237', '0', '0', '0');
INSERT INTO `war_world`.`creature_items` (`Entry`, `SlotId`, `ModelId`, `EffectId`, `PrimaryColor`, `SecondaryColor`) VALUES ('1035560', '20', '3101', '35840', '0', '0');
INSERT INTO `war_world`.`creature_items` (`Entry`, `SlotId`, `ModelId`, `EffectId`, `PrimaryColor`, `SecondaryColor`) VALUES ('1035560', '21', '3103', '35840', '0', '0');
INSERT INTO `war_world`.`creature_items` (`Entry`, `SlotId`, `ModelId`, `EffectId`, `PrimaryColor`, `SecondaryColor`) VALUES ('1035560', '22', '3102', '35840', '0', '0');
INSERT INTO `war_world`.`creature_items` (`Entry`, `SlotId`, `ModelId`, `EffectId`, `PrimaryColor`, `SecondaryColor`) VALUES ('1035560', '23', '2149', '35840', '0', '0');
INSERT INTO `war_world`.`creature_items` (`Entry`, `SlotId`, `ModelId`, `EffectId`, `PrimaryColor`, `SecondaryColor`) VALUES ('1035560', '24', '2154', '35981', '0', '0');
INSERT INTO `war_world`.`creature_items` (`Entry`, `SlotId`, `ModelId`, `EffectId`, `PrimaryColor`, `SecondaryColor`) VALUES ('1035560', '25', '3105', '35840', '0', '0');
INSERT INTO `war_world`.`creature_items` (`Entry`, `SlotId`, `ModelId`, `EffectId`, `PrimaryColor`, `SecondaryColor`) VALUES ('1035560', '28', '3107', '35980', '0', '0');
INSERT INTO `war_world`.`creature_items` (`Entry`, `SlotId`, `ModelId`, `EffectId`, `PrimaryColor`, `SecondaryColor`) VALUES ('1035561', '10', '1175', '0', '0', '0');
INSERT INTO `war_world`.`creature_items` (`Entry`, `SlotId`, `ModelId`, `EffectId`, `PrimaryColor`, `SecondaryColor`) VALUES ('1035561', '12', '1274', '0', '0', '0');
INSERT INTO `war_world`.`creature_items` (`Entry`, `SlotId`, `ModelId`, `EffectId`, `PrimaryColor`, `SecondaryColor`) VALUES ('1035561', '20', '2001', '35983', '0', '0');
INSERT INTO `war_world`.`creature_items` (`Entry`, `SlotId`, `ModelId`, `EffectId`, `PrimaryColor`, `SecondaryColor`) VALUES ('1035561', '21', '2003', '35983', '0', '0');
INSERT INTO `war_world`.`creature_items` (`Entry`, `SlotId`, `ModelId`, `EffectId`, `PrimaryColor`, `SecondaryColor`) VALUES ('1035561', '22', '2002', '35983', '0', '0');
INSERT INTO `war_world`.`creature_items` (`Entry`, `SlotId`, `ModelId`, `EffectId`, `PrimaryColor`, `SecondaryColor`) VALUES ('1035561', '24', '2004', '35983', '0', '0');
INSERT INTO `war_world`.`creature_items` (`Entry`, `SlotId`, `ModelId`, `EffectId`, `PrimaryColor`, `SecondaryColor`) VALUES ('1035561', '25', '3199', '35983', '0', '0');
INSERT INTO `war_world`.`creature_items` (`Entry`, `SlotId`, `ModelId`, `EffectId`, `PrimaryColor`, `SecondaryColor`) VALUES ('1035561', '28', '2000', '35983', '0', '0');
INSERT INTO `war_world`.`creature_items` (`Entry`, `SlotId`, `ModelId`, `EffectId`, `PrimaryColor`, `SecondaryColor`) VALUES ('1035562', '10', '1226', '0', '0', '0');
INSERT INTO `war_world`.`creature_items` (`Entry`, `SlotId`, `ModelId`, `EffectId`, `PrimaryColor`, `SecondaryColor`) VALUES ('1035562', '20', '2098', '0', '0', '0');
INSERT INTO `war_world`.`creature_items` (`Entry`, `SlotId`, `ModelId`, `EffectId`, `PrimaryColor`, `SecondaryColor`) VALUES ('1035562', '21', '2093', '0', '0', '0');
INSERT INTO `war_world`.`creature_items` (`Entry`, `SlotId`, `ModelId`, `EffectId`, `PrimaryColor`, `SecondaryColor`) VALUES ('1035562', '22', '2099', '0', '0', '0');
INSERT INTO `war_world`.`creature_items` (`Entry`, `SlotId`, `ModelId`, `EffectId`, `PrimaryColor`, `SecondaryColor`) VALUES ('1035562', '23', '3232', '0', '0', '0');
INSERT INTO `war_world`.`creature_items` (`Entry`, `SlotId`, `ModelId`, `EffectId`, `PrimaryColor`, `SecondaryColor`) VALUES ('1035562', '24', '3227', '0', '0', '0');
INSERT INTO `war_world`.`creature_items` (`Entry`, `SlotId`, `ModelId`, `EffectId`, `PrimaryColor`, `SecondaryColor`) VALUES ('1035562', '28', '2078', '0', '0', '0');
INSERT INTO `war_world`.`creature_items` (`Entry`, `SlotId`, `ModelId`, `EffectId`, `PrimaryColor`, `SecondaryColor`) VALUES ('1035563', '10', '1164', '0', '0', '0');
INSERT INTO `war_world`.`creature_items` (`Entry`, `SlotId`, `ModelId`, `EffectId`, `PrimaryColor`, `SecondaryColor`) VALUES ('1035563', '11', '1308', '0', '0', '0');
INSERT INTO `war_world`.`creature_items` (`Entry`, `SlotId`, `ModelId`, `EffectId`, `PrimaryColor`, `SecondaryColor`) VALUES ('1035563', '20', '5202', '0', '0', '0');
INSERT INTO `war_world`.`creature_items` (`Entry`, `SlotId`, `ModelId`, `EffectId`, `PrimaryColor`, `SecondaryColor`) VALUES ('1035563', '21', '2213', '0', '0', '0');
INSERT INTO `war_world`.`creature_items` (`Entry`, `SlotId`, `ModelId`, `EffectId`, `PrimaryColor`, `SecondaryColor`) VALUES ('1035563', '22', '2206', '0', '0', '0');
INSERT INTO `war_world`.`creature_items` (`Entry`, `SlotId`, `ModelId`, `EffectId`, `PrimaryColor`, `SecondaryColor`) VALUES ('1035563', '23', '2209', '0', '0', '0');
INSERT INTO `war_world`.`creature_items` (`Entry`, `SlotId`, `ModelId`, `EffectId`, `PrimaryColor`, `SecondaryColor`) VALUES ('1035563', '24', '4986', '0', '0', '0');
INSERT INTO `war_world`.`creature_items` (`Entry`, `SlotId`, `ModelId`, `EffectId`, `PrimaryColor`, `SecondaryColor`) VALUES ('1035563', '28', '2204', '0', '0', '0');
INSERT INTO `war_world`.`creature_items` (`Entry`, `SlotId`, `ModelId`, `EffectId`, `PrimaryColor`, `SecondaryColor`) VALUES ('1035564', '10', '1142', '0', '0', '0');
INSERT INTO `war_world`.`creature_items` (`Entry`, `SlotId`, `ModelId`, `EffectId`, `PrimaryColor`, `SecondaryColor`) VALUES ('1035565', '12', '5448', '0', '0', '0');
/* Stonewatch -  Deleting Spawn-Points within Keep-Table NPC, Merchants, Siege to avoid duplicate Entrys */
DELETE FROM `war_world`.`keep_creatures` WHERE (`Y` = '814882') and (`X` = '1399783') and (`Z` = '12123');
DELETE FROM `war_world`.`keep_creatures` WHERE (`Y` = '815751') and (`X` = '1395755') and (`Z` = '12092');
DELETE FROM `war_world`.`keep_creatures` WHERE (`Y` = '817006') and (`X` = '1395398') and (`Z` = '12120');
DELETE FROM `war_world`.`keep_creatures` WHERE (`Y` = '817164') and (`X` = '1400717') and (`Z` = '12304');
DELETE FROM `war_world`.`keep_creatures` WHERE (`Y` = '817312') and (`X` = '1404247') and (`Z` = '12541');
DELETE FROM `war_world`.`keep_creatures` WHERE (`Y` = '817431') and (`X` = '1404282') and (`Z` = '12518');
DELETE FROM `war_world`.`keep_creatures` WHERE (`Y` = '818294') and (`X` = '1395561') and (`Z` = '12101');
DELETE FROM `war_world`.`keep_creatures` WHERE (`Y` = '818354') and (`X` = '1397117') and (`Z` = '12144');
DELETE FROM `war_world`.`keep_creatures` WHERE (`Y` = '819263') and (`X` = '1402416') and (`Z` = '11457');
DELETE FROM `war_world`.`keep_creatures` WHERE (`Y` = '819692') and (`X` = '1395451') and (`Z` = '11472');
DELETE FROM `war_world`.`keep_creatures` WHERE (`Y` = '819703') and (`X` = '1394978') and (`Z` = '11472');
DELETE FROM `war_world`.`keep_creatures` WHERE (`Y` = '819945') and (`X` = '1392278') and (`Z` = '11488');
DELETE FROM `war_world`.`keep_creatures` WHERE (`Y` = '820020') and (`X` = '1400365') and (`Z` = '11457');
DELETE FROM `war_world`.`keep_creatures` WHERE (`Y` = '820432') and (`X` = '1405206') and (`Z` = '11354');
DELETE FROM `war_world`.`keep_creatures` WHERE (`Y` = '820660') and (`X` = '1391299') and (`Z` = '11462');
DELETE FROM `war_world`.`keep_creatures` WHERE (`Y` = '820774') and (`X` = '1401441') and (`Z` = '11472');
DELETE FROM `war_world`.`keep_creatures` WHERE (`Y` = '820864') and (`X` = '1405296') and (`Z` = '11408');
DELETE FROM `war_world`.`keep_creatures` WHERE (`Y` = '820928') and (`X` = '1401495') and (`Z` = '11472');
DELETE FROM `war_world`.`keep_creatures` WHERE (`Y` = '821111') and (`X` = '1392247') and (`Z` = '11472');
DELETE FROM `war_world`.`keep_creatures` WHERE (`Y` = '821383') and (`X` = '1395068') and (`Z` = '11472');
DELETE FROM `war_world`.`keep_creatures` WHERE (`Y` = '821460') and (`X` = '1397076') and (`Z` = '11472');
DELETE FROM `war_world`.`keep_creatures` WHERE (`Y` = '822258') and (`X` = '1391281') and (`Z` = '11472');
DELETE FROM `war_world`.`keep_creatures` WHERE (`Y` = '822264') and (`X` = '1395186') and (`Z` = '11472');
DELETE FROM `war_world`.`keep_creatures` WHERE (`Y` = '822435') and (`X` = '1396253') and (`Z` = '11472');
DELETE FROM `war_world`.`keep_creatures` WHERE (`Y` = '822511') and (`X` = '1396231') and (`Z` = '11472');
DELETE FROM `war_world`.`keep_creatures` WHERE (`Y` = '816296') and (`X` = '1398176') and (`Z` = '13718');
DELETE FROM `war_world`.`keep_creatures` WHERE (`Y` = '816826') and (`X` = '1398180') and (`Z` = '13718');
DELETE FROM `war_world`.`keep_creatures` WHERE (`Y` = '816541') and (`X` = '1398053') and (`Z` = '13222');
DELETE FROM `war_world`.`keep_creatures` WHERE (`Y` = '821614') and (`X` = '1404511') and (`Z` = '12042');
DELETE FROM `war_world`.`keep_creatures` WHERE (`Y` = '822556') and (`X` = '1401498') and (`Z` = '12042');
DELETE FROM `war_world`.`keep_creatures` WHERE (`Y` = '822792') and (`X` = '1391534') and (`Z` = '12042');
DELETE FROM `war_world`.`keep_creatures` WHERE (`Y` = '822913') and (`X` = '1394708') and (`Z` = '12042');
DELETE FROM `war_world`.`keep_creatures` WHERE (`Y` = '822915') and (`X` = '1399702') and (`Z` = '12042');
DELETE FROM `war_world`.`keep_creatures` WHERE (`Y` = '822922') and (`X` = '1396532') and (`Z` = '12042');
DELETE FROM `war_world`.`keep_creatures` WHERE (`Y` = '820504') and (`X` = '1404204') and (`Z` = '12023');
DELETE FROM `war_world`.`keep_creatures` WHERE (`Y` = '821460') and (`X` = '1401121') and (`Z` = '12023');
DELETE FROM `war_world`.`keep_creatures` WHERE (`Y` = '821652') and (`X` = '1391557') and (`Z` = '12023');
DELETE FROM `war_world`.`keep_creatures` WHERE (`Y` = '821761') and (`X` = '1399728') and (`Z` = '12023');
DELETE FROM `war_world`.`keep_creatures` WHERE (`Y` = '821766') and (`X` = '1396505') and (`Z` = '12023');
DELETE FROM `war_world`.`keep_creatures` WHERE (`Y` = '821771') and (`X` = '1394755') and (`Z` = '12023');
DELETE FROM `war_world`.`keep_creatures` WHERE (`Y` = '816819') and (`X` = '1397891') and (`Z` = '13718');
DELETE FROM `war_world`.`keep_creatures` WHERE (`Y` = '816287') and (`X` = '1397891') and (`Z` = '13718');
DELETE FROM `war_world`.`keep_creatures` WHERE (`Y` = '820994') and (`X` = '1402666') and (`Z` = '12014');
DELETE FROM `war_world`.`keep_creatures` WHERE (`Y` = '821707') and (`X` = '1393163') and (`Z` = '12014');
DELETE FROM `war_world`.`keep_creatures` WHERE (`Y` = '821774') and (`X` = '1398113') and (`Z` = '12014');
DELETE FROM `war_world`.`keep_creatures` WHERE (`Y` = '816330') and (`X` = '1398181') and (`Z` = '13222');
DELETE FROM `war_world`.`keep_creatures` WHERE (`Y` = '816338') and (`X` = '1397890') and (`Z` = '13222');
DELETE FROM `war_world`.`keep_creatures` WHERE (`Y` = '816781') and (`X` = '1398181') and (`Z` = '13222');
DELETE FROM `war_world`.`keep_creatures` WHERE (`Y` = '816790') and (`X` = '1397880') and (`Z` = '13222');
DELETE FROM `war_world`.`keep_creatures` WHERE (`Y` = '812084') and (`X` = '1398721') and (`Z` = '12312');
DELETE FROM `war_world`.`keep_creatures` WHERE (`Y` = '812149') and (`X` = '1398054') and (`Z` = '12292');
DELETE FROM `war_world`.`keep_creatures` WHERE (`Y` = '816204') and (`X` = '1397634') and (`Z` = '12992');
DELETE FROM `war_world`.`keep_creatures` WHERE (`Y` = '817160') and (`X` = '1398410') and (`Z` = '12175');
DELETE FROM `war_world`.`keep_creatures` WHERE (`Y` = '817363') and (`X` = '1398026') and (`Z` = '12145');
DELETE FROM `war_world`.`keep_creatures` WHERE (`Y` = '819319') and (`X` = '1398066') and (`Z` = '11986');
DELETE FROM `war_world`.`keep_creatures` WHERE (`Y` = '819690') and (`X` = '1394145') and (`Z` = '11472');
DELETE FROM `war_world`.`keep_creatures` WHERE (`Y` = '819900') and (`X` = '1402613') and (`Z` = '11472');
DELETE FROM `war_world`.`keep_creatures` WHERE (`Y` = '824171') and (`X` = '1395617') and (`Z` = '11595');
DELETE FROM `war_world`.`keep_creatures` WHERE (`Y` = '825525') and (`X` = '1400649') and (`Z` = '11910');
DELETE FROM `war_world`.`keep_creatures` WHERE (`Y` = '811961') and (`X` = '1398324') and (`Z` = '12312');
DELETE FROM `war_world`.`keep_creatures` WHERE (`Y` = '816676') and (`X` = '1398272') and (`Z` = '12729');
DELETE FROM `war_world`.`keep_creatures` WHERE (`Y` = '817120') and (`X` = '1397690') and (`Z` = '12175');
DELETE FROM `war_world`.`keep_creatures` WHERE (`Y` = '817346') and (`X` = '1397033') and (`Z` = '12175');
DELETE FROM `war_world`.`keep_creatures` WHERE (`Y` = '818753') and (`X` = '1397547') and (`Z` = '12144');
DELETE FROM `war_world`.`keep_creatures` WHERE (`Y` = '818780') and (`X` = '1398565') and (`Z` = '12136');
DELETE FROM `war_world`.`keep_creatures` WHERE (`Y` = '819948') and (`X` = '1395716') and (`Z` = '11472');
DELETE FROM `war_world`.`keep_creatures` WHERE (`Y` = '820083') and (`X` = '1402077') and (`Z` = '11472');
DELETE FROM `war_world`.`keep_creatures` WHERE (`Y` = '821041') and (`X` = '1397633') and (`Z` = '11441');
DELETE FROM `war_world`.`keep_creatures` WHERE (`Y` = '825036') and (`X` = '1396760') and (`Z` = '11574');
DELETE FROM `war_world`.`keep_creatures` WHERE (`Y` = '825552') and (`X` = '1398961') and (`Z` = '11841');
DELETE FROM `war_world`.`keep_creatures` WHERE (`Y` = '812447') and (`X` = '1398107') and (`Z` = '12312');
DELETE FROM `war_world`.`keep_creatures` WHERE (`Y` = '812453') and (`X` = '1398317') and (`Z` = '12304');
DELETE FROM `war_world`.`keep_creatures` WHERE (`Y` = '812458') and (`X` = '1398499') and (`Z` = '12312');
DELETE FROM `war_world`.`keep_creatures` WHERE (`Y` = '812465') and (`X` = '1398731') and (`Z` = '12318');
DELETE FROM `war_world`.`keep_creatures` WHERE (`Y` = '814792') and (`X` = '1396681') and (`Z` = '12138');
DELETE FROM `war_world`.`keep_creatures` WHERE (`Y` = '815157') and (`X` = '1399554') and (`Z` = '12143');
DELETE FROM `war_world`.`keep_creatures` WHERE (`Y` = '815942') and (`X` = '1398205') and (`Z` = '12716');
DELETE FROM `war_world`.`keep_creatures` WHERE (`Y` = '816355') and (`X` = '1397800') and (`Z` = '12729');
DELETE FROM `war_world`.`keep_creatures` WHERE (`Y` = '816614') and (`X` = '1398908') and (`Z` = '12352');
DELETE FROM `war_world`.`keep_creatures` WHERE (`Y` = '816688') and (`X` = '1398792') and (`Z` = '12352');
DELETE FROM `war_world`.`keep_creatures` WHERE (`Y` = '817389') and (`X` = '1395603') and (`Z` = '12115');
DELETE FROM `war_world`.`keep_creatures` WHERE (`Y` = '817535') and (`X` = '1398387') and (`Z` = '12175');
DELETE FROM `war_world`.`keep_creatures` WHERE (`Y` = '817937') and (`X` = '1399587') and (`Z` = '12144');
DELETE FROM `war_world`.`keep_creatures` WHERE (`Y` = '819167') and (`X` = '1396331') and (`Z` = '12073');
DELETE FROM `war_world`.`keep_creatures` WHERE (`Y` = '819255') and (`X` = '1400179') and (`Z` = '12003');
DELETE FROM `war_world`.`keep_creatures` WHERE (`Y` = '819416') and (`X` = '1398697') and (`Z` = '11993');
DELETE FROM `war_world`.`keep_creatures` WHERE (`Y` = '819425') and (`X` = '1397379') and (`Z` = '12058');
DELETE FROM `war_world`.`keep_creatures` WHERE (`Y` = '820354') and (`X` = '1392350') and (`Z` = '11459');
DELETE FROM `war_world`.`keep_creatures` WHERE (`Y` = '820390') and (`X` = '1402093') and (`Z` = '11472');
DELETE FROM `war_world`.`keep_creatures` WHERE (`Y` = '820795') and (`X` = '1401165') and (`Z` = '11472');
DELETE FROM `war_world`.`keep_creatures` WHERE (`Y` = '820946') and (`X` = '1393511') and (`Z` = '11472');
DELETE FROM `war_world`.`keep_creatures` WHERE (`Y` = '821174') and (`X` = '1397096') and (`Z` = '11466');
DELETE FROM `war_world`.`keep_creatures` WHERE (`Y` = '821205') and (`X` = '1394993') and (`Z` = '11472');
DELETE FROM `war_world`.`keep_creatures` WHERE (`Y` = '821607') and (`X` = '1400465') and (`Z` = '11472');
DELETE FROM `war_world`.`keep_creatures` WHERE (`Y` = '821851') and (`X` = '1395927') and (`Z` = '11472');
DELETE FROM `war_world`.`keep_creatures` WHERE (`Y` = '821874') and (`X` = '1400427') and (`Z` = '11472');
DELETE FROM `war_world`.`keep_creatures` WHERE (`Y` = '822897') and (`X` = '1393240') and (`Z` = '11433');
DELETE FROM `war_world`.`keep_creatures` WHERE (`Y` = '824186') and (`X` = '1403215') and (`Z` = '11776');
DELETE FROM `war_world`.`keep_creatures` WHERE (`Y` = '816372') and (`X` = '1398266') and (`Z` = '12729');
DELETE FROM `war_world`.`keep_creatures` WHERE (`Y` = '818784') and (`X` = '1398141') and (`Z` = '12127');
DELETE FROM `war_world`.`keep_creatures` WHERE (`Y` = '819625') and (`X` = '1399431') and (`Z` = '11815');
DELETE FROM `war_world`.`keep_creatures` WHERE (`Y` = '820089') and (`X` = '1397319') and (`Z` = '11668');
DELETE FROM `war_world`.`keep_creatures` WHERE (`Y` = '820273') and (`X` = '1394832') and (`Z` = '11472');
DELETE FROM `war_world`.`keep_creatures` WHERE (`Y` = '820906') and (`X` = '1398480') and (`Z` = '11490');
DELETE FROM `war_world`.`keep_creatures` WHERE (`Y` = '820936') and (`X` = '1392881') and (`Z` = '11472');
DELETE FROM `war_world`.`keep_creatures` WHERE (`Y` = '821821') and (`X` = '1395722') and (`Z` = '11472');
DELETE FROM `war_world`.`keep_creatures` WHERE (`Y` = '823106') and (`X` = '1401957') and (`Z` = '11431');
DELETE FROM `war_world`.`keep_creatures` WHERE (`Y` = '823458') and (`X` = '1399350') and (`Z` = '11446');
DELETE FROM `war_world`.`keep_creatures` WHERE (`Y` = '823833') and (`X` = '1403922') and (`Z` = '11772');
DELETE FROM `war_world`.`keep_creatures` WHERE (`Y` = '824881') and (`X` = '1400163') and (`Z` = '11815');
DELETE FROM `war_world`.`keep_creatures` WHERE (`Y` = '811763') and (`X` = '1398724') and (`Z` = '12312');
DELETE FROM `war_world`.`keep_creatures` WHERE (`Y` = '811795') and (`X` = '1397998') and (`Z` = '12309');
DELETE FROM `war_world`.`keep_creatures` WHERE (`Y` = '814778') and (`X` = '1397423') and (`Z` = '12120');
DELETE FROM `war_world`.`keep_creatures` WHERE (`Y` = '815587') and (`X` = '1399308') and (`Z` = '12370');
DELETE FROM `war_world`.`keep_creatures` WHERE (`Y` = '816196') and (`X` = '1396005') and (`Z` = '12133');
DELETE FROM `war_world`.`keep_creatures` WHERE (`Y` = '816417') and (`X` = '1397921') and (`Z` = '12182');
DELETE FROM `war_world`.`keep_creatures` WHERE (`Y` = '816423') and (`X` = '1398150') and (`Z` = '12182');
DELETE FROM `war_world`.`keep_creatures` WHERE (`Y` = '816713') and (`X` = '1397776') and (`Z` = '12729');
DELETE FROM `war_world`.`keep_creatures` WHERE (`Y` = '816907') and (`X` = '1400018') and (`Z` = '12144');
DELETE FROM `war_world`.`keep_creatures` WHERE (`Y` = '817311') and (`X` = '1398874') and (`Z` = '12352');
DELETE FROM `war_world`.`keep_creatures` WHERE (`Y` = '817508') and (`X` = '1397666') and (`Z` = '12175');
DELETE FROM `war_world`.`keep_creatures` WHERE (`Y` = '817846') and (`X` = '1396941') and (`Z` = '12175');
DELETE FROM `war_world`.`keep_creatures` WHERE (`Y` = '818449') and (`X` = '1399741') and (`Z` = '12109');
DELETE FROM `war_world`.`keep_creatures` WHERE (`Y` = '819818') and (`X` = '1404233') and (`Z` = '11457');
DELETE FROM `war_world`.`keep_creatures` WHERE (`Y` = '820191') and (`X` = '1395907') and (`Z` = '11472');
DELETE FROM `war_world`.`keep_creatures` WHERE (`Y` = '820217') and (`X` = '1402436') and (`Z` = '11472');
DELETE FROM `war_world`.`keep_creatures` WHERE (`Y` = '820515') and (`X` = '1398371') and (`Z` = '11566');
DELETE FROM `war_world`.`keep_creatures` WHERE (`Y` = '820578') and (`X` = '1397704') and (`Z` = '11544');
DELETE FROM `war_world`.`keep_creatures` WHERE (`Y` = '820833') and (`X` = '1393196') and (`Z` = '11472');
DELETE FROM `war_world`.`keep_creatures` WHERE (`Y` = '821761') and (`X` = '1400244') and (`Z` = '11472');
DELETE FROM `war_world`.`keep_creatures` WHERE (`Y` = '824453') and (`X` = '1393724') and (`Z` = '11792');
DELETE FROM `war_world`.`keep_creatures` WHERE (`Y` = '814688') and (`X` = '1399554') and (`Z` = '12128');
DELETE FROM `war_world`.`keep_creatures` WHERE (`Y` = '816313') and (`X` = '1398542') and (`Z` = '12175');
DELETE FROM `war_world`.`keep_creatures` WHERE (`Y` = '817000') and (`X` = '1398738') and (`Z` = '12175');
DELETE FROM `war_world`.`keep_creatures` WHERE (`Y` = '818245') and (`X` = '1396424') and (`Z` = '12144');
DELETE FROM `war_world`.`keep_creatures` WHERE (`Y` = '820246') and (`X` = '1402806') and (`Z` = '11472');
DELETE FROM `war_world`.`keep_creatures` WHERE (`Y` = '820405') and (`X` = '1392067') and (`Z` = '11473');
DELETE FROM `war_world`.`keep_creatures` WHERE (`Y` = '820461') and (`X` = '1399060') and (`Z` = '11487');
DELETE FROM `war_world`.`keep_creatures` WHERE (`Y` = '820599') and (`X` = '1392848') and (`Z` = '11448');
DELETE FROM `war_world`.`keep_creatures` WHERE (`Y` = '820602') and (`X` = '1393504') and (`Z` = '11472');
DELETE FROM `war_world`.`keep_creatures` WHERE (`Y` = '820659') and (`X` = '1396139') and (`Z` = '11472');
DELETE FROM `war_world`.`keep_creatures` WHERE (`Y` = '820720') and (`X` = '1400346') and (`Z` = '11472');
DELETE FROM `war_world`.`keep_creatures` WHERE (`Y` = '811512') and (`X` = '1398211') and (`Z` = '12312');
DELETE FROM `war_world`.`keep_creatures` WHERE (`Y` = '811523') and (`X` = '1398670') and (`Z` = '12312');
DELETE FROM `war_world`.`keep_creatures` WHERE (`Y` = '814447') and (`X` = '1398793') and (`Z` = '12120');
DELETE FROM `war_world`.`keep_creatures` WHERE (`Y` = '815592') and (`X` = '1398705') and (`Z` = '12672');
DELETE FROM `war_world`.`keep_creatures` WHERE (`Y` = '816535') and (`X` = '1398027') and (`Z` = '12729');
DELETE FROM `war_world`.`keep_creatures` WHERE (`Y` = '816554') and (`X` = '1396659') and (`Z` = '12672');
DELETE FROM `war_world`.`keep_creatures` WHERE (`Y` = '816787') and (`X` = '1400049') and (`Z` = '12144');
DELETE FROM `war_world`.`keep_creatures` WHERE (`Y` = '816953') and (`X` = '1397349') and (`Z` = '12175');
DELETE FROM `war_world`.`keep_creatures` WHERE (`Y` = '817138') and (`X` = '1396262') and (`Z` = '12144');
DELETE FROM `war_world`.`keep_creatures` WHERE (`Y` = '817464') and (`X` = '1398870') and (`Z` = '12352');
DELETE FROM `war_world`.`keep_creatures` WHERE (`Y` = '817756') and (`X` = '1397307') and (`Z` = '12175');
DELETE FROM `war_world`.`keep_creatures` WHERE (`Y` = '818355') and (`X` = '1397830') and (`Z` = '12144');
DELETE FROM `war_world`.`keep_creatures` WHERE (`Y` = '818371') and (`X` = '1398251') and (`Z` = '12144');
DELETE FROM `war_world`.`keep_creatures` WHERE (`Y` = '820524') and (`X` = '1402401') and (`Z` = '11472');
DELETE FROM `war_world`.`keep_creatures` WHERE (`Y` = '820811') and (`X` = '1398064') and (`Z` = '11501');
DELETE FROM `war_world`.`keep_creatures` WHERE (`Y` = '821449') and (`X` = '1403029') and (`Z` = '11472');
DELETE FROM `war_world`.`keep_creatures` WHERE (`Y` = '821601') and (`X` = '1402626') and (`Z` = '11467');
DELETE FROM `war_world`.`keep_creatures` WHERE (`Y` = '822051') and (`X` = '1395790') and (`Z` = '11472');
DELETE FROM `war_world`.`keep_creatures` WHERE (`Y` = '822205') and (`X` = '1392935') and (`Z` = '11448');
DELETE FROM `war_world`.`keep_creatures` WHERE (`Y` = '822223') and (`X` = '1393359') and (`Z` = '11472');
DELETE FROM `war_world`.`keep_creatures` WHERE (`Y` = '822301') and (`X` = '1397893') and (`Z` = '11440');
DELETE FROM `war_world`.`keep_creatures` WHERE (`Y` = '822316') and (`X` = '1398332') and (`Z` = '11423');
DELETE FROM `war_world`.`keep_creatures` WHERE (`Y` = '811393') and (`X` = '1398363') and (`Z` = '12312');
DELETE FROM `war_world`.`keep_creatures` WHERE (`Y` = '811393') and (`X` = '1398532') and (`Z` = '12312');
DELETE FROM `war_world`.`keep_creatures` WHERE (`Y` = '812899') and (`X` = '1398659') and (`Z` = '12303');
DELETE FROM `war_world`.`keep_creatures` WHERE (`Y` = '812934') and (`X` = '1398344') and (`Z` = '12296');
DELETE FROM `war_world`.`keep_creatures` WHERE (`Y` = '814951') and (`X` = '1398068') and (`Z` = '12144');
DELETE FROM `war_world`.`keep_creatures` WHERE (`Y` = '814960') and (`X` = '1397904') and (`Z` = '12144');
DELETE FROM `war_world`.`keep_creatures` WHERE (`Y` = '815279') and (`X` = '1397971') and (`Z` = '12672');
DELETE FROM `war_world`.`keep_creatures` WHERE (`Y` = '815818') and (`X` = '1399228') and (`Z` = '12352');
DELETE FROM `war_world`.`keep_creatures` WHERE (`Y` = '815883') and (`X` = '1396698') and (`Z` = '12427');
DELETE FROM `war_world`.`keep_creatures` WHERE (`Y` = '815944') and (`X` = '1399228') and (`Z` = '12352');
DELETE FROM `war_world`.`keep_creatures` WHERE (`Y` = '816032') and (`X` = '1397543') and (`Z` = '12968');
DELETE FROM `war_world`.`keep_creatures` WHERE (`Y` = '816325') and (`X` = '1397518') and (`Z` = '12175');
DELETE FROM `war_world`.`keep_creatures` WHERE (`Y` = '816845') and (`X` = '1396254') and (`Z` = '12144');
DELETE FROM `war_world`.`keep_creatures` WHERE (`Y` = '816903') and (`X` = '1398038') and (`Z` = '12145');
DELETE FROM `war_world`.`keep_creatures` WHERE (`Y` = '816990') and (`X` = '1397926') and (`Z` = '12712');
DELETE FROM `war_world`.`keep_creatures` WHERE (`Y` = '816990') and (`X` = '1398145') and (`Z` = '12712');
DELETE FROM `war_world`.`keep_creatures` WHERE (`Y` = '817601') and (`X` = '1398740') and (`Z` = '12175');
DELETE FROM `war_world`.`keep_creatures` WHERE (`Y` = '817850') and (`X` = '1397962') and (`Z` = '12145');
DELETE FROM `war_world`.`keep_creatures` WHERE (`Y` = '817862') and (`X` = '1398102') and (`Z` = '12145');
DELETE FROM `war_world`.`keep_creatures` WHERE (`Y` = '817896') and (`X` = '1398751') and (`Z` = '12352');
DELETE FROM `war_world`.`keep_creatures` WHERE (`Y` = '818206') and (`X` = '1398142') and (`Z` = '12144');
DELETE FROM `war_world`.`keep_creatures` WHERE (`Y` = '818213') and (`X` = '1397927') and (`Z` = '12144');
DELETE FROM `war_world`.`keep_creatures` WHERE (`Y` = '818243') and (`X` = '1400193') and (`Z` = '12135');
DELETE FROM `war_world`.`keep_creatures` WHERE (`Y` = '818610') and (`X` = '1396097') and (`Z` = '12142');
DELETE FROM `war_world`.`keep_creatures` WHERE (`Y` = '819491') and (`X` = '1401173') and (`Z` = '11472');
DELETE FROM `war_world`.`keep_creatures` WHERE (`Y` = '819857') and (`X` = '1393105') and (`Z` = '11472');
DELETE FROM `war_world`.`keep_creatures` WHERE (`Y` = '820126') and (`X` = '1394171') and (`Z` = '11472');
DELETE FROM `war_world`.`keep_creatures` WHERE (`Y` = '820204') and (`X` = '1404309') and (`Z` = '11472');
DELETE FROM `war_world`.`keep_creatures` WHERE (`Y` = '820345') and (`X` = '1399846') and (`Z` = '11467');
DELETE FROM `war_world`.`keep_creatures` WHERE (`Y` = '820465') and (`X` = '1402622') and (`Z` = '11472');
DELETE FROM `war_world`.`keep_creatures` WHERE (`Y` = '821114') and (`X` = '1393069') and (`Z` = '11472');
DELETE FROM `war_world`.`keep_creatures` WHERE (`Y` = '821135') and (`X` = '1393315') and (`Z` = '11472');
DELETE FROM `war_world`.`keep_creatures` WHERE (`Y` = '821183') and (`X` = '1398248') and (`Z` = '11477');
DELETE FROM `war_world`.`keep_creatures` WHERE (`Y` = '821220') and (`X` = '1397979') and (`Z` = '11463');
DELETE FROM `war_world`.`keep_creatures` WHERE (`Y` = '821259') and (`X` = '1402838') and (`Z` = '11472');
DELETE FROM `war_world`.`keep_creatures` WHERE (`Y` = '821267') and (`X` = '1400765') and (`Z` = '11472');
DELETE FROM `war_world`.`keep_creatures` WHERE (`Y` = '821322') and (`X` = '1402662') and (`Z` = '11472');
DELETE FROM `war_world`.`keep_creatures` WHERE (`Y` = '821992') and (`X` = '1393057') and (`Z` = '11468');
DELETE FROM `war_world`.`keep_creatures` WHERE (`Y` = '822013') and (`X` = '1393244') and (`Z` = '11472');
DELETE FROM `war_world`.`keep_creatures` WHERE (`Y` = '822080') and (`X` = '1398015') and (`Z` = '11455');
DELETE FROM `war_world`.`keep_creatures` WHERE (`Y` = '822085') and (`X` = '1398216') and (`Z` = '11456');
DELETE FROM `war_world`.`keep_creatures` WHERE (`Y` = '812609') and (`X` = '1398117') and (`Z` = '12330');
DELETE FROM `war_world`.`keep_creatures` WHERE (`Y` = '812614') and (`X` = '1398327') and (`Z` = '12304');
DELETE FROM `war_world`.`keep_creatures` WHERE (`Y` = '812620') and (`X` = '1398513') and (`Z` = '12312');
DELETE FROM `war_world`.`keep_creatures` WHERE (`Y` = '812627') and (`X` = '1398792') and (`Z` = '12329');
DELETE FROM `war_world`.`keep_creatures` WHERE (`Y` = '816372') and (`X` = '1398525') and (`Z` = '12175');
DELETE FROM `war_world`.`keep_creatures` WHERE (`Y` = '816733') and (`X` = '1398787') and (`Z` = '12352');
DELETE FROM `war_world`.`keep_creatures` WHERE (`Y` = '817342') and (`X` = '1395731') and (`Z` = '12122');
DELETE FROM `war_world`.`keep_creatures` WHERE (`Y` = '818023') and (`X` = '1399559') and (`Z` = '12144');
DELETE FROM `war_world`.`keep_creatures` WHERE (`Y` = '819375') and (`X` = '1397449') and (`Z` = '12056');
DELETE FROM `war_world`.`keep_creatures` WHERE (`Y` = '819446') and (`X` = '1398625') and (`Z` = '11990');
DELETE FROM `war_world`.`keep_creatures` WHERE (`Y` = '820262') and (`X` = '1402870') and (`Z` = '11472');
DELETE FROM `war_world`.`keep_creatures` WHERE (`Y` = '820531') and (`X` = '1399070') and (`Z` = '11472');
DELETE FROM `war_world`.`keep_creatures` WHERE (`Y` = '820664') and (`X` = '1396253') and (`Z` = '11472');
DELETE FROM `war_world`.`keep_creatures` WHERE (`Y` = '820670') and (`X` = '1392893') and (`Z` = '11463');
DELETE FROM `war_world`.`keep_creatures` WHERE (`Y` = '821241') and (`X` = '1394918') and (`Z` = '11472');
DELETE FROM `war_world`.`keep_creatures` WHERE (`Y` = '821543') and (`X` = '1400409') and (`Z` = '11472');
DELETE FROM `war_world`.`keep_creatures` WHERE (`Y` = '814800') and (`X` = '1399457') and (`Z` = '12130');
DELETE FROM `war_world`.`keep_creatures` WHERE (`Y` = '814900') and (`X` = '1396749') and (`Z` = '12144');
DELETE FROM `war_world`.`keep_creatures` WHERE (`Y` = '816598') and (`X` = '1398973') and (`Z` = '12352');
DELETE FROM `war_world`.`keep_creatures` WHERE (`Y` = '817648') and (`X` = '1398409') and (`Z` = '12175');
DELETE FROM `war_world`.`keep_creatures` WHERE (`Y` = '818171') and (`X` = '1396375') and (`Z` = '12144');
DELETE FROM `war_world`.`keep_creatures` WHERE (`Y` = '819108') and (`X` = '1396271') and (`Z` = '12078');
DELETE FROM `war_world`.`keep_creatures` WHERE (`Y` = '819221') and (`X` = '1400102') and (`Z` = '12019');
DELETE FROM `war_world`.`keep_creatures` WHERE (`Y` = '820442') and (`X` = '1402036') and (`Z` = '11472');
DELETE FROM `war_world`.`keep_creatures` WHERE (`Y` = '820637') and (`X` = '1393571') and (`Z` = '11472');
DELETE FROM `war_world`.`keep_creatures` WHERE (`Y` = '820791') and (`X` = '1401095') and (`Z` = '11472');
DELETE FROM `war_world`.`keep_creatures` WHERE (`Y` = '821161') and (`X` = '1397027') and (`Z` = '11469');
DELETE FROM `war_world`.`keep_creatures` WHERE (`Y` = '821823') and (`X` = '1400492') and (`Z` = '11472');
DELETE FROM `war_world`.`keep_creatures` WHERE (`Y` = '821925') and (`X` = '1395947') and (`Z` = '11472');
DELETE FROM `war_world`.`keep_creatures` WHERE (`Y` = '824761') and (`X` = '1401699') and (`Z` = '11607');
/* Stonewatch - Setting Spawn-Points within Keep-Table NPC, Merchants, Siege */
INSERT INTO `war_world`.`keep_creatures` (`KeepId`, `ZoneId`, `OrderId`, `DestroId`, `X`, `Y`, `Z`, `O`, `KeepLord`, `IsPatrol`, `WaypointGUID`) VALUES ('103', '10', '162', '0', '1399783', '814882', '12123', '1490', '0', '0', '0');
INSERT INTO `war_world`.`keep_creatures` (`KeepId`, `ZoneId`, `OrderId`, `DestroId`, `X`, `Y`, `Z`, `O`, `KeepLord`, `IsPatrol`, `WaypointGUID`) VALUES ('103', '10', '162', '0', '1395755', '815751', '12092', '3934', '0', '0', '0');
INSERT INTO `war_world`.`keep_creatures` (`KeepId`, `ZoneId`, `OrderId`, `DestroId`, `X`, `Y`, `Z`, `O`, `KeepLord`, `IsPatrol`, `WaypointGUID`) VALUES ('103', '10', '162', '0', '1395398', '817006', '12120', '3740', '0', '0', '0');
INSERT INTO `war_world`.`keep_creatures` (`KeepId`, `ZoneId`, `OrderId`, `DestroId`, `X`, `Y`, `Z`, `O`, `KeepLord`, `IsPatrol`, `WaypointGUID`) VALUES ('103', '10', '162', '0', '1400717', '817164', '12304', '1614', '0', '0', '0');
INSERT INTO `war_world`.`keep_creatures` (`KeepId`, `ZoneId`, `OrderId`, `DestroId`, `X`, `Y`, `Z`, `O`, `KeepLord`, `IsPatrol`, `WaypointGUID`) VALUES ('103', '10', '162', '0', '1404247', '817312', '12541', '1388', '0', '0', '0');
INSERT INTO `war_world`.`keep_creatures` (`KeepId`, `ZoneId`, `OrderId`, `DestroId`, `X`, `Y`, `Z`, `O`, `KeepLord`, `IsPatrol`, `WaypointGUID`) VALUES ('103', '10', '162', '0', '1404282', '817431', '12518', '542', '0', '0', '0');
INSERT INTO `war_world`.`keep_creatures` (`KeepId`, `ZoneId`, `OrderId`, `DestroId`, `X`, `Y`, `Z`, `O`, `KeepLord`, `IsPatrol`, `WaypointGUID`) VALUES ('103', '10', '162', '0', '1395561', '818294', '12101', '4076', '0', '0', '0');
INSERT INTO `war_world`.`keep_creatures` (`KeepId`, `ZoneId`, `OrderId`, `DestroId`, `X`, `Y`, `Z`, `O`, `KeepLord`, `IsPatrol`, `WaypointGUID`) VALUES ('103', '10', '162', '0', '1397117', '818354', '12144', '3892', '0', '0', '0');
INSERT INTO `war_world`.`keep_creatures` (`KeepId`, `ZoneId`, `OrderId`, `DestroId`, `X`, `Y`, `Z`, `O`, `KeepLord`, `IsPatrol`, `WaypointGUID`) VALUES ('103', '10', '162', '0', '1402416', '819263', '11457', '3226', '0', '0', '0');
INSERT INTO `war_world`.`keep_creatures` (`KeepId`, `ZoneId`, `OrderId`, `DestroId`, `X`, `Y`, `Z`, `O`, `KeepLord`, `IsPatrol`, `WaypointGUID`) VALUES ('103', '10', '162', '0', '1395451', '819692', '11472', '3450', '0', '0', '0');
INSERT INTO `war_world`.`keep_creatures` (`KeepId`, `ZoneId`, `OrderId`, `DestroId`, `X`, `Y`, `Z`, `O`, `KeepLord`, `IsPatrol`, `WaypointGUID`) VALUES ('103', '10', '162', '0', '1394978', '819703', '11472', '3430', '0', '0', '0');
INSERT INTO `war_world`.`keep_creatures` (`KeepId`, `ZoneId`, `OrderId`, `DestroId`, `X`, `Y`, `Z`, `O`, `KeepLord`, `IsPatrol`, `WaypointGUID`) VALUES ('103', '10', '162', '0', '1392278', '819945', '11488', '3400', '0', '0', '0');
INSERT INTO `war_world`.`keep_creatures` (`KeepId`, `ZoneId`, `OrderId`, `DestroId`, `X`, `Y`, `Z`, `O`, `KeepLord`, `IsPatrol`, `WaypointGUID`) VALUES ('103', '10', '162', '0', '1400365', '820020', '11457', '3744', '0', '0', '0');
INSERT INTO `war_world`.`keep_creatures` (`KeepId`, `ZoneId`, `OrderId`, `DestroId`, `X`, `Y`, `Z`, `O`, `KeepLord`, `IsPatrol`, `WaypointGUID`) VALUES ('103', '10', '162', '0', '1405206', '820432', '11354', '3684', '0', '0', '0');
INSERT INTO `war_world`.`keep_creatures` (`KeepId`, `ZoneId`, `OrderId`, `DestroId`, `X`, `Y`, `Z`, `O`, `KeepLord`, `IsPatrol`, `WaypointGUID`) VALUES ('103', '10', '162', '0', '1391299', '820660', '11462', '208', '0', '0', '0');
INSERT INTO `war_world`.`keep_creatures` (`KeepId`, `ZoneId`, `OrderId`, `DestroId`, `X`, `Y`, `Z`, `O`, `KeepLord`, `IsPatrol`, `WaypointGUID`) VALUES ('103', '10', '162', '0', '1401441', '820774', '11472', '2700', '0', '0', '0');
INSERT INTO `war_world`.`keep_creatures` (`KeepId`, `ZoneId`, `OrderId`, `DestroId`, `X`, `Y`, `Z`, `O`, `KeepLord`, `IsPatrol`, `WaypointGUID`) VALUES ('103', '10', '162', '0', '1405296', '820864', '11408', '242', '0', '0', '0');
INSERT INTO `war_world`.`keep_creatures` (`KeepId`, `ZoneId`, `OrderId`, `DestroId`, `X`, `Y`, `Z`, `O`, `KeepLord`, `IsPatrol`, `WaypointGUID`) VALUES ('103', '10', '162', '0', '1401495', '820928', '11472', '2980', '0', '0', '0');
INSERT INTO `war_world`.`keep_creatures` (`KeepId`, `ZoneId`, `OrderId`, `DestroId`, `X`, `Y`, `Z`, `O`, `KeepLord`, `IsPatrol`, `WaypointGUID`) VALUES ('103', '10', '162', '0', '1392247', '821111', '11472', '2196', '0', '0', '0');
INSERT INTO `war_world`.`keep_creatures` (`KeepId`, `ZoneId`, `OrderId`, `DestroId`, `X`, `Y`, `Z`, `O`, `KeepLord`, `IsPatrol`, `WaypointGUID`) VALUES ('103', '10', '162', '0', '1395068', '821383', '11472', '10', '0', '0', '0');
INSERT INTO `war_world`.`keep_creatures` (`KeepId`, `ZoneId`, `OrderId`, `DestroId`, `X`, `Y`, `Z`, `O`, `KeepLord`, `IsPatrol`, `WaypointGUID`) VALUES ('103', '10', '162', '0', '1397076', '821460', '11472', '2656', '0', '0', '0');
INSERT INTO `war_world`.`keep_creatures` (`KeepId`, `ZoneId`, `OrderId`, `DestroId`, `X`, `Y`, `Z`, `O`, `KeepLord`, `IsPatrol`, `WaypointGUID`) VALUES ('103', '10', '162', '0', '1391281', '822258', '11472', '820', '0', '0', '0');
INSERT INTO `war_world`.`keep_creatures` (`KeepId`, `ZoneId`, `OrderId`, `DestroId`, `X`, `Y`, `Z`, `O`, `KeepLord`, `IsPatrol`, `WaypointGUID`) VALUES ('103', '10', '162', '0', '1395186', '822264', '11472', '2808', '0', '0', '0');
INSERT INTO `war_world`.`keep_creatures` (`KeepId`, `ZoneId`, `OrderId`, `DestroId`, `X`, `Y`, `Z`, `O`, `KeepLord`, `IsPatrol`, `WaypointGUID`) VALUES ('103', '10', '162', '0', '1396253', '822435', '11472', '1514', '0', '0', '0');
INSERT INTO `war_world`.`keep_creatures` (`KeepId`, `ZoneId`, `OrderId`, `DestroId`, `X`, `Y`, `Z`, `O`, `KeepLord`, `IsPatrol`, `WaypointGUID`) VALUES ('103', '10', '162', '0', '1396231', '822511', '11472', '1526', '0', '0', '0');
INSERT INTO `war_world`.`keep_creatures` (`KeepId`, `ZoneId`, `OrderId`, `DestroId`, `X`, `Y`, `Z`, `O`, `KeepLord`, `IsPatrol`, `WaypointGUID`) VALUES ('103', '10', '900', '0', '1398176', '816296', '13718', '4044', '0', '0', '0');
INSERT INTO `war_world`.`keep_creatures` (`KeepId`, `ZoneId`, `OrderId`, `DestroId`, `X`, `Y`, `Z`, `O`, `KeepLord`, `IsPatrol`, `WaypointGUID`) VALUES ('103', '10', '917', '0', '1398180', '816826', '13718', '2008', '0', '0', '0');
INSERT INTO `war_world`.`keep_creatures` (`KeepId`, `ZoneId`, `OrderId`, `DestroId`, `X`, `Y`, `Z`, `O`, `KeepLord`, `IsPatrol`, `WaypointGUID`) VALUES ('103', '10', '6884', '15959', '1398053', '816541', '13222', '2046', '1', '0', '0');
INSERT INTO `war_world`.`keep_creatures` (`KeepId`, `ZoneId`, `OrderId`, `DestroId`, `X`, `Y`, `Z`, `O`, `KeepLord`, `IsPatrol`, `WaypointGUID`) VALUES ('103', '10', '13415', '0', '1404511', '821614', '12042', '1092', '0', '0', '0');
INSERT INTO `war_world`.`keep_creatures` (`KeepId`, `ZoneId`, `OrderId`, `DestroId`, `X`, `Y`, `Z`, `O`, `KeepLord`, `IsPatrol`, `WaypointGUID`) VALUES ('103', '10', '13415', '0', '1401498', '822556', '12042', '2638', '0', '0', '0');
INSERT INTO `war_world`.`keep_creatures` (`KeepId`, `ZoneId`, `OrderId`, `DestroId`, `X`, `Y`, `Z`, `O`, `KeepLord`, `IsPatrol`, `WaypointGUID`) VALUES ('103', '10', '13415', '0', '1391534', '822792', '12042', '2780', '0', '0', '0');
INSERT INTO `war_world`.`keep_creatures` (`KeepId`, `ZoneId`, `OrderId`, `DestroId`, `X`, `Y`, `Z`, `O`, `KeepLord`, `IsPatrol`, `WaypointGUID`) VALUES ('103', '10', '13415', '0', '1394708', '822913', '12042', '1310', '0', '0', '0');
INSERT INTO `war_world`.`keep_creatures` (`KeepId`, `ZoneId`, `OrderId`, `DestroId`, `X`, `Y`, `Z`, `O`, `KeepLord`, `IsPatrol`, `WaypointGUID`) VALUES ('103', '10', '13415', '0', '1399702', '822915', '12042', '1228', '0', '0', '0');
INSERT INTO `war_world`.`keep_creatures` (`KeepId`, `ZoneId`, `OrderId`, `DestroId`, `X`, `Y`, `Z`, `O`, `KeepLord`, `IsPatrol`, `WaypointGUID`) VALUES ('103', '10', '13415', '0', '1396532', '822922', '12042', '2832', '0', '0', '0');
INSERT INTO `war_world`.`keep_creatures` (`KeepId`, `ZoneId`, `OrderId`, `DestroId`, `X`, `Y`, `Z`, `O`, `KeepLord`, `IsPatrol`, `WaypointGUID`) VALUES ('103', '10', '13416', '0', '1404204', '820504', '12023', '290', '0', '0', '0');
INSERT INTO `war_world`.`keep_creatures` (`KeepId`, `ZoneId`, `OrderId`, `DestroId`, `X`, `Y`, `Z`, `O`, `KeepLord`, `IsPatrol`, `WaypointGUID`) VALUES ('103', '10', '13416', '0', '1401121', '821460', '12023', '3368', '0', '0', '0');
INSERT INTO `war_world`.`keep_creatures` (`KeepId`, `ZoneId`, `OrderId`, `DestroId`, `X`, `Y`, `Z`, `O`, `KeepLord`, `IsPatrol`, `WaypointGUID`) VALUES ('103', '10', '13416', '0', '1391557', '821652', '12023', '3472', '0', '0', '0');
INSERT INTO `war_world`.`keep_creatures` (`KeepId`, `ZoneId`, `OrderId`, `DestroId`, `X`, `Y`, `Z`, `O`, `KeepLord`, `IsPatrol`, `WaypointGUID`) VALUES ('103', '10', '13416', '0', '1399728', '821761', '12023', '472', '0', '0', '0');
INSERT INTO `war_world`.`keep_creatures` (`KeepId`, `ZoneId`, `OrderId`, `DestroId`, `X`, `Y`, `Z`, `O`, `KeepLord`, `IsPatrol`, `WaypointGUID`) VALUES ('103', '10', '13416', '0', '1396505', '821766', '12023', '3502', '0', '0', '0');
INSERT INTO `war_world`.`keep_creatures` (`KeepId`, `ZoneId`, `OrderId`, `DestroId`, `X`, `Y`, `Z`, `O`, `KeepLord`, `IsPatrol`, `WaypointGUID`) VALUES ('103', '10', '13416', '0', '1394755', '821771', '12023', '458', '0', '0', '0');
INSERT INTO `war_world`.`keep_creatures` (`KeepId`, `ZoneId`, `OrderId`, `DestroId`, `X`, `Y`, `Z`, `O`, `KeepLord`, `IsPatrol`, `WaypointGUID`) VALUES ('103', '10', '68133', '0', '1397891', '816819', '13718', '2058', '0', '0', '0');
INSERT INTO `war_world`.`keep_creatures` (`KeepId`, `ZoneId`, `OrderId`, `DestroId`, `X`, `Y`, `Z`, `O`, `KeepLord`, `IsPatrol`, `WaypointGUID`) VALUES ('103', '10', '98894', '0', '1397891', '816287', '13718', '4058', '0', '0', '0');
INSERT INTO `war_world`.`keep_creatures` (`KeepId`, `ZoneId`, `OrderId`, `DestroId`, `X`, `Y`, `Z`, `O`, `KeepLord`, `IsPatrol`, `WaypointGUID`) VALUES ('103', '10', '1000138', '0', '1402666', '820994', '12014', '3906', '0', '0', '0');
INSERT INTO `war_world`.`keep_creatures` (`KeepId`, `ZoneId`, `OrderId`, `DestroId`, `X`, `Y`, `Z`, `O`, `KeepLord`, `IsPatrol`, `WaypointGUID`) VALUES ('103', '10', '1000138', '0', '1393163', '821707', '12014', '16', '0', '0', '0');
INSERT INTO `war_world`.`keep_creatures` (`KeepId`, `ZoneId`, `OrderId`, `DestroId`, `X`, `Y`, `Z`, `O`, `KeepLord`, `IsPatrol`, `WaypointGUID`) VALUES ('103', '10', '1000138', '0', '1398113', '821774', '12014', '4044', '0', '0', '0');
INSERT INTO `war_world`.`keep_creatures` (`KeepId`, `ZoneId`, `OrderId`, `DestroId`, `X`, `Y`, `Z`, `O`, `KeepLord`, `IsPatrol`, `WaypointGUID`) VALUES ('103', '10', '1035555', '0', '1398181', '816330', '13222', '4076', '0', '0', '0');
INSERT INTO `war_world`.`keep_creatures` (`KeepId`, `ZoneId`, `OrderId`, `DestroId`, `X`, `Y`, `Z`, `O`, `KeepLord`, `IsPatrol`, `WaypointGUID`) VALUES ('103', '10', '1035555', '0', '1397890', '816338', '13222', '16', '0', '0', '0');
INSERT INTO `war_world`.`keep_creatures` (`KeepId`, `ZoneId`, `OrderId`, `DestroId`, `X`, `Y`, `Z`, `O`, `KeepLord`, `IsPatrol`, `WaypointGUID`) VALUES ('103', '10', '1035555', '0', '1398181', '816781', '13222', '2062', '0', '0', '0');
INSERT INTO `war_world`.`keep_creatures` (`KeepId`, `ZoneId`, `OrderId`, `DestroId`, `X`, `Y`, `Z`, `O`, `KeepLord`, `IsPatrol`, `WaypointGUID`) VALUES ('103', '10', '1035555', '0', '1397880', '816790', '13222', '2062', '0', '0', '0');
INSERT INTO `war_world`.`keep_creatures` (`KeepId`, `ZoneId`, `OrderId`, `DestroId`, `X`, `Y`, `Z`, `O`, `KeepLord`, `IsPatrol`, `WaypointGUID`) VALUES ('103', '10', '1035556', '0', '1398721', '812084', '12312', '0', '0', '0', '0');
INSERT INTO `war_world`.`keep_creatures` (`KeepId`, `ZoneId`, `OrderId`, `DestroId`, `X`, `Y`, `Z`, `O`, `KeepLord`, `IsPatrol`, `WaypointGUID`) VALUES ('103', '10', '1035556', '0', '1398054', '812149', '12292', '3946', '0', '0', '0');
INSERT INTO `war_world`.`keep_creatures` (`KeepId`, `ZoneId`, `OrderId`, `DestroId`, `X`, `Y`, `Z`, `O`, `KeepLord`, `IsPatrol`, `WaypointGUID`) VALUES ('103', '10', '1035556', '0', '1397634', '816204', '12992', '1012', '0', '0', '0');
INSERT INTO `war_world`.`keep_creatures` (`KeepId`, `ZoneId`, `OrderId`, `DestroId`, `X`, `Y`, `Z`, `O`, `KeepLord`, `IsPatrol`, `WaypointGUID`) VALUES ('103', '10', '1035556', '0', '1398410', '817160', '12175', '38', '0', '0', '0');
INSERT INTO `war_world`.`keep_creatures` (`KeepId`, `ZoneId`, `OrderId`, `DestroId`, `X`, `Y`, `Z`, `O`, `KeepLord`, `IsPatrol`, `WaypointGUID`) VALUES ('103', '10', '1035556', '0', '1398026', '817363', '12145', '4064', '0', '0', '0');
INSERT INTO `war_world`.`keep_creatures` (`KeepId`, `ZoneId`, `OrderId`, `DestroId`, `X`, `Y`, `Z`, `O`, `KeepLord`, `IsPatrol`, `WaypointGUID`) VALUES ('103', '10', '1035556', '0', '1398066', '819319', '11986', '4074', '0', '0', '0');
INSERT INTO `war_world`.`keep_creatures` (`KeepId`, `ZoneId`, `OrderId`, `DestroId`, `X`, `Y`, `Z`, `O`, `KeepLord`, `IsPatrol`, `WaypointGUID`) VALUES ('103', '10', '1035556', '0', '1394145', '819690', '11472', '4064', '0', '0', '0');
INSERT INTO `war_world`.`keep_creatures` (`KeepId`, `ZoneId`, `OrderId`, `DestroId`, `X`, `Y`, `Z`, `O`, `KeepLord`, `IsPatrol`, `WaypointGUID`) VALUES ('103', '10', '1035556', '0', '1402613', '819900', '11472', '90', '0', '0', '0');
INSERT INTO `war_world`.`keep_creatures` (`KeepId`, `ZoneId`, `OrderId`, `DestroId`, `X`, `Y`, `Z`, `O`, `KeepLord`, `IsPatrol`, `WaypointGUID`) VALUES ('103', '10', '1035556', '0', '1395617', '824171', '11595', '3062', '0', '0', '0');
INSERT INTO `war_world`.`keep_creatures` (`KeepId`, `ZoneId`, `OrderId`, `DestroId`, `X`, `Y`, `Z`, `O`, `KeepLord`, `IsPatrol`, `WaypointGUID`) VALUES ('103', '10', '1035556', '0', '1400649', '825525', '11910', '118', '0', '0', '0');
INSERT INTO `war_world`.`keep_creatures` (`KeepId`, `ZoneId`, `OrderId`, `DestroId`, `X`, `Y`, `Z`, `O`, `KeepLord`, `IsPatrol`, `WaypointGUID`) VALUES ('103', '10', '1035557', '0', '1398324', '811961', '12312', '0', '0', '0', '0');
INSERT INTO `war_world`.`keep_creatures` (`KeepId`, `ZoneId`, `OrderId`, `DestroId`, `X`, `Y`, `Z`, `O`, `KeepLord`, `IsPatrol`, `WaypointGUID`) VALUES ('103', '10', '1035557', '0', '1398272', '816676', '12729', '2', '0', '0', '0');
INSERT INTO `war_world`.`keep_creatures` (`KeepId`, `ZoneId`, `OrderId`, `DestroId`, `X`, `Y`, `Z`, `O`, `KeepLord`, `IsPatrol`, `WaypointGUID`) VALUES ('103', '10', '1035557', '0', '1397690', '817120', '12175', '38', '0', '0', '0');
INSERT INTO `war_world`.`keep_creatures` (`KeepId`, `ZoneId`, `OrderId`, `DestroId`, `X`, `Y`, `Z`, `O`, `KeepLord`, `IsPatrol`, `WaypointGUID`) VALUES ('103', '10', '1035557', '0', '1397033', '817346', '12175', '2038', '0', '0', '0');
INSERT INTO `war_world`.`keep_creatures` (`KeepId`, `ZoneId`, `OrderId`, `DestroId`, `X`, `Y`, `Z`, `O`, `KeepLord`, `IsPatrol`, `WaypointGUID`) VALUES ('103', '10', '1035557', '0', '1397547', '818753', '12144', '4020', '0', '0', '0');
INSERT INTO `war_world`.`keep_creatures` (`KeepId`, `ZoneId`, `OrderId`, `DestroId`, `X`, `Y`, `Z`, `O`, `KeepLord`, `IsPatrol`, `WaypointGUID`) VALUES ('103', '10', '1035557', '0', '1398565', '818780', '12136', '0', '0', '0', '0');
INSERT INTO `war_world`.`keep_creatures` (`KeepId`, `ZoneId`, `OrderId`, `DestroId`, `X`, `Y`, `Z`, `O`, `KeepLord`, `IsPatrol`, `WaypointGUID`) VALUES ('103', '10', '1035557', '0', '1395716', '819948', '11472', '54', '0', '0', '0');
INSERT INTO `war_world`.`keep_creatures` (`KeepId`, `ZoneId`, `OrderId`, `DestroId`, `X`, `Y`, `Z`, `O`, `KeepLord`, `IsPatrol`, `WaypointGUID`) VALUES ('103', '10', '1035557', '0', '1402077', '820083', '11472', '3590', '0', '0', '0');
INSERT INTO `war_world`.`keep_creatures` (`KeepId`, `ZoneId`, `OrderId`, `DestroId`, `X`, `Y`, `Z`, `O`, `KeepLord`, `IsPatrol`, `WaypointGUID`) VALUES ('103', '10', '1035557', '0', '1397633', '821041', '11441', '3512', '0', '0', '0');
INSERT INTO `war_world`.`keep_creatures` (`KeepId`, `ZoneId`, `OrderId`, `DestroId`, `X`, `Y`, `Z`, `O`, `KeepLord`, `IsPatrol`, `WaypointGUID`) VALUES ('103', '10', '1035557', '0', '1396760', '825036', '11574', '3934', '0', '0', '0');
INSERT INTO `war_world`.`keep_creatures` (`KeepId`, `ZoneId`, `OrderId`, `DestroId`, `X`, `Y`, `Z`, `O`, `KeepLord`, `IsPatrol`, `WaypointGUID`) VALUES ('103', '10', '1035557', '0', '1398961', '825552', '11841', '3944', '0', '0', '0');
INSERT INTO `war_world`.`keep_creatures` (`KeepId`, `ZoneId`, `OrderId`, `DestroId`, `X`, `Y`, `Z`, `O`, `KeepLord`, `IsPatrol`, `WaypointGUID`) VALUES ('103', '10', '1035558', '0', '1398107', '812447', '12312', '18', '0', '0', '0');
INSERT INTO `war_world`.`keep_creatures` (`KeepId`, `ZoneId`, `OrderId`, `DestroId`, `X`, `Y`, `Z`, `O`, `KeepLord`, `IsPatrol`, `WaypointGUID`) VALUES ('103', '10', '1035558', '0', '1398317', '812453', '12304', '18', '0', '0', '0');
INSERT INTO `war_world`.`keep_creatures` (`KeepId`, `ZoneId`, `OrderId`, `DestroId`, `X`, `Y`, `Z`, `O`, `KeepLord`, `IsPatrol`, `WaypointGUID`) VALUES ('103', '10', '1035558', '0', '1398499', '812458', '12312', '18', '0', '0', '0');
INSERT INTO `war_world`.`keep_creatures` (`KeepId`, `ZoneId`, `OrderId`, `DestroId`, `X`, `Y`, `Z`, `O`, `KeepLord`, `IsPatrol`, `WaypointGUID`) VALUES ('103', '10', '1035558', '0', '1398731', '812465', '12318', '18', '0', '0', '0');
INSERT INTO `war_world`.`keep_creatures` (`KeepId`, `ZoneId`, `OrderId`, `DestroId`, `X`, `Y`, `Z`, `O`, `KeepLord`, `IsPatrol`, `WaypointGUID`) VALUES ('103', '10', '1035558', '0', '1396681', '814792', '12138', '3704', '0', '0', '0');
INSERT INTO `war_world`.`keep_creatures` (`KeepId`, `ZoneId`, `OrderId`, `DestroId`, `X`, `Y`, `Z`, `O`, `KeepLord`, `IsPatrol`, `WaypointGUID`) VALUES ('103', '10', '1035558', '0', '1399554', '815157', '12143', '2022', '0', '0', '0');
INSERT INTO `war_world`.`keep_creatures` (`KeepId`, `ZoneId`, `OrderId`, `DestroId`, `X`, `Y`, `Z`, `O`, `KeepLord`, `IsPatrol`, `WaypointGUID`) VALUES ('103', '10', '1035558', '0', '1398205', '815942', '12716', '2066', '0', '0', '0');
INSERT INTO `war_world`.`keep_creatures` (`KeepId`, `ZoneId`, `OrderId`, `DestroId`, `X`, `Y`, `Z`, `O`, `KeepLord`, `IsPatrol`, `WaypointGUID`) VALUES ('103', '10', '1035558', '0', '1397800', '816355', '12729', '2048', '0', '0', '0');
INSERT INTO `war_world`.`keep_creatures` (`KeepId`, `ZoneId`, `OrderId`, `DestroId`, `X`, `Y`, `Z`, `O`, `KeepLord`, `IsPatrol`, `WaypointGUID`) VALUES ('103', '10', '1035558', '0', '1398908', '816614', '12352', '2036', '0', '0', '0');
INSERT INTO `war_world`.`keep_creatures` (`KeepId`, `ZoneId`, `OrderId`, `DestroId`, `X`, `Y`, `Z`, `O`, `KeepLord`, `IsPatrol`, `WaypointGUID`) VALUES ('103', '10', '1035558', '0', '1398792', '816688', '12352', '972', '0', '0', '0');
INSERT INTO `war_world`.`keep_creatures` (`KeepId`, `ZoneId`, `OrderId`, `DestroId`, `X`, `Y`, `Z`, `O`, `KeepLord`, `IsPatrol`, `WaypointGUID`) VALUES ('103', '10', '1035558', '0', '1395603', '817389', '12115', '3122', '0', '0', '0');
INSERT INTO `war_world`.`keep_creatures` (`KeepId`, `ZoneId`, `OrderId`, `DestroId`, `X`, `Y`, `Z`, `O`, `KeepLord`, `IsPatrol`, `WaypointGUID`) VALUES ('103', '10', '1035558', '0', '1398387', '817535', '12175', '16', '0', '0', '0');
INSERT INTO `war_world`.`keep_creatures` (`KeepId`, `ZoneId`, `OrderId`, `DestroId`, `X`, `Y`, `Z`, `O`, `KeepLord`, `IsPatrol`, `WaypointGUID`) VALUES ('103', '10', '1035558', '0', '1399587', '817937', '12144', '3482', '0', '0', '0');
INSERT INTO `war_world`.`keep_creatures` (`KeepId`, `ZoneId`, `OrderId`, `DestroId`, `X`, `Y`, `Z`, `O`, `KeepLord`, `IsPatrol`, `WaypointGUID`) VALUES ('103', '10', '1035558', '0', '1396331', '819167', '12073', '344', '0', '0', '0');
INSERT INTO `war_world`.`keep_creatures` (`KeepId`, `ZoneId`, `OrderId`, `DestroId`, `X`, `Y`, `Z`, `O`, `KeepLord`, `IsPatrol`, `WaypointGUID`) VALUES ('103', '10', '1035558', '0', '1400179', '819255', '12003', '3656', '0', '0', '0');
INSERT INTO `war_world`.`keep_creatures` (`KeepId`, `ZoneId`, `OrderId`, `DestroId`, `X`, `Y`, `Z`, `O`, `KeepLord`, `IsPatrol`, `WaypointGUID`) VALUES ('103', '10', '1035558', '0', '1398697', '819416', '11993', '94', '0', '0', '0');
INSERT INTO `war_world`.`keep_creatures` (`KeepId`, `ZoneId`, `OrderId`, `DestroId`, `X`, `Y`, `Z`, `O`, `KeepLord`, `IsPatrol`, `WaypointGUID`) VALUES ('103', '10', '1035558', '0', '1397379', '819425', '12058', '3704', '0', '0', '0');
INSERT INTO `war_world`.`keep_creatures` (`KeepId`, `ZoneId`, `OrderId`, `DestroId`, `X`, `Y`, `Z`, `O`, `KeepLord`, `IsPatrol`, `WaypointGUID`) VALUES ('103', '10', '1035558', '0', '1392350', '820354', '11459', '702', '0', '0', '0');
INSERT INTO `war_world`.`keep_creatures` (`KeepId`, `ZoneId`, `OrderId`, `DestroId`, `X`, `Y`, `Z`, `O`, `KeepLord`, `IsPatrol`, `WaypointGUID`) VALUES ('103', '10', '1035558', '0', '1402093', '820390', '11472', '3380', '0', '0', '0');
INSERT INTO `war_world`.`keep_creatures` (`KeepId`, `ZoneId`, `OrderId`, `DestroId`, `X`, `Y`, `Z`, `O`, `KeepLord`, `IsPatrol`, `WaypointGUID`) VALUES ('103', '10', '1035558', '0', '1401165', '820795', '11472', '1818', '0', '0', '0');
INSERT INTO `war_world`.`keep_creatures` (`KeepId`, `ZoneId`, `OrderId`, `DestroId`, `X`, `Y`, `Z`, `O`, `KeepLord`, `IsPatrol`, `WaypointGUID`) VALUES ('103', '10', '1035558', '0', '1393511', '820946', '11472', '448', '0', '0', '0');
INSERT INTO `war_world`.`keep_creatures` (`KeepId`, `ZoneId`, `OrderId`, `DestroId`, `X`, `Y`, `Z`, `O`, `KeepLord`, `IsPatrol`, `WaypointGUID`) VALUES ('103', '10', '1035558', '0', '1397096', '821174', '11466', '2204', '0', '0', '0');
INSERT INTO `war_world`.`keep_creatures` (`KeepId`, `ZoneId`, `OrderId`, `DestroId`, `X`, `Y`, `Z`, `O`, `KeepLord`, `IsPatrol`, `WaypointGUID`) VALUES ('103', '10', '1035558', '0', '1394993', '821205', '11472', '1624', '0', '0', '0');
INSERT INTO `war_world`.`keep_creatures` (`KeepId`, `ZoneId`, `OrderId`, `DestroId`, `X`, `Y`, `Z`, `O`, `KeepLord`, `IsPatrol`, `WaypointGUID`) VALUES ('103', '10', '1035558', '0', '1400465', '821607', '11472', '532', '0', '0', '0');
INSERT INTO `war_world`.`keep_creatures` (`KeepId`, `ZoneId`, `OrderId`, `DestroId`, `X`, `Y`, `Z`, `O`, `KeepLord`, `IsPatrol`, `WaypointGUID`) VALUES ('103', '10', '1035558', '0', '1395927', '821851', '11472', '534', '0', '0', '0');
INSERT INTO `war_world`.`keep_creatures` (`KeepId`, `ZoneId`, `OrderId`, `DestroId`, `X`, `Y`, `Z`, `O`, `KeepLord`, `IsPatrol`, `WaypointGUID`) VALUES ('103', '10', '1035558', '0', '1400427', '821874', '11472', '1654', '0', '0', '0');
INSERT INTO `war_world`.`keep_creatures` (`KeepId`, `ZoneId`, `OrderId`, `DestroId`, `X`, `Y`, `Z`, `O`, `KeepLord`, `IsPatrol`, `WaypointGUID`) VALUES ('103', '10', '1035558', '0', '1393240', '822897', '11433', '3816', '0', '0', '0');
INSERT INTO `war_world`.`keep_creatures` (`KeepId`, `ZoneId`, `OrderId`, `DestroId`, `X`, `Y`, `Z`, `O`, `KeepLord`, `IsPatrol`, `WaypointGUID`) VALUES ('103', '10', '1035558', '0', '1403215', '824186', '11776', '824', '0', '0', '0');
INSERT INTO `war_world`.`keep_creatures` (`KeepId`, `ZoneId`, `OrderId`, `DestroId`, `X`, `Y`, `Z`, `O`, `KeepLord`, `IsPatrol`, `WaypointGUID`) VALUES ('103', '10', '1035559', '0', '1398266', '816372', '12729', '2020', '0', '0', '0');
INSERT INTO `war_world`.`keep_creatures` (`KeepId`, `ZoneId`, `OrderId`, `DestroId`, `X`, `Y`, `Z`, `O`, `KeepLord`, `IsPatrol`, `WaypointGUID`) VALUES ('103', '10', '1035559', '0', '1398141', '818784', '12127', '4084', '0', '0', '0');
INSERT INTO `war_world`.`keep_creatures` (`KeepId`, `ZoneId`, `OrderId`, `DestroId`, `X`, `Y`, `Z`, `O`, `KeepLord`, `IsPatrol`, `WaypointGUID`) VALUES ('103', '10', '1035559', '0', '1399431', '819625', '11815', '3716', '0', '0', '0');
INSERT INTO `war_world`.`keep_creatures` (`KeepId`, `ZoneId`, `OrderId`, `DestroId`, `X`, `Y`, `Z`, `O`, `KeepLord`, `IsPatrol`, `WaypointGUID`) VALUES ('103', '10', '1035559', '0', '1397319', '820089', '11668', '3676', '0', '0', '0');
INSERT INTO `war_world`.`keep_creatures` (`KeepId`, `ZoneId`, `OrderId`, `DestroId`, `X`, `Y`, `Z`, `O`, `KeepLord`, `IsPatrol`, `WaypointGUID`) VALUES ('103', '10', '1035559', '0', '1394832', '820273', '11472', '3056', '0', '0', '0');
INSERT INTO `war_world`.`keep_creatures` (`KeepId`, `ZoneId`, `OrderId`, `DestroId`, `X`, `Y`, `Z`, `O`, `KeepLord`, `IsPatrol`, `WaypointGUID`) VALUES ('103', '10', '1035559', '0', '1398480', '820906', '11490', '390', '0', '0', '0');
INSERT INTO `war_world`.`keep_creatures` (`KeepId`, `ZoneId`, `OrderId`, `DestroId`, `X`, `Y`, `Z`, `O`, `KeepLord`, `IsPatrol`, `WaypointGUID`) VALUES ('103', '10', '1035559', '0', '1392881', '820936', '11472', '3728', '0', '0', '0');
INSERT INTO `war_world`.`keep_creatures` (`KeepId`, `ZoneId`, `OrderId`, `DestroId`, `X`, `Y`, `Z`, `O`, `KeepLord`, `IsPatrol`, `WaypointGUID`) VALUES ('103', '10', '1035559', '0', '1395722', '821821', '11472', '3252', '0', '0', '0');
INSERT INTO `war_world`.`keep_creatures` (`KeepId`, `ZoneId`, `OrderId`, `DestroId`, `X`, `Y`, `Z`, `O`, `KeepLord`, `IsPatrol`, `WaypointGUID`) VALUES ('103', '10', '1035559', '0', '1401957', '823106', '11431', '136', '0', '0', '0');
INSERT INTO `war_world`.`keep_creatures` (`KeepId`, `ZoneId`, `OrderId`, `DestroId`, `X`, `Y`, `Z`, `O`, `KeepLord`, `IsPatrol`, `WaypointGUID`) VALUES ('103', '10', '1035559', '0', '1399350', '823458', '11446', '3652', '0', '0', '0');
INSERT INTO `war_world`.`keep_creatures` (`KeepId`, `ZoneId`, `OrderId`, `DestroId`, `X`, `Y`, `Z`, `O`, `KeepLord`, `IsPatrol`, `WaypointGUID`) VALUES ('103', '10', '1035559', '0', '1403922', '823833', '11772', '288', '0', '0', '0');
INSERT INTO `war_world`.`keep_creatures` (`KeepId`, `ZoneId`, `OrderId`, `DestroId`, `X`, `Y`, `Z`, `O`, `KeepLord`, `IsPatrol`, `WaypointGUID`) VALUES ('103', '10', '1035559', '0', '1400163', '824881', '11815', '464', '0', '0', '0');
INSERT INTO `war_world`.`keep_creatures` (`KeepId`, `ZoneId`, `OrderId`, `DestroId`, `X`, `Y`, `Z`, `O`, `KeepLord`, `IsPatrol`, `WaypointGUID`) VALUES ('103', '10', '1035560', '0', '1398724', '811763', '12312', '0', '0', '0', '0');
INSERT INTO `war_world`.`keep_creatures` (`KeepId`, `ZoneId`, `OrderId`, `DestroId`, `X`, `Y`, `Z`, `O`, `KeepLord`, `IsPatrol`, `WaypointGUID`) VALUES ('103', '10', '1035560', '0', '1397998', '811795', '12309', '3980', '0', '0', '0');
INSERT INTO `war_world`.`keep_creatures` (`KeepId`, `ZoneId`, `OrderId`, `DestroId`, `X`, `Y`, `Z`, `O`, `KeepLord`, `IsPatrol`, `WaypointGUID`) VALUES ('103', '10', '1035560', '0', '1397423', '814778', '12120', '2924', '0', '0', '0');
INSERT INTO `war_world`.`keep_creatures` (`KeepId`, `ZoneId`, `OrderId`, `DestroId`, `X`, `Y`, `Z`, `O`, `KeepLord`, `IsPatrol`, `WaypointGUID`) VALUES ('103', '10', '1035560', '0', '1399308', '815587', '12370', '16', '0', '0', '0');
INSERT INTO `war_world`.`keep_creatures` (`KeepId`, `ZoneId`, `OrderId`, `DestroId`, `X`, `Y`, `Z`, `O`, `KeepLord`, `IsPatrol`, `WaypointGUID`) VALUES ('103', '10', '1035560', '0', '1396005', '816196', '12133', '136', '0', '0', '0');
INSERT INTO `war_world`.`keep_creatures` (`KeepId`, `ZoneId`, `OrderId`, `DestroId`, `X`, `Y`, `Z`, `O`, `KeepLord`, `IsPatrol`, `WaypointGUID`) VALUES ('103', '10', '1035560', '0', '1397921', '816417', '12182', '2252', '0', '0', '0');
INSERT INTO `war_world`.`keep_creatures` (`KeepId`, `ZoneId`, `OrderId`, `DestroId`, `X`, `Y`, `Z`, `O`, `KeepLord`, `IsPatrol`, `WaypointGUID`) VALUES ('103', '10', '1035560', '0', '1398150', '816423', '12182', '1740', '0', '0', '0');
INSERT INTO `war_world`.`keep_creatures` (`KeepId`, `ZoneId`, `OrderId`, `DestroId`, `X`, `Y`, `Z`, `O`, `KeepLord`, `IsPatrol`, `WaypointGUID`) VALUES ('103', '10', '1035560', '0', '1397776', '816713', '12729', '8', '0', '0', '0');
INSERT INTO `war_world`.`keep_creatures` (`KeepId`, `ZoneId`, `OrderId`, `DestroId`, `X`, `Y`, `Z`, `O`, `KeepLord`, `IsPatrol`, `WaypointGUID`) VALUES ('103', '10', '1035560', '0', '1400018', '816907', '12144', '2198', '0', '0', '0');
INSERT INTO `war_world`.`keep_creatures` (`KeepId`, `ZoneId`, `OrderId`, `DestroId`, `X`, `Y`, `Z`, `O`, `KeepLord`, `IsPatrol`, `WaypointGUID`) VALUES ('103', '10', '1035560', '0', '1398874', '817311', '12352', '4086', '0', '0', '0');
INSERT INTO `war_world`.`keep_creatures` (`KeepId`, `ZoneId`, `OrderId`, `DestroId`, `X`, `Y`, `Z`, `O`, `KeepLord`, `IsPatrol`, `WaypointGUID`) VALUES ('103', '10', '1035560', '0', '1397666', '817508', '12175', '16', '0', '0', '0');
INSERT INTO `war_world`.`keep_creatures` (`KeepId`, `ZoneId`, `OrderId`, `DestroId`, `X`, `Y`, `Z`, `O`, `KeepLord`, `IsPatrol`, `WaypointGUID`) VALUES ('103', '10', '1035560', '0', '1396941', '817846', '12175', '2576', '0', '0', '0');
INSERT INTO `war_world`.`keep_creatures` (`KeepId`, `ZoneId`, `OrderId`, `DestroId`, `X`, `Y`, `Z`, `O`, `KeepLord`, `IsPatrol`, `WaypointGUID`) VALUES ('103', '10', '1035560', '0', '1399741', '818449', '12109', '356', '0', '0', '0');
INSERT INTO `war_world`.`keep_creatures` (`KeepId`, `ZoneId`, `OrderId`, `DestroId`, `X`, `Y`, `Z`, `O`, `KeepLord`, `IsPatrol`, `WaypointGUID`) VALUES ('103', '10', '1035560', '0', '1404233', '819818', '11457', '3918', '0', '0', '0');
INSERT INTO `war_world`.`keep_creatures` (`KeepId`, `ZoneId`, `OrderId`, `DestroId`, `X`, `Y`, `Z`, `O`, `KeepLord`, `IsPatrol`, `WaypointGUID`) VALUES ('103', '10', '1035560', '0', '1395907', '820191', '11472', '1094', '0', '0', '0');
INSERT INTO `war_world`.`keep_creatures` (`KeepId`, `ZoneId`, `OrderId`, `DestroId`, `X`, `Y`, `Z`, `O`, `KeepLord`, `IsPatrol`, `WaypointGUID`) VALUES ('103', '10', '1035560', '0', '1402436', '820217', '11472', '3940', '0', '0', '0');
INSERT INTO `war_world`.`keep_creatures` (`KeepId`, `ZoneId`, `OrderId`, `DestroId`, `X`, `Y`, `Z`, `O`, `KeepLord`, `IsPatrol`, `WaypointGUID`) VALUES ('103', '10', '1035560', '0', '1398371', '820515', '11566', '94', '0', '0', '0');
INSERT INTO `war_world`.`keep_creatures` (`KeepId`, `ZoneId`, `OrderId`, `DestroId`, `X`, `Y`, `Z`, `O`, `KeepLord`, `IsPatrol`, `WaypointGUID`) VALUES ('103', '10', '1035560', '0', '1397704', '820578', '11544', '3824', '0', '0', '0');
INSERT INTO `war_world`.`keep_creatures` (`KeepId`, `ZoneId`, `OrderId`, `DestroId`, `X`, `Y`, `Z`, `O`, `KeepLord`, `IsPatrol`, `WaypointGUID`) VALUES ('103', '10', '1035560', '0', '1393196', '820833', '11472', '20', '0', '0', '0');
INSERT INTO `war_world`.`keep_creatures` (`KeepId`, `ZoneId`, `OrderId`, `DestroId`, `X`, `Y`, `Z`, `O`, `KeepLord`, `IsPatrol`, `WaypointGUID`) VALUES ('103', '10', '1035560', '0', '1400244', '821761', '11472', '2906', '0', '0', '0');
INSERT INTO `war_world`.`keep_creatures` (`KeepId`, `ZoneId`, `OrderId`, `DestroId`, `X`, `Y`, `Z`, `O`, `KeepLord`, `IsPatrol`, `WaypointGUID`) VALUES ('103', '10', '1035560', '0', '1393724', '824453', '11792', '3286', '0', '0', '0');
INSERT INTO `war_world`.`keep_creatures` (`KeepId`, `ZoneId`, `OrderId`, `DestroId`, `X`, `Y`, `Z`, `O`, `KeepLord`, `IsPatrol`, `WaypointGUID`) VALUES ('103', '10', '1035561', '0', '1399554', '814688', '12128', '334', '0', '0', '0');
INSERT INTO `war_world`.`keep_creatures` (`KeepId`, `ZoneId`, `OrderId`, `DestroId`, `X`, `Y`, `Z`, `O`, `KeepLord`, `IsPatrol`, `WaypointGUID`) VALUES ('103', '10', '1035561', '0', '1398542', '816313', '12175', '498', '0', '0', '0');
INSERT INTO `war_world`.`keep_creatures` (`KeepId`, `ZoneId`, `OrderId`, `DestroId`, `X`, `Y`, `Z`, `O`, `KeepLord`, `IsPatrol`, `WaypointGUID`) VALUES ('103', '10', '1035561', '0', '1398738', '817000', '12175', '980', '0', '0', '0');
INSERT INTO `war_world`.`keep_creatures` (`KeepId`, `ZoneId`, `OrderId`, `DestroId`, `X`, `Y`, `Z`, `O`, `KeepLord`, `IsPatrol`, `WaypointGUID`) VALUES ('103', '10', '1035561', '0', '1396424', '818245', '12144', '444', '0', '0', '0');
INSERT INTO `war_world`.`keep_creatures` (`KeepId`, `ZoneId`, `OrderId`, `DestroId`, `X`, `Y`, `Z`, `O`, `KeepLord`, `IsPatrol`, `WaypointGUID`) VALUES ('103', '10', '1035561', '0', '1402806', '820246', '11472', '406', '0', '0', '0');
INSERT INTO `war_world`.`keep_creatures` (`KeepId`, `ZoneId`, `OrderId`, `DestroId`, `X`, `Y`, `Z`, `O`, `KeepLord`, `IsPatrol`, `WaypointGUID`) VALUES ('103', '10', '1035561', '0', '1392067', '820405', '11473', '3036', '0', '0', '0');
INSERT INTO `war_world`.`keep_creatures` (`KeepId`, `ZoneId`, `OrderId`, `DestroId`, `X`, `Y`, `Z`, `O`, `KeepLord`, `IsPatrol`, `WaypointGUID`) VALUES ('103', '10', '1035561', '0', '1399060', '820461', '11487', '958', '0', '0', '0');
INSERT INTO `war_world`.`keep_creatures` (`KeepId`, `ZoneId`, `OrderId`, `DestroId`, `X`, `Y`, `Z`, `O`, `KeepLord`, `IsPatrol`, `WaypointGUID`) VALUES ('103', '10', '1035561', '0', '1392848', '820599', '11448', '3738', '0', '0', '0');
INSERT INTO `war_world`.`keep_creatures` (`KeepId`, `ZoneId`, `OrderId`, `DestroId`, `X`, `Y`, `Z`, `O`, `KeepLord`, `IsPatrol`, `WaypointGUID`) VALUES ('103', '10', '1035561', '0', '1393504', '820602', '11472', '272', '0', '0', '0');
INSERT INTO `war_world`.`keep_creatures` (`KeepId`, `ZoneId`, `OrderId`, `DestroId`, `X`, `Y`, `Z`, `O`, `KeepLord`, `IsPatrol`, `WaypointGUID`) VALUES ('103', '10', '1035561', '0', '1396139', '820659', '11472', '3010', '0', '0', '0');
INSERT INTO `war_world`.`keep_creatures` (`KeepId`, `ZoneId`, `OrderId`, `DestroId`, `X`, `Y`, `Z`, `O`, `KeepLord`, `IsPatrol`, `WaypointGUID`) VALUES ('103', '10', '1035561', '0', '1400346', '820720', '11472', '778', '0', '0', '0');
INSERT INTO `war_world`.`keep_creatures` (`KeepId`, `ZoneId`, `OrderId`, `DestroId`, `X`, `Y`, `Z`, `O`, `KeepLord`, `IsPatrol`, `WaypointGUID`) VALUES ('103', '10', '1035562', '0', '1398211', '811512', '12312', '4', '0', '0', '0');
INSERT INTO `war_world`.`keep_creatures` (`KeepId`, `ZoneId`, `OrderId`, `DestroId`, `X`, `Y`, `Z`, `O`, `KeepLord`, `IsPatrol`, `WaypointGUID`) VALUES ('103', '10', '1035562', '0', '1398670', '811523', '12312', '4', '0', '0', '0');
INSERT INTO `war_world`.`keep_creatures` (`KeepId`, `ZoneId`, `OrderId`, `DestroId`, `X`, `Y`, `Z`, `O`, `KeepLord`, `IsPatrol`, `WaypointGUID`) VALUES ('103', '10', '1035562', '0', '1398793', '814447', '12120', '950', '0', '0', '0');
INSERT INTO `war_world`.`keep_creatures` (`KeepId`, `ZoneId`, `OrderId`, `DestroId`, `X`, `Y`, `Z`, `O`, `KeepLord`, `IsPatrol`, `WaypointGUID`) VALUES ('103', '10', '1035562', '0', '1398705', '815592', '12672', '3040', '0', '0', '0');
INSERT INTO `war_world`.`keep_creatures` (`KeepId`, `ZoneId`, `OrderId`, `DestroId`, `X`, `Y`, `Z`, `O`, `KeepLord`, `IsPatrol`, `WaypointGUID`) VALUES ('103', '10', '1035562', '0', '1398027', '816535', '12729', '0', '0', '0', '0');
INSERT INTO `war_world`.`keep_creatures` (`KeepId`, `ZoneId`, `OrderId`, `DestroId`, `X`, `Y`, `Z`, `O`, `KeepLord`, `IsPatrol`, `WaypointGUID`) VALUES ('103', '10', '1035562', '0', '1396659', '816554', '12672', '2060', '0', '0', '0');
INSERT INTO `war_world`.`keep_creatures` (`KeepId`, `ZoneId`, `OrderId`, `DestroId`, `X`, `Y`, `Z`, `O`, `KeepLord`, `IsPatrol`, `WaypointGUID`) VALUES ('103', '10', '1035562', '0', '1400049', '816787', '12144', '122', '0', '0', '0');
INSERT INTO `war_world`.`keep_creatures` (`KeepId`, `ZoneId`, `OrderId`, `DestroId`, `X`, `Y`, `Z`, `O`, `KeepLord`, `IsPatrol`, `WaypointGUID`) VALUES ('103', '10', '1035562', '0', '1397349', '816953', '12175', '3054', '0', '0', '0');
INSERT INTO `war_world`.`keep_creatures` (`KeepId`, `ZoneId`, `OrderId`, `DestroId`, `X`, `Y`, `Z`, `O`, `KeepLord`, `IsPatrol`, `WaypointGUID`) VALUES ('103', '10', '1035562', '0', '1396262', '817138', '12144', '940', '0', '0', '0');
INSERT INTO `war_world`.`keep_creatures` (`KeepId`, `ZoneId`, `OrderId`, `DestroId`, `X`, `Y`, `Z`, `O`, `KeepLord`, `IsPatrol`, `WaypointGUID`) VALUES ('103', '10', '1035562', '0', '1398870', '817464', '12352', '2038', '0', '0', '0');
INSERT INTO `war_world`.`keep_creatures` (`KeepId`, `ZoneId`, `OrderId`, `DestroId`, `X`, `Y`, `Z`, `O`, `KeepLord`, `IsPatrol`, `WaypointGUID`) VALUES ('103', '10', '1035562', '0', '1397307', '817756', '12175', '3100', '0', '0', '0');
INSERT INTO `war_world`.`keep_creatures` (`KeepId`, `ZoneId`, `OrderId`, `DestroId`, `X`, `Y`, `Z`, `O`, `KeepLord`, `IsPatrol`, `WaypointGUID`) VALUES ('103', '10', '1035562', '0', '1397830', '818355', '12144', '4016', '0', '0', '0');
INSERT INTO `war_world`.`keep_creatures` (`KeepId`, `ZoneId`, `OrderId`, `DestroId`, `X`, `Y`, `Z`, `O`, `KeepLord`, `IsPatrol`, `WaypointGUID`) VALUES ('103', '10', '1035562', '0', '1398251', '818371', '12144', '30', '0', '0', '0');
INSERT INTO `war_world`.`keep_creatures` (`KeepId`, `ZoneId`, `OrderId`, `DestroId`, `X`, `Y`, `Z`, `O`, `KeepLord`, `IsPatrol`, `WaypointGUID`) VALUES ('103', '10', '1035562', '0', '1402401', '820524', '11472', '3644', '0', '0', '0');
INSERT INTO `war_world`.`keep_creatures` (`KeepId`, `ZoneId`, `OrderId`, `DestroId`, `X`, `Y`, `Z`, `O`, `KeepLord`, `IsPatrol`, `WaypointGUID`) VALUES ('103', '10', '1035562', '0', '1398064', '820811', '11501', '4022', '0', '0', '0');
INSERT INTO `war_world`.`keep_creatures` (`KeepId`, `ZoneId`, `OrderId`, `DestroId`, `X`, `Y`, `Z`, `O`, `KeepLord`, `IsPatrol`, `WaypointGUID`) VALUES ('103', '10', '1035562', '0', '1403029', '821449', '11472', '3900', '0', '0', '0');
INSERT INTO `war_world`.`keep_creatures` (`KeepId`, `ZoneId`, `OrderId`, `DestroId`, `X`, `Y`, `Z`, `O`, `KeepLord`, `IsPatrol`, `WaypointGUID`) VALUES ('103', '10', '1035562', '0', '1402626', '821601', '11467', '3798', '0', '0', '0');
INSERT INTO `war_world`.`keep_creatures` (`KeepId`, `ZoneId`, `OrderId`, `DestroId`, `X`, `Y`, `Z`, `O`, `KeepLord`, `IsPatrol`, `WaypointGUID`) VALUES ('103', '10', '1035562', '0', '1395790', '822051', '11472', '2132', '0', '0', '0');
INSERT INTO `war_world`.`keep_creatures` (`KeepId`, `ZoneId`, `OrderId`, `DestroId`, `X`, `Y`, `Z`, `O`, `KeepLord`, `IsPatrol`, `WaypointGUID`) VALUES ('103', '10', '1035562', '0', '1392935', '822205', '11448', '4068', '0', '0', '0');
INSERT INTO `war_world`.`keep_creatures` (`KeepId`, `ZoneId`, `OrderId`, `DestroId`, `X`, `Y`, `Z`, `O`, `KeepLord`, `IsPatrol`, `WaypointGUID`) VALUES ('103', '10', '1035562', '0', '1393359', '822223', '11472', '52', '0', '0', '0');
INSERT INTO `war_world`.`keep_creatures` (`KeepId`, `ZoneId`, `OrderId`, `DestroId`, `X`, `Y`, `Z`, `O`, `KeepLord`, `IsPatrol`, `WaypointGUID`) VALUES ('103', '10', '1035562', '0', '1397893', '822301', '11440', '4014', '0', '0', '0');
INSERT INTO `war_world`.`keep_creatures` (`KeepId`, `ZoneId`, `OrderId`, `DestroId`, `X`, `Y`, `Z`, `O`, `KeepLord`, `IsPatrol`, `WaypointGUID`) VALUES ('103', '10', '1035562', '0', '1398332', '822316', '11423', '4080', '0', '0', '0');
INSERT INTO `war_world`.`keep_creatures` (`KeepId`, `ZoneId`, `OrderId`, `DestroId`, `X`, `Y`, `Z`, `O`, `KeepLord`, `IsPatrol`, `WaypointGUID`) VALUES ('103', '10', '1035563', '0', '1398363', '811393', '12312', '4', '0', '0', '0');
INSERT INTO `war_world`.`keep_creatures` (`KeepId`, `ZoneId`, `OrderId`, `DestroId`, `X`, `Y`, `Z`, `O`, `KeepLord`, `IsPatrol`, `WaypointGUID`) VALUES ('103', '10', '1035563', '0', '1398532', '811393', '12312', '4', '0', '0', '0');
INSERT INTO `war_world`.`keep_creatures` (`KeepId`, `ZoneId`, `OrderId`, `DestroId`, `X`, `Y`, `Z`, `O`, `KeepLord`, `IsPatrol`, `WaypointGUID`) VALUES ('103', '10', '1035563', '0', '1398659', '812899', '12303', '4020', '0', '0', '0');
INSERT INTO `war_world`.`keep_creatures` (`KeepId`, `ZoneId`, `OrderId`, `DestroId`, `X`, `Y`, `Z`, `O`, `KeepLord`, `IsPatrol`, `WaypointGUID`) VALUES ('103', '10', '1035563', '0', '1398344', '812934', '12296', '4020', '0', '0', '0');
INSERT INTO `war_world`.`keep_creatures` (`KeepId`, `ZoneId`, `OrderId`, `DestroId`, `X`, `Y`, `Z`, `O`, `KeepLord`, `IsPatrol`, `WaypointGUID`) VALUES ('103', '10', '1035563', '0', '1398068', '814951', '12144', '2002', '0', '0', '0');
INSERT INTO `war_world`.`keep_creatures` (`KeepId`, `ZoneId`, `OrderId`, `DestroId`, `X`, `Y`, `Z`, `O`, `KeepLord`, `IsPatrol`, `WaypointGUID`) VALUES ('103', '10', '1035563', '0', '1397904', '814960', '12144', '2002', '0', '0', '0');
INSERT INTO `war_world`.`keep_creatures` (`KeepId`, `ZoneId`, `OrderId`, `DestroId`, `X`, `Y`, `Z`, `O`, `KeepLord`, `IsPatrol`, `WaypointGUID`) VALUES ('103', '10', '1035563', '0', '1397971', '815279', '12672', '1040', '0', '0', '0');
INSERT INTO `war_world`.`keep_creatures` (`KeepId`, `ZoneId`, `OrderId`, `DestroId`, `X`, `Y`, `Z`, `O`, `KeepLord`, `IsPatrol`, `WaypointGUID`) VALUES ('103', '10', '1035563', '0', '1399228', '815818', '12352', '942', '0', '0', '0');
INSERT INTO `war_world`.`keep_creatures` (`KeepId`, `ZoneId`, `OrderId`, `DestroId`, `X`, `Y`, `Z`, `O`, `KeepLord`, `IsPatrol`, `WaypointGUID`) VALUES ('103', '10', '1035563', '0', '1396698', '815883', '12427', '3022', '0', '0', '0');
INSERT INTO `war_world`.`keep_creatures` (`KeepId`, `ZoneId`, `OrderId`, `DestroId`, `X`, `Y`, `Z`, `O`, `KeepLord`, `IsPatrol`, `WaypointGUID`) VALUES ('103', '10', '1035563', '0', '1399228', '815944', '12352', '1008', '0', '0', '0');
INSERT INTO `war_world`.`keep_creatures` (`KeepId`, `ZoneId`, `OrderId`, `DestroId`, `X`, `Y`, `Z`, `O`, `KeepLord`, `IsPatrol`, `WaypointGUID`) VALUES ('103', '10', '1035563', '0', '1397543', '816032', '12968', '3110', '0', '0', '0');
INSERT INTO `war_world`.`keep_creatures` (`KeepId`, `ZoneId`, `OrderId`, `DestroId`, `X`, `Y`, `Z`, `O`, `KeepLord`, `IsPatrol`, `WaypointGUID`) VALUES ('103', '10', '1035563', '0', '1397518', '816325', '12175', '3564', '0', '0', '0');
INSERT INTO `war_world`.`keep_creatures` (`KeepId`, `ZoneId`, `OrderId`, `DestroId`, `X`, `Y`, `Z`, `O`, `KeepLord`, `IsPatrol`, `WaypointGUID`) VALUES ('103', '10', '1035563', '0', '1396254', '816845', '12144', '940', '0', '0', '0');
INSERT INTO `war_world`.`keep_creatures` (`KeepId`, `ZoneId`, `OrderId`, `DestroId`, `X`, `Y`, `Z`, `O`, `KeepLord`, `IsPatrol`, `WaypointGUID`) VALUES ('103', '10', '1035563', '0', '1398038', '816903', '12145', '356', '0', '0', '0');
INSERT INTO `war_world`.`keep_creatures` (`KeepId`, `ZoneId`, `OrderId`, `DestroId`, `X`, `Y`, `Z`, `O`, `KeepLord`, `IsPatrol`, `WaypointGUID`) VALUES ('103', '10', '1035563', '0', '1397926', '816990', '12712', '4090', '0', '0', '0');
INSERT INTO `war_world`.`keep_creatures` (`KeepId`, `ZoneId`, `OrderId`, `DestroId`, `X`, `Y`, `Z`, `O`, `KeepLord`, `IsPatrol`, `WaypointGUID`) VALUES ('103', '10', '1035563', '0', '1398145', '816990', '12712', '4090', '0', '0', '0');
INSERT INTO `war_world`.`keep_creatures` (`KeepId`, `ZoneId`, `OrderId`, `DestroId`, `X`, `Y`, `Z`, `O`, `KeepLord`, `IsPatrol`, `WaypointGUID`) VALUES ('103', '10', '1035563', '0', '1398740', '817601', '12175', '974', '0', '0', '0');
INSERT INTO `war_world`.`keep_creatures` (`KeepId`, `ZoneId`, `OrderId`, `DestroId`, `X`, `Y`, `Z`, `O`, `KeepLord`, `IsPatrol`, `WaypointGUID`) VALUES ('103', '10', '1035563', '0', '1397962', '817850', '12145', '3948', '0', '0', '0');
INSERT INTO `war_world`.`keep_creatures` (`KeepId`, `ZoneId`, `OrderId`, `DestroId`, `X`, `Y`, `Z`, `O`, `KeepLord`, `IsPatrol`, `WaypointGUID`) VALUES ('103', '10', '1035563', '0', '1398102', '817862', '12145', '4080', '0', '0', '0');
INSERT INTO `war_world`.`keep_creatures` (`KeepId`, `ZoneId`, `OrderId`, `DestroId`, `X`, `Y`, `Z`, `O`, `KeepLord`, `IsPatrol`, `WaypointGUID`) VALUES ('103', '10', '1035563', '0', '1398751', '817896', '12352', '1040', '0', '0', '0');
INSERT INTO `war_world`.`keep_creatures` (`KeepId`, `ZoneId`, `OrderId`, `DestroId`, `X`, `Y`, `Z`, `O`, `KeepLord`, `IsPatrol`, `WaypointGUID`) VALUES ('103', '10', '1035563', '0', '1398142', '818206', '12144', '4076', '0', '0', '0');
INSERT INTO `war_world`.`keep_creatures` (`KeepId`, `ZoneId`, `OrderId`, `DestroId`, `X`, `Y`, `Z`, `O`, `KeepLord`, `IsPatrol`, `WaypointGUID`) VALUES ('103', '10', '1035563', '0', '1397927', '818213', '12144', '4026', '0', '0', '0');
INSERT INTO `war_world`.`keep_creatures` (`KeepId`, `ZoneId`, `OrderId`, `DestroId`, `X`, `Y`, `Z`, `O`, `KeepLord`, `IsPatrol`, `WaypointGUID`) VALUES ('103', '10', '1035563', '0', '1400193', '818243', '12135', '1244', '0', '0', '0');
INSERT INTO `war_world`.`keep_creatures` (`KeepId`, `ZoneId`, `OrderId`, `DestroId`, `X`, `Y`, `Z`, `O`, `KeepLord`, `IsPatrol`, `WaypointGUID`) VALUES ('103', '10', '1035563', '0', '1396097', '818610', '12142', '2544', '0', '0', '0');
INSERT INTO `war_world`.`keep_creatures` (`KeepId`, `ZoneId`, `OrderId`, `DestroId`, `X`, `Y`, `Z`, `O`, `KeepLord`, `IsPatrol`, `WaypointGUID`) VALUES ('103', '10', '1035563', '0', '1401173', '819491', '11472', '3646', '0', '0', '0');
INSERT INTO `war_world`.`keep_creatures` (`KeepId`, `ZoneId`, `OrderId`, `DestroId`, `X`, `Y`, `Z`, `O`, `KeepLord`, `IsPatrol`, `WaypointGUID`) VALUES ('103', '10', '1035563', '0', '1393105', '819857', '11472', '3982', '0', '0', '0');
INSERT INTO `war_world`.`keep_creatures` (`KeepId`, `ZoneId`, `OrderId`, `DestroId`, `X`, `Y`, `Z`, `O`, `KeepLord`, `IsPatrol`, `WaypointGUID`) VALUES ('103', '10', '1035563', '0', '1394171', '820126', '11472', '2032', '0', '0', '0');
INSERT INTO `war_world`.`keep_creatures` (`KeepId`, `ZoneId`, `OrderId`, `DestroId`, `X`, `Y`, `Z`, `O`, `KeepLord`, `IsPatrol`, `WaypointGUID`) VALUES ('103', '10', '1035563', '0', '1404309', '820204', '11472', '1984', '0', '0', '0');
INSERT INTO `war_world`.`keep_creatures` (`KeepId`, `ZoneId`, `OrderId`, `DestroId`, `X`, `Y`, `Z`, `O`, `KeepLord`, `IsPatrol`, `WaypointGUID`) VALUES ('103', '10', '1035563', '0', '1399846', '820345', '11467', '3454', '0', '0', '0');
INSERT INTO `war_world`.`keep_creatures` (`KeepId`, `ZoneId`, `OrderId`, `DestroId`, `X`, `Y`, `Z`, `O`, `KeepLord`, `IsPatrol`, `WaypointGUID`) VALUES ('103', '10', '1035563', '0', '1402622', '820465', '11472', '10', '0', '0', '0');
INSERT INTO `war_world`.`keep_creatures` (`KeepId`, `ZoneId`, `OrderId`, `DestroId`, `X`, `Y`, `Z`, `O`, `KeepLord`, `IsPatrol`, `WaypointGUID`) VALUES ('103', '10', '1035563', '0', '1393069', '821114', '11472', '3912', '0', '0', '0');
INSERT INTO `war_world`.`keep_creatures` (`KeepId`, `ZoneId`, `OrderId`, `DestroId`, `X`, `Y`, `Z`, `O`, `KeepLord`, `IsPatrol`, `WaypointGUID`) VALUES ('103', '10', '1035563', '0', '1393315', '821135', '11472', '198', '0', '0', '0');
INSERT INTO `war_world`.`keep_creatures` (`KeepId`, `ZoneId`, `OrderId`, `DestroId`, `X`, `Y`, `Z`, `O`, `KeepLord`, `IsPatrol`, `WaypointGUID`) VALUES ('103', '10', '1035563', '0', '1398248', '821183', '11477', '192', '0', '0', '0');
INSERT INTO `war_world`.`keep_creatures` (`KeepId`, `ZoneId`, `OrderId`, `DestroId`, `X`, `Y`, `Z`, `O`, `KeepLord`, `IsPatrol`, `WaypointGUID`) VALUES ('103', '10', '1035563', '0', '1397979', '821220', '11463', '3908', '0', '0', '0');
INSERT INTO `war_world`.`keep_creatures` (`KeepId`, `ZoneId`, `OrderId`, `DestroId`, `X`, `Y`, `Z`, `O`, `KeepLord`, `IsPatrol`, `WaypointGUID`) VALUES ('103', '10', '1035563', '0', '1402838', '821259', '11472', '3964', '0', '0', '0');
INSERT INTO `war_world`.`keep_creatures` (`KeepId`, `ZoneId`, `OrderId`, `DestroId`, `X`, `Y`, `Z`, `O`, `KeepLord`, `IsPatrol`, `WaypointGUID`) VALUES ('103', '10', '1035563', '0', '1400765', '821267', '11472', '1570', '0', '0', '0');
INSERT INTO `war_world`.`keep_creatures` (`KeepId`, `ZoneId`, `OrderId`, `DestroId`, `X`, `Y`, `Z`, `O`, `KeepLord`, `IsPatrol`, `WaypointGUID`) VALUES ('103', '10', '1035563', '0', '1402662', '821322', '11472', '4080', '0', '0', '0');
INSERT INTO `war_world`.`keep_creatures` (`KeepId`, `ZoneId`, `OrderId`, `DestroId`, `X`, `Y`, `Z`, `O`, `KeepLord`, `IsPatrol`, `WaypointGUID`) VALUES ('103', '10', '1035563', '0', '1393057', '821992', '11468', '118', '0', '0', '0');
INSERT INTO `war_world`.`keep_creatures` (`KeepId`, `ZoneId`, `OrderId`, `DestroId`, `X`, `Y`, `Z`, `O`, `KeepLord`, `IsPatrol`, `WaypointGUID`) VALUES ('103', '10', '1035563', '0', '1393244', '822013', '11472', '118', '0', '0', '0');
INSERT INTO `war_world`.`keep_creatures` (`KeepId`, `ZoneId`, `OrderId`, `DestroId`, `X`, `Y`, `Z`, `O`, `KeepLord`, `IsPatrol`, `WaypointGUID`) VALUES ('103', '10', '1035563', '0', '1398015', '822080', '11455', '44', '0', '0', '0');
INSERT INTO `war_world`.`keep_creatures` (`KeepId`, `ZoneId`, `OrderId`, `DestroId`, `X`, `Y`, `Z`, `O`, `KeepLord`, `IsPatrol`, `WaypointGUID`) VALUES ('103', '10', '1035563', '0', '1398216', '822085', '11456', '38', '0', '0', '0');
INSERT INTO `war_world`.`keep_creatures` (`KeepId`, `ZoneId`, `OrderId`, `DestroId`, `X`, `Y`, `Z`, `O`, `KeepLord`, `IsPatrol`, `WaypointGUID`) VALUES ('103', '10', '1035564', '0', '1398117', '812609', '12330', '20', '0', '0', '0');
INSERT INTO `war_world`.`keep_creatures` (`KeepId`, `ZoneId`, `OrderId`, `DestroId`, `X`, `Y`, `Z`, `O`, `KeepLord`, `IsPatrol`, `WaypointGUID`) VALUES ('103', '10', '1035564', '0', '1398327', '812614', '12304', '20', '0', '0', '0');
INSERT INTO `war_world`.`keep_creatures` (`KeepId`, `ZoneId`, `OrderId`, `DestroId`, `X`, `Y`, `Z`, `O`, `KeepLord`, `IsPatrol`, `WaypointGUID`) VALUES ('103', '10', '1035564', '0', '1398513', '812620', '12312', '20', '0', '0', '0');
INSERT INTO `war_world`.`keep_creatures` (`KeepId`, `ZoneId`, `OrderId`, `DestroId`, `X`, `Y`, `Z`, `O`, `KeepLord`, `IsPatrol`, `WaypointGUID`) VALUES ('103', '10', '1035564', '0', '1398792', '812627', '12329', '20', '0', '0', '0');
INSERT INTO `war_world`.`keep_creatures` (`KeepId`, `ZoneId`, `OrderId`, `DestroId`, `X`, `Y`, `Z`, `O`, `KeepLord`, `IsPatrol`, `WaypointGUID`) VALUES ('103', '10', '1035564', '0', '1398525', '816372', '12175', '528', '0', '0', '0');
INSERT INTO `war_world`.`keep_creatures` (`KeepId`, `ZoneId`, `OrderId`, `DestroId`, `X`, `Y`, `Z`, `O`, `KeepLord`, `IsPatrol`, `WaypointGUID`) VALUES ('103', '10', '1035564', '0', '1398787', '816733', '12352', '1132', '0', '0', '0');
INSERT INTO `war_world`.`keep_creatures` (`KeepId`, `ZoneId`, `OrderId`, `DestroId`, `X`, `Y`, `Z`, `O`, `KeepLord`, `IsPatrol`, `WaypointGUID`) VALUES ('103', '10', '1035564', '0', '1395731', '817342', '12122', '900', '0', '0', '0');
INSERT INTO `war_world`.`keep_creatures` (`KeepId`, `ZoneId`, `OrderId`, `DestroId`, `X`, `Y`, `Z`, `O`, `KeepLord`, `IsPatrol`, `WaypointGUID`) VALUES ('103', '10', '1035564', '0', '1399559', '818023', '12144', '3272', '0', '0', '0');
INSERT INTO `war_world`.`keep_creatures` (`KeepId`, `ZoneId`, `OrderId`, `DestroId`, `X`, `Y`, `Z`, `O`, `KeepLord`, `IsPatrol`, `WaypointGUID`) VALUES ('103', '10', '1035564', '0', '1397449', '819375', '12056', '3380', '0', '0', '0');
INSERT INTO `war_world`.`keep_creatures` (`KeepId`, `ZoneId`, `OrderId`, `DestroId`, `X`, `Y`, `Z`, `O`, `KeepLord`, `IsPatrol`, `WaypointGUID`) VALUES ('103', '10', '1035564', '0', '1398625', '819446', '11990', '3936', '0', '0', '0');
INSERT INTO `war_world`.`keep_creatures` (`KeepId`, `ZoneId`, `OrderId`, `DestroId`, `X`, `Y`, `Z`, `O`, `KeepLord`, `IsPatrol`, `WaypointGUID`) VALUES ('103', '10', '1035564', '0', '1402870', '820262', '11472', '446', '0', '0', '0');
INSERT INTO `war_world`.`keep_creatures` (`KeepId`, `ZoneId`, `OrderId`, `DestroId`, `X`, `Y`, `Z`, `O`, `KeepLord`, `IsPatrol`, `WaypointGUID`) VALUES ('103', '10', '1035564', '0', '1399070', '820531', '11472', '722', '0', '0', '0');
INSERT INTO `war_world`.`keep_creatures` (`KeepId`, `ZoneId`, `OrderId`, `DestroId`, `X`, `Y`, `Z`, `O`, `KeepLord`, `IsPatrol`, `WaypointGUID`) VALUES ('103', '10', '1035564', '0', '1396253', '820664', '11472', '1098', '0', '0', '0');
INSERT INTO `war_world`.`keep_creatures` (`KeepId`, `ZoneId`, `OrderId`, `DestroId`, `X`, `Y`, `Z`, `O`, `KeepLord`, `IsPatrol`, `WaypointGUID`) VALUES ('103', '10', '1035564', '0', '1392893', '820670', '11463', '3758', '0', '0', '0');
INSERT INTO `war_world`.`keep_creatures` (`KeepId`, `ZoneId`, `OrderId`, `DestroId`, `X`, `Y`, `Z`, `O`, `KeepLord`, `IsPatrol`, `WaypointGUID`) VALUES ('103', '10', '1035564', '0', '1394918', '821241', '11472', '1694', '0', '0', '0');
INSERT INTO `war_world`.`keep_creatures` (`KeepId`, `ZoneId`, `OrderId`, `DestroId`, `X`, `Y`, `Z`, `O`, `KeepLord`, `IsPatrol`, `WaypointGUID`) VALUES ('103', '10', '1035564', '0', '1400409', '821543', '11472', '206', '0', '0', '0');
INSERT INTO `war_world`.`keep_creatures` (`KeepId`, `ZoneId`, `OrderId`, `DestroId`, `X`, `Y`, `Z`, `O`, `KeepLord`, `IsPatrol`, `WaypointGUID`) VALUES ('103', '10', '1035565', '0', '1399457', '814800', '12130', '2598', '0', '0', '0');
INSERT INTO `war_world`.`keep_creatures` (`KeepId`, `ZoneId`, `OrderId`, `DestroId`, `X`, `Y`, `Z`, `O`, `KeepLord`, `IsPatrol`, `WaypointGUID`) VALUES ('103', '10', '1035565', '0', '1396749', '814900', '12144', '1624', '0', '0', '0');
INSERT INTO `war_world`.`keep_creatures` (`KeepId`, `ZoneId`, `OrderId`, `DestroId`, `X`, `Y`, `Z`, `O`, `KeepLord`, `IsPatrol`, `WaypointGUID`) VALUES ('103', '10', '1035565', '0', '1398973', '816598', '12352', '1890', '0', '0', '0');
INSERT INTO `war_world`.`keep_creatures` (`KeepId`, `ZoneId`, `OrderId`, `DestroId`, `X`, `Y`, `Z`, `O`, `KeepLord`, `IsPatrol`, `WaypointGUID`) VALUES ('103', '10', '1035565', '0', '1398409', '817648', '12175', '504', '0', '0', '0');
INSERT INTO `war_world`.`keep_creatures` (`KeepId`, `ZoneId`, `OrderId`, `DestroId`, `X`, `Y`, `Z`, `O`, `KeepLord`, `IsPatrol`, `WaypointGUID`) VALUES ('103', '10', '1035565', '0', '1396375', '818171', '12144', '248', '0', '0', '0');
INSERT INTO `war_world`.`keep_creatures` (`KeepId`, `ZoneId`, `OrderId`, `DestroId`, `X`, `Y`, `Z`, `O`, `KeepLord`, `IsPatrol`, `WaypointGUID`) VALUES ('103', '10', '1035565', '0', '1396271', '819108', '12078', '22', '0', '0', '0');
INSERT INTO `war_world`.`keep_creatures` (`KeepId`, `ZoneId`, `OrderId`, `DestroId`, `X`, `Y`, `Z`, `O`, `KeepLord`, `IsPatrol`, `WaypointGUID`) VALUES ('103', '10', '1035565', '0', '1400102', '819221', '12019', '22', '0', '0', '0');
INSERT INTO `war_world`.`keep_creatures` (`KeepId`, `ZoneId`, `OrderId`, `DestroId`, `X`, `Y`, `Z`, `O`, `KeepLord`, `IsPatrol`, `WaypointGUID`) VALUES ('103', '10', '1035565', '0', '1402036', '820442', '11472', '3402', '0', '0', '0');
INSERT INTO `war_world`.`keep_creatures` (`KeepId`, `ZoneId`, `OrderId`, `DestroId`, `X`, `Y`, `Z`, `O`, `KeepLord`, `IsPatrol`, `WaypointGUID`) VALUES ('103', '10', '1035565', '0', '1393571', '820637', '11472', '474', '0', '0', '0');
INSERT INTO `war_world`.`keep_creatures` (`KeepId`, `ZoneId`, `OrderId`, `DestroId`, `X`, `Y`, `Z`, `O`, `KeepLord`, `IsPatrol`, `WaypointGUID`) VALUES ('103', '10', '1035565', '0', '1401095', '820791', '11472', '2040', '0', '0', '0');
INSERT INTO `war_world`.`keep_creatures` (`KeepId`, `ZoneId`, `OrderId`, `DestroId`, `X`, `Y`, `Z`, `O`, `KeepLord`, `IsPatrol`, `WaypointGUID`) VALUES ('103', '10', '1035565', '0', '1397027', '821161', '11469', '2328', '0', '0', '0');
INSERT INTO `war_world`.`keep_creatures` (`KeepId`, `ZoneId`, `OrderId`, `DestroId`, `X`, `Y`, `Z`, `O`, `KeepLord`, `IsPatrol`, `WaypointGUID`) VALUES ('103', '10', '1035565', '0', '1400492', '821823', '11472', '1628', '0', '0', '0');
INSERT INTO `war_world`.`keep_creatures` (`KeepId`, `ZoneId`, `OrderId`, `DestroId`, `X`, `Y`, `Z`, `O`, `KeepLord`, `IsPatrol`, `WaypointGUID`) VALUES ('103', '10', '1035565', '0', '1395947', '821925', '11472', '1070', '0', '0', '0');
INSERT INTO `war_world`.`keep_creatures` (`KeepId`, `ZoneId`, `OrderId`, `DestroId`, `X`, `Y`, `Z`, `O`, `KeepLord`, `IsPatrol`, `WaypointGUID`) VALUES ('103', '10', '1035565', '0', '1401699', '824761', '11607', '52', '0', '0', '0');
/* Stonewatch - Deleting Gameobjekts to Avoid duplicate Entrys */
DELETE FROM `war_world`.`gameobject_spawns` WHERE (`Guid` = '254202');
DELETE FROM `war_world`.`gameobject_spawns` WHERE (`Guid` = '254203');
DELETE FROM `war_world`.`gameobject_spawns` WHERE (`Guid` = '254204');
DELETE FROM `war_world`.`gameobject_spawns` WHERE (`Guid` = '254205');
DELETE FROM `war_world`.`gameobject_spawns` WHERE (`Guid` = '2107185');
DELETE FROM `war_world`.`gameobject_spawns` WHERE (`Guid` = '2107190');
DELETE FROM `war_world`.`gameobject_spawns` WHERE (`Guid` = '1357399');
DELETE FROM `war_world`.`gameobject_spawns` WHERE (`Guid` = '2106730');
DELETE FROM `war_world`.`gameobject_spawns` WHERE (`Guid` = '2106731');
DELETE FROM `war_world`.`gameobject_spawns` WHERE (`Guid` = '2106735');
DELETE FROM `war_world`.`gameobject_spawns` WHERE (`Guid` = '2106738');
DELETE FROM `war_world`.`gameobject_spawns` WHERE (`Guid` = '2106741');
DELETE FROM `war_world`.`gameobject_spawns` WHERE (`Guid` = '2106880');
DELETE FROM `war_world`.`gameobject_spawns` WHERE (`Guid` = '2106881');
DELETE FROM `war_world`.`gameobject_spawns` WHERE (`Guid` = '2106882');
DELETE FROM `war_world`.`gameobject_spawns` WHERE (`Guid` = '2106732');
DELETE FROM `war_world`.`gameobject_spawns` WHERE (`Guid` = '2106733');
DELETE FROM `war_world`.`gameobject_spawns` WHERE (`Guid` = '2106734');
DELETE FROM `war_world`.`gameobject_spawns` WHERE (`Guid` = '2106736');
DELETE FROM `war_world`.`gameobject_spawns` WHERE (`Guid` = '2106737');
DELETE FROM `war_world`.`gameobject_spawns` WHERE (`Guid` = '2106739');
DELETE FROM `war_world`.`gameobject_spawns` WHERE (`Guid` = '2106740');
DELETE FROM `war_world`.`gameobject_spawns` WHERE (`Guid` = '2107194');
DELETE FROM `war_world`.`gameobject_spawns` WHERE (`Guid` = '2107186');
DELETE FROM `war_world`.`gameobject_spawns` WHERE (`Guid` = '2107187');
DELETE FROM `war_world`.`gameobject_spawns` WHERE (`Guid` = '2107188');
DELETE FROM `war_world`.`gameobject_spawns` WHERE (`Guid` = '2107189');
DELETE FROM `war_world`.`gameobject_spawns` WHERE (`Guid` = '2107196');
DELETE FROM `war_world`.`gameobject_spawns` WHERE (`Guid` = '2107197');
DELETE FROM `war_world`.`gameobject_spawns` WHERE (`Guid` = '2107198');
DELETE FROM `war_world`.`gameobject_spawns` WHERE (`Guid` = '2107199');
DELETE FROM `war_world`.`gameobject_spawns` WHERE (`Guid` = '2107200');
DELETE FROM `war_world`.`gameobject_spawns` WHERE (`Guid` = '2107213');
DELETE FROM `war_world`.`gameobject_spawns` WHERE (`Guid` = '2107214');
DELETE FROM `war_world`.`gameobject_spawns` WHERE (`Guid` = '2107223');
DELETE FROM `war_world`.`gameobject_spawns` WHERE (`Guid` = '2107224');
DELETE FROM `war_world`.`gameobject_spawns` WHERE (`Guid` = '2107227');
DELETE FROM `war_world`.`gameobject_spawns` WHERE (`Guid` = '1355985');
DELETE FROM `war_world`.`gameobject_spawns` WHERE (`Guid` = '1355976');
DELETE FROM `war_world`.`gameobject_spawns` WHERE (`Guid` = '1355982');
DELETE FROM `war_world`.`gameobject_spawns` WHERE (`Guid` = '2107193');
DELETE FROM `war_world`.`gameobject_spawns` WHERE (`Guid` = '2107222');
DELETE FROM `war_world`.`gameobject_spawns` WHERE (`Guid` = '2107195');
DELETE FROM `war_world`.`gameobject_spawns` WHERE (`Guid` = '2107212');
DELETE FROM `war_world`.`gameobject_spawns` WHERE (`Guid` = '2107201');
DELETE FROM `war_world`.`gameobject_spawns` WHERE (`Guid` = '2107202');
DELETE FROM `war_world`.`gameobject_spawns` WHERE (`Guid` = '2107210');
DELETE FROM `war_world`.`gameobject_spawns` WHERE (`Guid` = '2107211');
DELETE FROM `war_world`.`gameobject_spawns` WHERE (`Guid` = '2107217');
DELETE FROM `war_world`.`gameobject_spawns` WHERE (`Guid` = '2107218');
DELETE FROM `war_world`.`gameobject_spawns` WHERE (`Guid` = '2107219');
DELETE FROM `war_world`.`gameobject_spawns` WHERE (`Guid` = '2107220');
DELETE FROM `war_world`.`gameobject_spawns` WHERE (`Guid` = '2107226');
DELETE FROM `war_world`.`gameobject_spawns` WHERE (`Guid` = '2107206');
DELETE FROM `war_world`.`gameobject_spawns` WHERE (`Guid` = '2107207');
DELETE FROM `war_world`.`gameobject_spawns` WHERE (`Guid` = '2107208');
DELETE FROM `war_world`.`gameobject_spawns` WHERE (`Guid` = '2107209');
DELETE FROM `war_world`.`gameobject_spawns` WHERE (`Guid` = '2107221');
DELETE FROM `war_world`.`gameobject_spawns` WHERE (`Guid` = '2107225');
DELETE FROM `war_world`.`gameobject_spawns` WHERE (`Guid` = '2107216');
DELETE FROM `war_world`.`gameobject_spawns` WHERE (`Guid` = '2107215');
/* Stonewatch - Generating Gameobjekts */
INSERT INTO `war_world`.`gameobject_spawns` (`Guid`, `Entry`, `ZoneId`, `WorldX`, `WorldY`, `WorldZ`, `WorldO`, `DisplayID`, `Unk1`, `Unk2`, `Unk3`, `Unk4`, `Unks`, `VfxState`, `SoundId`, `AllowVfxUpdate`) VALUES ('254202', '116', '10', '1396432', '833493', '11597', '3094', '1467', '0', '0', '100', '0', '7680 0 7852 1 5 56702', '0', '0', '1');
INSERT INTO `war_world`.`gameobject_spawns` (`Guid`, `Entry`, `ZoneId`, `WorldX`, `WorldY`, `WorldZ`, `WorldO`, `DisplayID`, `Unk1`, `Unk2`, `Unk3`, `Unk4`, `Unks`, `VfxState`, `SoundId`, `AllowVfxUpdate`) VALUES ('254203', '116', '10', '1391866', '832429', '12315', '1365', '1467', '0', '0', '100', '0', '7680 0 7852 1537 5 56702', '0', '0', '1');
INSERT INTO `war_world`.`gameobject_spawns` (`Guid`, `Entry`, `ZoneId`, `WorldX`, `WorldY`, `WorldZ`, `WorldO`, `DisplayID`, `Unk1`, `Unk2`, `Unk3`, `Unk4`, `Unks`, `VfxState`, `SoundId`, `AllowVfxUpdate`) VALUES ('254204', '116', '10', '1392292', '831737', '12305', '3413', '1467', '0', '0', '100', '0', '7680 0 7852 1793 5 56702', '0', '0', '1');
INSERT INTO `war_world`.`gameobject_spawns` (`Guid`, `Entry`, `ZoneId`, `WorldX`, `WorldY`, `WorldZ`, `WorldO`, `DisplayID`, `Unk1`, `Unk2`, `Unk3`, `Unk4`, `Unks`, `VfxState`, `SoundId`, `AllowVfxUpdate`) VALUES ('254205', '116', '10', '1396411', '833963', '11608', '1058', '1467', '0', '0', '100', '0', '7680 0 7852 257 5 56702', '0', '0', '1');
INSERT INTO `war_world`.`gameobject_spawns` (`Guid`, `Entry`, `ZoneId`, `WorldX`, `WorldY`, `WorldZ`, `WorldO`, `DisplayID`, `Unk1`, `Unk2`, `Unk3`, `Unk4`, `Unks`, `DoorId`, `VfxState`, `TokUnlock`, `SoundId`, `AllowVfxUpdate`, `AlternativeName`) VALUES ('2107185', '116', '10', '1397796', '825070', '11678', '1554', '173', '0', '0', '0', '0', '0 0 0 1 0 0 ', '0', '0', '', '0', '0', '');
INSERT INTO `war_world`.`gameobject_spawns` (`Guid`, `Entry`, `ZoneId`, `WorldX`, `WorldY`, `WorldZ`, `WorldO`, `DisplayID`, `Unk1`, `Unk2`, `Unk3`, `Unk4`, `Unks`, `DoorId`, `VfxState`, `TokUnlock`, `SoundId`, `AllowVfxUpdate`, `AlternativeName`) VALUES ('2107190', '116', '10', '1403886', '824348', '11744', '720', '173', '0', '0', '0', '0', '0 0 0 1 0 0 ', '0', '0', '', '0', '0', '');
INSERT INTO `war_world`.`gameobject_spawns` (`Guid`, `Entry`, `ZoneId`, `WorldX`, `WorldY`, `WorldZ`, `WorldO`, `DisplayID`, `Unk1`, `Unk2`, `Unk3`, `Unk4`, `Unks`, `DoorId`, `VfxState`, `TokUnlock`, `SoundId`, `AllowVfxUpdate`) VALUES ('1357399', '98802', '10', '1392217', '820410', '11469', '590', '839', '0', '0', '0', '0', '7681 0 3994 32 5 -13561 ', '0', '0', '', '0', '1');
INSERT INTO `war_world`.`gameobject_spawns` (`Guid`, `Entry`, `ZoneId`, `WorldX`, `WorldY`, `WorldZ`, `WorldO`, `DisplayID`, `Unk1`, `Unk2`, `Unk3`, `Unk4`, `Unks`, `DoorId`, `VfxState`, `TokUnlock`, `SoundId`, `AllowVfxUpdate`, `AlternativeName`) VALUES ('2106730', '98802', '10', '1397660', '811728', '12296', '3752', '839', '0', '0', '0', '0', '7681 0 3994 32 5 -13561 ', '0', '0', '', '0', '0', '');
INSERT INTO `war_world`.`gameobject_spawns` (`Guid`, `Entry`, `ZoneId`, `WorldX`, `WorldY`, `WorldZ`, `WorldO`, `DisplayID`, `Unk1`, `Unk2`, `Unk3`, `Unk4`, `Unks`, `DoorId`, `VfxState`, `TokUnlock`, `SoundId`, `AllowVfxUpdate`, `AlternativeName`) VALUES ('2106731', '98802', '10', '1400713', '815312', '12534', '468', '839', '0', '0', '0', '0', '7681 0 3994 32 5 -13561 ', '0', '0', '', '0', '0', '');
INSERT INTO `war_world`.`gameobject_spawns` (`Guid`, `Entry`, `ZoneId`, `WorldX`, `WorldY`, `WorldZ`, `WorldO`, `DisplayID`, `Unk1`, `Unk2`, `Unk3`, `Unk4`, `Unks`, `DoorId`, `VfxState`, `TokUnlock`, `SoundId`, `AllowVfxUpdate`, `AlternativeName`) VALUES ('2106735', '98802', '10', '1398226', '825947', '11789', '3582', '839', '0', '0', '0', '0', '7681 0 3994 32 5 -13561 ', '0', '0', '', '0', '0', '');
INSERT INTO `war_world`.`gameobject_spawns` (`Guid`, `Entry`, `ZoneId`, `WorldX`, `WorldY`, `WorldZ`, `WorldO`, `DisplayID`, `Unk1`, `Unk2`, `Unk3`, `Unk4`, `Unks`, `DoorId`, `VfxState`, `TokUnlock`, `SoundId`, `AllowVfxUpdate`, `AlternativeName`) VALUES ('2106738', '98802', '10', '1402680', '825092', '11663', '708', '839', '0', '0', '0', '0', '7681 0 3994 32 5 -13561 ', '0', '0', '', '0', '0', '');
INSERT INTO `war_world`.`gameobject_spawns` (`Guid`, `Entry`, `ZoneId`, `WorldX`, `WorldY`, `WorldZ`, `WorldO`, `DisplayID`, `Unk1`, `Unk2`, `Unk3`, `Unk4`, `Unks`, `DoorId`, `VfxState`, `TokUnlock`, `SoundId`, `AllowVfxUpdate`, `AlternativeName`) VALUES ('2106741', '98802', '10', '1398904', '816699', '12672', '2894', '839', '0', '0', '0', '0', '7681 0 3994 32 5 -13561 ', '0', '0', '', '0', '0', '');
INSERT INTO `war_world`.`gameobject_spawns` (`Guid`, `Entry`, `ZoneId`, `WorldX`, `WorldY`, `WorldZ`, `WorldO`, `DisplayID`, `Unk1`, `Unk2`, `Unk3`, `Unk4`, `Unks`, `DoorId`, `VfxState`, `TokUnlock`, `SoundId`, `AllowVfxUpdate`, `AlternativeName`) VALUES ('2106880', '98802', '10', '1391918', '822086', '11472', '3716', '839', '0', '0', '0', '0', '7681 0 3994 32 5 -13561 ', '0', '0', '', '0', '0', '');
INSERT INTO `war_world`.`gameobject_spawns` (`Guid`, `Entry`, `ZoneId`, `WorldX`, `WorldY`, `WorldZ`, `WorldO`, `DisplayID`, `Unk1`, `Unk2`, `Unk3`, `Unk4`, `Unks`, `DoorId`, `VfxState`, `TokUnlock`, `SoundId`, `AllowVfxUpdate`, `AlternativeName`) VALUES ('2106881', '98802', '10', '1404157', '822706', '11428', '1088', '839', '0', '0', '0', '0', '7681 0 3994 32 5 -13561 ', '0', '0', '', '0', '0', '');
INSERT INTO `war_world`.`gameobject_spawns` (`Guid`, `Entry`, `ZoneId`, `WorldX`, `WorldY`, `WorldZ`, `WorldO`, `DisplayID`, `Unk1`, `Unk2`, `Unk3`, `Unk4`, `Unks`, `DoorId`, `VfxState`, `TokUnlock`, `SoundId`, `AllowVfxUpdate`, `AlternativeName`) VALUES ('2106882', '98802', '10', '1399643', '819153', '12080', '176', '839', '0', '0', '0', '0', '7681 0 3994 32 5 -13561 ', '0', '0', '', '0', '0', '');
INSERT INTO `war_world`.`gameobject_spawns` (`Guid`, `Entry`, `ZoneId`, `WorldX`, `WorldY`, `WorldZ`, `WorldO`, `DisplayID`, `Unk1`, `Unk2`, `Unk3`, `Unk4`, `Unks`, `DoorId`, `VfxState`, `TokUnlock`, `SoundId`, `AllowVfxUpdate`, `AlternativeName`) VALUES ('2106732', '200046', '10', '1400797', '818756', '12477', '4046', '70', '0', '0', '0', '0', '0 ', '0', '0', '', '0', '0', '');
INSERT INTO `war_world`.`gameobject_spawns` (`Guid`, `Entry`, `ZoneId`, `WorldX`, `WorldY`, `WorldZ`, `WorldO`, `DisplayID`, `Unk1`, `Unk2`, `Unk3`, `Unk4`, `Unks`, `DoorId`, `VfxState`, `TokUnlock`, `SoundId`, `AllowVfxUpdate`, `AlternativeName`) VALUES ('2106733', '200046', '10', '1396521', '819810', '11551', '134', '70', '0', '0', '0', '0', '0 ', '0', '0', '', '0', '0', '');
INSERT INTO `war_world`.`gameobject_spawns` (`Guid`, `Entry`, `ZoneId`, `WorldX`, `WorldY`, `WorldZ`, `WorldO`, `DisplayID`, `Unk1`, `Unk2`, `Unk3`, `Unk4`, `Unks`, `DoorId`, `VfxState`, `TokUnlock`, `SoundId`, `AllowVfxUpdate`, `AlternativeName`) VALUES ('2106734', '200046', '10', '1396674', '826064', '11690', '3916', '70', '0', '0', '0', '0', '0 ', '0', '0', '', '0', '0', '');
INSERT INTO `war_world`.`gameobject_spawns` (`Guid`, `Entry`, `ZoneId`, `WorldX`, `WorldY`, `WorldZ`, `WorldO`, `DisplayID`, `Unk1`, `Unk2`, `Unk3`, `Unk4`, `Unks`, `DoorId`, `VfxState`, `TokUnlock`, `SoundId`, `AllowVfxUpdate`, `AlternativeName`) VALUES ('2106736', '200046', '10', '1393154', '824843', '11808', '2758', '70', '0', '0', '0', '0', '0 ', '0', '0', '', '0', '0', '');
INSERT INTO `war_world`.`gameobject_spawns` (`Guid`, `Entry`, `ZoneId`, `WorldX`, `WorldY`, `WorldZ`, `WorldO`, `DisplayID`, `Unk1`, `Unk2`, `Unk3`, `Unk4`, `Unks`, `DoorId`, `VfxState`, `TokUnlock`, `SoundId`, `AllowVfxUpdate`, `AlternativeName`) VALUES ('2106737', '200046', '10', '1400244', '825371', '11802', '3776', '70', '0', '0', '0', '0', '0 ', '0', '0', '', '0', '0', '');
INSERT INTO `war_world`.`gameobject_spawns` (`Guid`, `Entry`, `ZoneId`, `WorldX`, `WorldY`, `WorldZ`, `WorldO`, `DisplayID`, `Unk1`, `Unk2`, `Unk3`, `Unk4`, `Unks`, `DoorId`, `VfxState`, `TokUnlock`, `SoundId`, `AllowVfxUpdate`, `AlternativeName`) VALUES ('2106739', '200046', '10', '1401873', '819160', '11452', '3602', '70', '0', '0', '0', '0', '0 ', '0', '0', '', '0', '0', '');
INSERT INTO `war_world`.`gameobject_spawns` (`Guid`, `Entry`, `ZoneId`, `WorldX`, `WorldY`, `WorldZ`, `WorldO`, `DisplayID`, `Unk1`, `Unk2`, `Unk3`, `Unk4`, `Unks`, `DoorId`, `VfxState`, `TokUnlock`, `SoundId`, `AllowVfxUpdate`, `AlternativeName`) VALUES ('2106740', '200046', '10', '1396686', '815588', '12672', '3514', '70', '0', '0', '0', '0', '0 ', '0', '0', '', '0', '0', '');
INSERT INTO `war_world`.`gameobject_spawns` (`Guid`, `Entry`, `ZoneId`, `WorldX`, `WorldY`, `WorldZ`, `WorldO`, `DisplayID`, `Unk1`, `Unk2`, `Unk3`, `Unk4`, `Unks`, `DoorId`, `VfxState`, `TokUnlock`, `SoundId`, `AllowVfxUpdate`, `AlternativeName`) VALUES ('2107194', '100119', '10', '1397305', '825199', '11591', '1972', '268', '0', '0', '0', '0', '7680 0 6129 1057 24389 21031 ', '0', '0', '', '0', '0', '');
INSERT INTO `war_world`.`gameobject_spawns` (`Guid`, `Entry`, `ZoneId`, `WorldX`, `WorldY`, `WorldZ`, `WorldO`, `DisplayID`, `Unk1`, `Unk2`, `Unk3`, `Unk4`, `Unks`, `DoorId`, `VfxState`, `TokUnlock`, `SoundId`, `AllowVfxUpdate`, `AlternativeName`) VALUES ('2107186', '100119', '10', '1397088', '825195', '11566', '2012', '268', '0', '0', '0', '0', '7680 0 6129 1057 24389 21031 ', '0', '0', '', '0', '0', '');
INSERT INTO `war_world`.`gameobject_spawns` (`Guid`, `Entry`, `ZoneId`, `WorldX`, `WorldY`, `WorldZ`, `WorldO`, `DisplayID`, `Unk1`, `Unk2`, `Unk3`, `Unk4`, `Unks`, `DoorId`, `VfxState`, `TokUnlock`, `SoundId`, `AllowVfxUpdate`, `AlternativeName`) VALUES ('2107187', '100119', '10', '1403689', '824293', '11757', '734', '268', '0', '0', '0', '0', '7680 0 6129 1057 24389 21031 ', '0', '0', '', '0', '0', '');
INSERT INTO `war_world`.`gameobject_spawns` (`Guid`, `Entry`, `ZoneId`, `WorldX`, `WorldY`, `WorldZ`, `WorldO`, `DisplayID`, `Unk1`, `Unk2`, `Unk3`, `Unk4`, `Unks`, `DoorId`, `VfxState`, `TokUnlock`, `SoundId`, `AllowVfxUpdate`, `AlternativeName`) VALUES ('2107188', '100119', '10', '1403827', '824529', '11749', '936', '268', '0', '0', '0', '0', '7680 0 6129 1057 24389 21031 ', '0', '0', '', '0', '0', '');
INSERT INTO `war_world`.`gameobject_spawns` (`Guid`, `Entry`, `ZoneId`, `WorldX`, `WorldY`, `WorldZ`, `WorldO`, `DisplayID`, `Unk1`, `Unk2`, `Unk3`, `Unk4`, `Unks`, `DoorId`, `VfxState`, `TokUnlock`, `SoundId`, `AllowVfxUpdate`, `AlternativeName`) VALUES ('2107189', '100119', '10', '1403771', '824821', '11736', '944', '268', '0', '0', '0', '0', '7680 0 6129 1057 24389 21031 ', '0', '0', '', '0', '0', '');
INSERT INTO `war_world`.`gameobject_spawns` (`Guid`, `Entry`, `ZoneId`, `WorldX`, `WorldY`, `WorldZ`, `WorldO`, `DisplayID`, `Unk1`, `Unk2`, `Unk3`, `Unk4`, `Unks`, `DoorId`, `VfxState`, `TokUnlock`, `SoundId`, `AllowVfxUpdate`, `AlternativeName`) VALUES ('2107196', '100119', '10', '1392332', '824898', '11808', '2594', '268', '0', '0', '0', '0', '7680 0 6129 1057 24389 21031 ', '0', '0', '', '0', '0', '');
INSERT INTO `war_world`.`gameobject_spawns` (`Guid`, `Entry`, `ZoneId`, `WorldX`, `WorldY`, `WorldZ`, `WorldO`, `DisplayID`, `Unk1`, `Unk2`, `Unk3`, `Unk4`, `Unks`, `DoorId`, `VfxState`, `TokUnlock`, `SoundId`, `AllowVfxUpdate`, `AlternativeName`) VALUES ('2107197', '100119', '10', '1392424', '825139', '11808', '2584', '268', '0', '0', '0', '0', '7680 0 6129 1057 24389 21031 ', '0', '0', '', '0', '0', '');
INSERT INTO `war_world`.`gameobject_spawns` (`Guid`, `Entry`, `ZoneId`, `WorldX`, `WorldY`, `WorldZ`, `WorldO`, `DisplayID`, `Unk1`, `Unk2`, `Unk3`, `Unk4`, `Unks`, `DoorId`, `VfxState`, `TokUnlock`, `SoundId`, `AllowVfxUpdate`, `AlternativeName`) VALUES ('2107198', '100119', '10', '1392605', '825316', '11808', '1760', '268', '0', '0', '0', '0', '7680 0 6129 1057 24389 21031 ', '0', '0', '', '0', '0', '');
INSERT INTO `war_world`.`gameobject_spawns` (`Guid`, `Entry`, `ZoneId`, `WorldX`, `WorldY`, `WorldZ`, `WorldO`, `DisplayID`, `Unk1`, `Unk2`, `Unk3`, `Unk4`, `Unks`, `DoorId`, `VfxState`, `TokUnlock`, `SoundId`, `AllowVfxUpdate`, `AlternativeName`) VALUES ('2107199', '100119', '10', '1392027', '824363', '11808', '3154', '268', '0', '0', '0', '0', '7680 0 6129 1057 24389 21031 ', '0', '0', '', '0', '0', '');
INSERT INTO `war_world`.`gameobject_spawns` (`Guid`, `Entry`, `ZoneId`, `WorldX`, `WorldY`, `WorldZ`, `WorldO`, `DisplayID`, `Unk1`, `Unk2`, `Unk3`, `Unk4`, `Unks`, `DoorId`, `VfxState`, `TokUnlock`, `SoundId`, `AllowVfxUpdate`, `AlternativeName`) VALUES ('2107200', '100119', '10', '1392071', '824114', '11797', '3622', '268', '0', '0', '0', '0', '7680 0 6129 1057 24389 21031 ', '0', '0', '', '0', '0', '');
INSERT INTO `war_world`.`gameobject_spawns` (`Guid`, `Entry`, `ZoneId`, `WorldX`, `WorldY`, `WorldZ`, `WorldO`, `DisplayID`, `Unk1`, `Unk2`, `Unk3`, `Unk4`, `Unks`, `DoorId`, `VfxState`, `TokUnlock`, `SoundId`, `AllowVfxUpdate`, `AlternativeName`) VALUES ('2107213', '100119', '10', '1394416', '819603', '11472', '198', '268', '0', '0', '0', '0', '7680 0 6129 1057 24389 21031 ', '0', '0', '', '0', '0', '');
INSERT INTO `war_world`.`gameobject_spawns` (`Guid`, `Entry`, `ZoneId`, `WorldX`, `WorldY`, `WorldZ`, `WorldO`, `DisplayID`, `Unk1`, `Unk2`, `Unk3`, `Unk4`, `Unks`, `DoorId`, `VfxState`, `TokUnlock`, `SoundId`, `AllowVfxUpdate`, `AlternativeName`) VALUES ('2107214', '100119', '10', '1394082', '819480', '11463', '4062', '268', '0', '0', '0', '0', '7680 0 6129 1057 24389 21031 ', '0', '0', '', '0', '0', '');
INSERT INTO `war_world`.`gameobject_spawns` (`Guid`, `Entry`, `ZoneId`, `WorldX`, `WorldY`, `WorldZ`, `WorldO`, `DisplayID`, `Unk1`, `Unk2`, `Unk3`, `Unk4`, `Unks`, `DoorId`, `VfxState`, `TokUnlock`, `SoundId`, `AllowVfxUpdate`, `AlternativeName`) VALUES ('2107223', '100119', '10', '1395656', '818170', '12104', '3308', '268', '0', '0', '0', '0', '7680 0 6129 1057 24389 21031 ', '0', '0', '', '0', '0', '');
INSERT INTO `war_world`.`gameobject_spawns` (`Guid`, `Entry`, `ZoneId`, `WorldX`, `WorldY`, `WorldZ`, `WorldO`, `DisplayID`, `Unk1`, `Unk2`, `Unk3`, `Unk4`, `Unks`, `DoorId`, `VfxState`, `TokUnlock`, `SoundId`, `AllowVfxUpdate`, `AlternativeName`) VALUES ('2107224', '100119', '10', '1395588', '818002', '12088', '3184', '268', '0', '0', '0', '0', '7680 0 6129 1057 24389 21031 ', '0', '0', '', '0', '0', '');
INSERT INTO `war_world`.`gameobject_spawns` (`Guid`, `Entry`, `ZoneId`, `WorldX`, `WorldY`, `WorldZ`, `WorldO`, `DisplayID`, `Unk1`, `Unk2`, `Unk3`, `Unk4`, `Unks`, `DoorId`, `VfxState`, `TokUnlock`, `SoundId`, `AllowVfxUpdate`, `AlternativeName`) VALUES ('2107227', '100119', '10', '1393378', '819663', '11472', '3638', '268', '0', '0', '0', '0', '7680 0 6129 1057 24389 21031 ', '0', '0', '', '0', '0', '');
INSERT INTO `war_world`.`gameobject_spawns` (`Guid`, `Entry`, `ZoneId`, `WorldX`, `WorldY`, `WorldZ`, `WorldO`, `DisplayID`, `Unk1`, `Unk2`, `Unk3`, `Unk4`, `Unks`, `DoorId`, `VfxState`, `TokUnlock`, `SoundId`, `AllowVfxUpdate`) VALUES ('1355985', '99652', '10', '1393849', '807605', '13624', '2980', '33', '0', '0', '0', '0', '7682 0 998 32 -30488 -20984 ', '0', '0', '', '0', '1');
INSERT INTO `war_world`.`gameobject_spawns` (`Guid`, `Entry`, `ZoneId`, `WorldX`, `WorldY`, `WorldZ`, `WorldO`, `DisplayID`, `Unk1`, `Unk2`, `Unk3`, `Unk4`, `Unks`, `DoorId`, `VfxState`, `TokUnlock`, `SoundId`, `AllowVfxUpdate`) VALUES ('1355976', '99652', '10', '1394099', '809620', '13625', '2968', '33', '0', '0', '0', '0', '7682 0 998 32 -30488 -20984 ', '0', '0', '', '0', '1');
INSERT INTO `war_world`.`gameobject_spawns` (`Guid`, `Entry`, `ZoneId`, `WorldX`, `WorldY`, `WorldZ`, `WorldO`, `DisplayID`, `Unk1`, `Unk2`, `Unk3`, `Unk4`, `Unks`, `DoorId`, `VfxState`, `TokUnlock`, `SoundId`, `AllowVfxUpdate`) VALUES ('1355982', '99652', '10', '1401803', '809549', '13054', '1034', '33', '0', '0', '0', '0', '7682 0 998 32 -30488 -20984 ', '0', '0', '', '0', '1');
INSERT INTO `war_world`.`gameobject_spawns` (`Guid`, `Entry`, `ZoneId`, `WorldX`, `WorldY`, `WorldZ`, `WorldO`, `DisplayID`, `Unk1`, `Unk2`, `Unk3`, `Unk4`, `Unks`, `DoorId`, `VfxState`, `TokUnlock`, `SoundId`, `AllowVfxUpdate`, `AlternativeName`) VALUES ('2107193', '99652', '10', '1397506', '827067', '11856', '1184', '33', '0', '0', '0', '0', '7682 0 998 32 -30488 -20984 ', '0', '0', '', '0', '0', '');
INSERT INTO `war_world`.`gameobject_spawns` (`Guid`, `Entry`, `ZoneId`, `WorldX`, `WorldY`, `WorldZ`, `WorldO`, `DisplayID`, `Unk1`, `Unk2`, `Unk3`, `Unk4`, `Unks`, `DoorId`, `VfxState`, `TokUnlock`, `SoundId`, `AllowVfxUpdate`, `AlternativeName`) VALUES ('2107222', '99652', '10', '1395543', '817728', '12074', '3444', '33', '0', '0', '0', '0', '7682 0 998 32 -30488 -20984 ', '0', '0', '', '0', '0', '');
INSERT INTO `war_world`.`gameobject_spawns` (`Guid`, `Entry`, `ZoneId`, `WorldX`, `WorldY`, `WorldZ`, `WorldO`, `DisplayID`, `Unk1`, `Unk2`, `Unk3`, `Unk4`, `Unks`, `DoorId`, `VfxState`, `TokUnlock`, `SoundId`, `AllowVfxUpdate`, `AlternativeName`) VALUES ('2107195', '100287', '10', '1392042', '824664', '11808', '2850', '63', '0', '0', '0', '0', '7680 0 9119 0 5 -19562 ', '0', '0', '', '0', '0', '');
INSERT INTO `war_world`.`gameobject_spawns` (`Guid`, `Entry`, `ZoneId`, `WorldX`, `WorldY`, `WorldZ`, `WorldO`, `DisplayID`, `Unk1`, `Unk2`, `Unk3`, `Unk4`, `Unks`, `DoorId`, `VfxState`, `TokUnlock`, `SoundId`, `AllowVfxUpdate`, `AlternativeName`) VALUES ('2107212', '100287', '10', '1393614', '819440', '11464', '3748', '63', '0', '0', '0', '0', '7680 0 9119 0 5 -19562 ', '0', '0', '', '0', '0', '');
INSERT INTO `war_world`.`gameobject_spawns` (`Guid`, `Entry`, `ZoneId`, `WorldX`, `WorldY`, `WorldZ`, `WorldO`, `DisplayID`, `Unk1`, `Unk2`, `Unk3`, `Unk4`, `Unks`, `DoorId`, `VfxState`, `TokUnlock`, `SoundId`, `AllowVfxUpdate`, `AlternativeName`) VALUES ('2107201', '99236', '10', '1393223', '824745', '11808', '3442', '59', '0', '0', '0', '0', '7680 0 10007 288 5 -19562 ', '0', '0', '', '0', '0', '');
INSERT INTO `war_world`.`gameobject_spawns` (`Guid`, `Entry`, `ZoneId`, `WorldX`, `WorldY`, `WorldZ`, `WorldO`, `DisplayID`, `Unk1`, `Unk2`, `Unk3`, `Unk4`, `Unks`, `DoorId`, `VfxState`, `TokUnlock`, `SoundId`, `AllowVfxUpdate`, `AlternativeName`) VALUES ('2107202', '99236', '10', '1392971', '824785', '11808', '2642', '59', '0', '0', '0', '0', '7680 0 10007 288 5 -19562 ', '0', '0', '', '0', '0', '');
INSERT INTO `war_world`.`gameobject_spawns` (`Guid`, `Entry`, `ZoneId`, `WorldX`, `WorldY`, `WorldZ`, `WorldO`, `DisplayID`, `Unk1`, `Unk2`, `Unk3`, `Unk4`, `Unks`, `DoorId`, `VfxState`, `TokUnlock`, `SoundId`, `AllowVfxUpdate`, `AlternativeName`) VALUES ('2107210', '99236', '10', '1404013', '822685', '11424', '4014', '59', '0', '0', '0', '0', '7680 0 10007 288 5 -19562 ', '0', '0', '', '0', '0', '');
INSERT INTO `war_world`.`gameobject_spawns` (`Guid`, `Entry`, `ZoneId`, `WorldX`, `WorldY`, `WorldZ`, `WorldO`, `DisplayID`, `Unk1`, `Unk2`, `Unk3`, `Unk4`, `Unks`, `DoorId`, `VfxState`, `TokUnlock`, `SoundId`, `AllowVfxUpdate`, `AlternativeName`) VALUES ('2107211', '99236', '10', '1392183', '820483', '11456', '3132', '59', '0', '0', '0', '0', '7680 0 10007 288 5 -19562 ', '0', '0', '', '0', '0', '');
INSERT INTO `war_world`.`gameobject_spawns` (`Guid`, `Entry`, `ZoneId`, `WorldX`, `WorldY`, `WorldZ`, `WorldO`, `DisplayID`, `Unk1`, `Unk2`, `Unk3`, `Unk4`, `Unks`, `DoorId`, `VfxState`, `TokUnlock`, `SoundId`, `AllowVfxUpdate`, `AlternativeName`) VALUES ('2107217', '99236', '10', '1397704', '811860', '12294', '2900', '59', '0', '0', '0', '0', '7680 0 10007 288 5 -19562 ', '0', '0', '', '0', '0', '');
INSERT INTO `war_world`.`gameobject_spawns` (`Guid`, `Entry`, `ZoneId`, `WorldX`, `WorldY`, `WorldZ`, `WorldO`, `DisplayID`, `Unk1`, `Unk2`, `Unk3`, `Unk4`, `Unks`, `DoorId`, `VfxState`, `TokUnlock`, `SoundId`, `AllowVfxUpdate`, `AlternativeName`) VALUES ('2107218', '99236', '10', '1397710', '811443', '12312', '70', '59', '0', '0', '0', '0', '7680 0 10007 288 5 -19562 ', '0', '0', '', '0', '0', '');
INSERT INTO `war_world`.`gameobject_spawns` (`Guid`, `Entry`, `ZoneId`, `WorldX`, `WorldY`, `WorldZ`, `WorldO`, `DisplayID`, `Unk1`, `Unk2`, `Unk3`, `Unk4`, `Unks`, `DoorId`, `VfxState`, `TokUnlock`, `SoundId`, `AllowVfxUpdate`, `AlternativeName`) VALUES ('2107219', '99236', '10', '1400714', '815403', '12511', '1250', '59', '0', '0', '0', '0', '7680 0 10007 288 5 -19562 ', '0', '0', '', '0', '0', '');
INSERT INTO `war_world`.`gameobject_spawns` (`Guid`, `Entry`, `ZoneId`, `WorldX`, `WorldY`, `WorldZ`, `WorldO`, `DisplayID`, `Unk1`, `Unk2`, `Unk3`, `Unk4`, `Unks`, `DoorId`, `VfxState`, `TokUnlock`, `SoundId`, `AllowVfxUpdate`, `AlternativeName`) VALUES ('2107220', '99236', '10', '1400852', '818871', '12451', '2104', '59', '0', '0', '0', '0', '7680 0 10007 288 5 -19562 ', '0', '0', '', '0', '0', '');
INSERT INTO `war_world`.`gameobject_spawns` (`Guid`, `Entry`, `ZoneId`, `WorldX`, `WorldY`, `WorldZ`, `WorldO`, `DisplayID`, `Unk1`, `Unk2`, `Unk3`, `Unk4`, `Unks`, `DoorId`, `VfxState`, `TokUnlock`, `SoundId`, `AllowVfxUpdate`, `AlternativeName`) VALUES ('2107226', '99236', '10', '1400511', '815475', '12418', '1878', '59', '0', '0', '0', '0', '7680 0 10007 288 5 -19562 ', '0', '0', '', '0', '0', '');
INSERT INTO `war_world`.`gameobject_spawns` (`Guid`, `Entry`, `ZoneId`, `WorldX`, `WorldY`, `WorldZ`, `WorldO`, `DisplayID`, `Unk1`, `Unk2`, `Unk3`, `Unk4`, `Unks`, `DoorId`, `VfxState`, `TokUnlock`, `SoundId`, `AllowVfxUpdate`, `AlternativeName`) VALUES ('2107206', '98779', '10', '1398343', '826010', '11824', '262', '290', '0', '0', '0', '0', '7680 0 3129 1312 15666 -10743 ', '0', '0', '', '0', '0', '');
INSERT INTO `war_world`.`gameobject_spawns` (`Guid`, `Entry`, `ZoneId`, `WorldX`, `WorldY`, `WorldZ`, `WorldO`, `DisplayID`, `Unk1`, `Unk2`, `Unk3`, `Unk4`, `Unks`, `DoorId`, `VfxState`, `TokUnlock`, `SoundId`, `AllowVfxUpdate`, `AlternativeName`) VALUES ('2107207', '98779', '10', '1396728', '826132', '11697', '894', '290', '0', '0', '0', '0', '7680 0 3129 1312 15666 -10743 ', '0', '0', '', '0', '0', '');
INSERT INTO `war_world`.`gameobject_spawns` (`Guid`, `Entry`, `ZoneId`, `WorldX`, `WorldY`, `WorldZ`, `WorldO`, `DisplayID`, `Unk1`, `Unk2`, `Unk3`, `Unk4`, `Unks`, `DoorId`, `VfxState`, `TokUnlock`, `SoundId`, `AllowVfxUpdate`, `AlternativeName`) VALUES ('2107208', '98779', '10', '1400258', '825231', '11763', '232', '290', '0', '0', '0', '0', '7680 0 3129 1312 15666 -10743 ', '0', '0', '', '0', '0', '');
INSERT INTO `war_world`.`gameobject_spawns` (`Guid`, `Entry`, `ZoneId`, `WorldX`, `WorldY`, `WorldZ`, `WorldO`, `DisplayID`, `Unk1`, `Unk2`, `Unk3`, `Unk4`, `Unks`, `DoorId`, `VfxState`, `TokUnlock`, `SoundId`, `AllowVfxUpdate`, `AlternativeName`) VALUES ('2107209', '98779', '10', '1402584', '825046', '11661', '3876', '290', '0', '0', '0', '0', '7680 0 3129 1312 15666 -10743 ', '0', '0', '', '0', '0', '');
INSERT INTO `war_world`.`gameobject_spawns` (`Guid`, `Entry`, `ZoneId`, `WorldX`, `WorldY`, `WorldZ`, `WorldO`, `DisplayID`, `Unk1`, `Unk2`, `Unk3`, `Unk4`, `Unks`, `DoorId`, `VfxState`, `TokUnlock`, `SoundId`, `AllowVfxUpdate`, `AlternativeName`) VALUES ('2107221', '98779', '10', '1399698', '819042', '12098', '3766', '290', '0', '0', '0', '0', '7680 0 3129 1312 15666 -10743 ', '0', '0', '', '0', '0', '');
INSERT INTO `war_world`.`gameobject_spawns` (`Guid`, `Entry`, `ZoneId`, `WorldX`, `WorldY`, `WorldZ`, `WorldO`, `DisplayID`, `Unk1`, `Unk2`, `Unk3`, `Unk4`, `Unks`, `DoorId`, `VfxState`, `TokUnlock`, `SoundId`, `AllowVfxUpdate`, `AlternativeName`) VALUES ('2107225', '98779', '10', '1401929', '819266', '11449', '284', '290', '0', '0', '0', '0', '7680 0 3129 1312 15666 -10743 ', '0', '0', '', '0', '0', '');
INSERT INTO `war_world`.`gameobject_spawns` (`Guid`, `Entry`, `ZoneId`, `WorldX`, `WorldY`, `WorldZ`, `WorldO`, `DisplayID`, `Unk1`, `Unk2`, `Unk3`, `Unk4`, `Unks`, `DoorId`, `VfxState`, `TokUnlock`, `SoundId`, `AllowVfxUpdate`, `AlternativeName`) VALUES ('2107216', '2000306', '10', '1398203', '813150', '12313', '4038', '123', '0', '0', '0', '0', '0 ', '0', '0', '', '0', '0', '');
INSERT INTO `war_world`.`gameobject_spawns` (`Guid`, `Entry`, `ZoneId`, `WorldX`, `WorldY`, `WorldZ`, `WorldO`, `DisplayID`, `Unk1`, `Unk2`, `Unk3`, `Unk4`, `Unks`, `DoorId`, `VfxState`, `TokUnlock`, `SoundId`, `AllowVfxUpdate`, `AlternativeName`) VALUES ('2107215', '2000306', '10', '1398830', '813215', '12288', '4064', '123', '0', '0', '0', '0', '0 ', '0', '0', '', '0', '0', '');
