/*
	V1.0 Baseversion
*/
/* Maw - Deleting new NPC to avoid duplicate Entrys */
DELETE FROM `war_world`.`creature_protos` WHERE (`Entry` = '13463');
DELETE FROM `war_world`.`creature_protos` WHERE (`Entry` = '10405010');
DELETE FROM `war_world`.`creature_protos` WHERE (`Entry` = '10405009');
DELETE FROM `war_world`.`creature_protos` WHERE (`Entry` = '10405008');
DELETE FROM `war_world`.`creature_protos` WHERE (`Entry` = '10405007');
DELETE FROM `war_world`.`creature_protos` WHERE (`Entry` = '10405006');
DELETE FROM `war_world`.`creature_protos` WHERE (`Entry` = '10405005');
DELETE FROM `war_world`.`creature_protos` WHERE (`Entry` = '10405004');
DELETE FROM `war_world`.`creature_protos` WHERE (`Entry` = '10405003');
DELETE FROM `war_world`.`creature_protos` WHERE (`Entry` = '10405002');
DELETE FROM `war_world`.`creature_protos` WHERE (`Entry` = '10405001');
DELETE FROM `war_world`.`creature_protos` WHERE (`Entry` = '10405000');
DELETE FROM `war_world`.`creature_protos` WHERE (`Entry` = '34178');
/* Maw - Generating new NPC */
INSERT INTO `war_world`.`creature_protos` (`Entry`, `Name`, `Model1`, `Model2`, `MinScale`, `MaxScale`, `MinLevel`, `MaxLevel`, `Faction`, `Ranged`, `Icone`, `Emote`, `Title`, `Unk`, `Unk1`, `Unk2`, `Unk3`, `Unk4`, `Unk5`, `Unk6`, `Flag`, `ScriptName`, `CreatureType`, `CreatureSubType`, `TokUnlock`, `LairBoss`, `VendorID`, `FigLeafData`, `Career`, `PowerModifier`, `WoundsModifier`, `Invulnerable`, `WeaponDPS`, `ImmuneToCC`) VALUES ('13463', 'Maw Chaos Hellcannon', '1558', '0', '30', '30', '40', '40', '128', '5', '18', '0', '0', '5', '1', '1002', '0', '1', '26518', '2', '26025913675494442', '', '32', '159', '0', '0', '0', '0 0 0 11 1 10', '0', '1.00', '1.00', '0', '0', '0');
INSERT INTO `war_world`.`creature_protos` (`Entry`, `Name`, `Model1`, `Model2`, `MinScale`, `MaxScale`, `MinLevel`, `MaxLevel`, `Faction`, `Ranged`, `Icone`, `Emote`, `Title`, `Unk`, `Unk1`, `Unk2`, `Unk3`, `Unk4`, `Unk5`, `Unk6`, `Flag`, `ScriptName`, `CreatureType`, `CreatureSubType`, `TokUnlock`, `LairBoss`, `VendorID`, `Career`, `PowerModifier`, `WoundsModifier`, `Invulnerable`, `WeaponDPS`, `ImmuneToCC`) VALUES ('10405010', 'Maw Raven Aspirant', '1222', '0', '50', '50', '40', '40', '131', '5', '26', '0', '0', '33', '0', '1000', '0', '0', '25207', '0', '32916392141993760', '', '16', '89', '0', '0', '0', '0', '1.00', '1.00', '0', '0', '0');
INSERT INTO `war_world`.`creature_protos` (`Entry`, `Name`, `Model1`, `Model2`, `MinScale`, `MaxScale`, `MinLevel`, `MaxLevel`, `Faction`, `Ranged`, `Icone`, `Emote`, `Title`, `Unk`, `Unk1`, `Unk2`, `Unk3`, `Unk4`, `Unk5`, `Unk6`, `Flag`, `ScriptName`, `CreatureType`, `CreatureSubType`, `TokUnlock`, `LairBoss`, `VendorID`, `Career`, `PowerModifier`, `WoundsModifier`, `Invulnerable`, `WeaponDPS`, `ImmuneToCC`) VALUES ('10405009', 'Maw Raven Hellbringer', '1220', '0', '50', '50', '40', '40', '131', '5', '18', '0', '0', '25', '0', '1000', '0', '0', '26421', '7', '6805951988774380', '', '16', '89', '0', '0', '0', '0', '1.00', '1.00', '0', '0', '0');
INSERT INTO `war_world`.`creature_protos` (`Entry`, `Name`, `Model1`, `Model2`, `MinScale`, `MaxScale`, `MinLevel`, `MaxLevel`, `Faction`, `Ranged`, `Icone`, `Emote`, `Title`, `Unk`, `Unk1`, `Unk2`, `Unk3`, `Unk4`, `Unk5`, `Unk6`, `Flag`, `ScriptName`, `CreatureType`, `CreatureSubType`, `TokUnlock`, `LairBoss`, `VendorID`, `States`, `FigLeafData`, `Career`, `PowerModifier`, `WoundsModifier`, `Invulnerable`, `WeaponDPS`, `ImmuneToCC`) VALUES ('10405008', 'Maw Raven Flame Magus', '1690', '0', '50', '50', '40', '40', '131', '5', '26', '0', '0', '33', '0', '1000', '0', '0', '25813', '6', '8374101747581448', '', '16', '89', '0', '0', '0', '24', '2 40 1 10\r', '0', '1.00', '1.00', '0', '0', '0');
INSERT INTO `war_world`.`creature_protos` (`Entry`, `Name`, `Model1`, `Model2`, `MinScale`, `MaxScale`, `MinLevel`, `MaxLevel`, `Faction`, `Ranged`, `Icone`, `Emote`, `Title`, `Unk`, `Unk1`, `Unk2`, `Unk3`, `Unk4`, `Unk5`, `Unk6`, `Flag`, `ScriptName`, `CreatureType`, `CreatureSubType`, `TokUnlock`, `LairBoss`, `VendorID`, `FigLeafData`, `Career`, `PowerModifier`, `WoundsModifier`, `Invulnerable`, `WeaponDPS`, `ImmuneToCC`) VALUES ('10405007', 'Maw Dread Gatekeeper', '1222', '0', '52', '52', '40', '40', '131', '5', '18', '0', '0', '37', '1', '1000', '0', '0', '47039', '0', '37626600445657478', '', '16', '89', '0', '0', '0', '0 0 0 3 1 10\r', '0', '1.00', '1.00', '0', '0', '0');
INSERT INTO `war_world`.`creature_protos` (`Entry`, `Name`, `Model1`, `Model2`, `MinScale`, `MaxScale`, `MinLevel`, `MaxLevel`, `Faction`, `Ranged`, `Icone`, `Emote`, `Title`, `Unk`, `Unk1`, `Unk2`, `Unk3`, `Unk4`, `Unk5`, `Unk6`, `Flag`, `ScriptName`, `CreatureType`, `CreatureSubType`, `TokUnlock`, `LairBoss`, `VendorID`, `Career`, `PowerModifier`, `WoundsModifier`, `Invulnerable`, `WeaponDPS`, `ImmuneToCC`) VALUES ('10405006', 'Maw Raven Dreadknight', '1222', '0', '50', '50', '40', '40', '131', '5', '24', '0', '0', '37', '0', '1000', '0', '0', '46822', '1', '36574088006674202', '', '16', '89', '0', '0', '0', '0', '1.00', '1.00', '0', '0', '0');
INSERT INTO `war_world`.`creature_protos` (`Entry`, `Name`, `Model1`, `Model2`, `MinScale`, `MaxScale`, `MinLevel`, `MaxLevel`, `Faction`, `Ranged`, `Icone`, `Emote`, `Title`, `Unk`, `Unk1`, `Unk2`, `Unk3`, `Unk4`, `Unk5`, `Unk6`, `Flag`, `ScriptName`, `CreatureType`, `CreatureSubType`, `TokUnlock`, `LairBoss`, `VendorID`, `FigLeafData`, `Career`, `PowerModifier`, `WoundsModifier`, `Invulnerable`, `WeaponDPS`, `ImmuneToCC`) VALUES ('10405005', 'Maw Raven\'s Wing', '1222', '0', '60', '60', '40', '40', '131', '5', '18', '0', '0', '49', '1', '1000', '0', '1', '5880', '0', '13687766959333211', '', '16', '89', '0', '0', '0', '0 0 128 0 1 10\r', '0', '1.00', '1.00', '0', '0', '0');
INSERT INTO `war_world`.`creature_protos` (`Entry`, `Name`, `Model1`, `Model2`, `MinScale`, `MaxScale`, `MinLevel`, `MaxLevel`, `Faction`, `Ranged`, `Icone`, `Emote`, `Title`, `Unk`, `Unk1`, `Unk2`, `Unk3`, `Unk4`, `Unk5`, `Unk6`, `Flag`, `ScriptName`, `CreatureType`, `CreatureSubType`, `TokUnlock`, `LairBoss`, `VendorID`, `States`, `FigLeafData`, `Career`, `PowerModifier`, `WoundsModifier`, `Invulnerable`, `WeaponDPS`, `ImmuneToCC`) VALUES ('10405004', 'Maw Raven Hellmagus', '1690', '1691', '50', '50', '40', '40', '131', '5', '18', '0', '0', '17', '0', '1000', '0', '0', '13854', '0', '17246736289110432', '', '16', '89', '0', '0', '0', '24', '2 40 1 10\r', '0', '1.00', '1.00', '0', '0', '0');
INSERT INTO `war_world`.`creature_protos` (`Entry`, `Name`, `Model1`, `Model2`, `MinScale`, `MaxScale`, `MinLevel`, `MaxLevel`, `Faction`, `Ranged`, `Icone`, `Emote`, `Title`, `Unk`, `Unk1`, `Unk2`, `Unk3`, `Unk4`, `Unk5`, `Unk6`, `Flag`, `ScriptName`, `CreatureType`, `CreatureSubType`, `TokUnlock`, `LairBoss`, `VendorID`, `Career`, `PowerModifier`, `WoundsModifier`, `Invulnerable`, `WeaponDPS`, `ImmuneToCC`) VALUES ('10405003', 'Maw Raven Chosen', '1222', '0', '50', '50', '40', '40', '131', '5', '18', '0', '0', '49', '0', '1000', '0', '0', '26248', '3', '42541665073574591', '', '16', '89', '0', '0', '0', '0', '1.00', '1.00', '0', '0', '0');
INSERT INTO `war_world`.`creature_protos` (`Entry`, `Name`, `Model1`, `Model2`, `MinScale`, `MaxScale`, `MinLevel`, `MaxLevel`, `Faction`, `Ranged`, `Icone`, `Emote`, `Title`, `Unk`, `Unk1`, `Unk2`, `Unk3`, `Unk4`, `Unk5`, `Unk6`, `Flag`, `ScriptName`, `CreatureType`, `CreatureSubType`, `TokUnlock`, `LairBoss`, `VendorID`, `Career`, `PowerModifier`, `WoundsModifier`, `Invulnerable`, `WeaponDPS`, `ImmuneToCC`) VALUES ('10405002', 'Maw Raven Fearmonger', '1220', '0', '50', '50', '40', '40', '131', '5', '26', '0', '0', '25', '0', '1000', '0', '0', '26282', '0', '44236137032200993', '', '16', '89', '0', '0', '0', '0', '1.00', '1.00', '0', '0', '0');
INSERT INTO `war_world`.`creature_protos` (`Entry`, `Name`, `Model1`, `Model2`, `MinScale`, `MaxScale`, `MinLevel`, `MaxLevel`, `Faction`, `Ranged`, `Icone`, `Emote`, `Title`, `Unk`, `Unk1`, `Unk2`, `Unk3`, `Unk4`, `Unk5`, `Unk6`, `Flag`, `ScriptName`, `CreatureType`, `CreatureSubType`, `TokUnlock`, `LairBoss`, `VendorID`, `Career`, `PowerModifier`, `WoundsModifier`, `Invulnerable`, `WeaponDPS`, `ImmuneToCC`) VALUES ('10405001', 'Maw Raven Screambringer', '1690', '0', '52', '52', '41', '41', '131', '5', '18', '0', '0', '33', '1', '1000', '0', '0', '25357', '2', '61836146767050144', '', '16', '89', '0', '0', '0', '0', '1.00', '1.00', '0', '0', '0');
INSERT INTO `war_world`.`creature_protos` (`Entry`, `Name`, `Model1`, `Model2`, `MinScale`, `MaxScale`, `MinLevel`, `MaxLevel`, `Faction`, `Ranged`, `Icone`, `Emote`, `Title`, `Unk`, `Unk1`, `Unk2`, `Unk3`, `Unk4`, `Unk5`, `Unk6`, `Flag`, `ScriptName`, `CreatureType`, `CreatureSubType`, `TokUnlock`, `LairBoss`, `VendorID`, `Career`, `PowerModifier`, `WoundsModifier`, `Invulnerable`, `WeaponDPS`, `ImmuneToCC`) VALUES ('10405000', 'Maw Raven Destroyer', '1222', '0', '60', '60', '40', '40', '133', '5', '18', '0', '0', '38', '0', '1001', '0', '0', '26439', '3', '63236438870474196', '', '16', '89', '0', '0', '0', '0', '1.00', '1.00', '0', '0', '0');
INSERT INTO `war_world`.`creature_protos` (`Entry`, `Name`, `Model1`, `Model2`, `MinScale`, `MaxScale`, `MinLevel`, `MaxLevel`, `Faction`, `Ranged`, `Icone`, `Emote`, `Title`, `Unk`, `Unk1`, `Unk2`, `Unk3`, `Unk4`, `Unk5`, `Unk6`, `Flag`, `ScriptName`, `CreatureType`, `CreatureSubType`, `TokUnlock`, `LairBoss`, `VendorID`, `Career`, `PowerModifier`, `WoundsModifier`, `Invulnerable`, `WeaponDPS`, `ImmuneToCC`) VALUES ('34178', 'Ashleen Dreadweaver', '1691', '0', '75', '80', '45', '46', '135', '5', '0', '0', '29', '0', '0', '1003', '0', '0', '0', '0', '0', '', '16', '91', '211', '0', '0', '0', '1.00', '1.00', '0', '0', '0');
/* Maw - Deleting new NPC Equip/Look - Avoiding duplicate Entrys */
DELETE FROM `war_world`.`creature_items` WHERE (`Entry` = '10405000') and (`SlotId` = '10');
DELETE FROM `war_world`.`creature_items` WHERE (`Entry` = '10405000') and (`SlotId` = '20');
DELETE FROM `war_world`.`creature_items` WHERE (`Entry` = '10405000') and (`SlotId` = '21');
DELETE FROM `war_world`.`creature_items` WHERE (`Entry` = '10405000') and (`SlotId` = '22');
DELETE FROM `war_world`.`creature_items` WHERE (`Entry` = '10405000') and (`SlotId` = '23');
DELETE FROM `war_world`.`creature_items` WHERE (`Entry` = '10405000') and (`SlotId` = '24');
DELETE FROM `war_world`.`creature_items` WHERE (`Entry` = '10405001') and (`SlotId` = '10');
DELETE FROM `war_world`.`creature_items` WHERE (`Entry` = '10405001') and (`SlotId` = '20');
DELETE FROM `war_world`.`creature_items` WHERE (`Entry` = '10405001') and (`SlotId` = '21');
DELETE FROM `war_world`.`creature_items` WHERE (`Entry` = '10405001') and (`SlotId` = '22');
DELETE FROM `war_world`.`creature_items` WHERE (`Entry` = '10405001') and (`SlotId` = '23');
DELETE FROM `war_world`.`creature_items` WHERE (`Entry` = '10405001') and (`SlotId` = '24');
DELETE FROM `war_world`.`creature_items` WHERE (`Entry` = '10405001') and (`SlotId` = '28');
DELETE FROM `war_world`.`creature_items` WHERE (`Entry` = '10405002') and (`SlotId` = '10');
DELETE FROM `war_world`.`creature_items` WHERE (`Entry` = '10405002') and (`SlotId` = '11');
DELETE FROM `war_world`.`creature_items` WHERE (`Entry` = '10405002') and (`SlotId` = '20');
DELETE FROM `war_world`.`creature_items` WHERE (`Entry` = '10405002') and (`SlotId` = '22');
DELETE FROM `war_world`.`creature_items` WHERE (`Entry` = '10405002') and (`SlotId` = '28');
DELETE FROM `war_world`.`creature_items` WHERE (`Entry` = '10405003') and (`SlotId` = '10');
DELETE FROM `war_world`.`creature_items` WHERE (`Entry` = '10405003') and (`SlotId` = '11');
DELETE FROM `war_world`.`creature_items` WHERE (`Entry` = '10405003') and (`SlotId` = '20');
DELETE FROM `war_world`.`creature_items` WHERE (`Entry` = '10405003') and (`SlotId` = '21');
DELETE FROM `war_world`.`creature_items` WHERE (`Entry` = '10405003') and (`SlotId` = '22');
DELETE FROM `war_world`.`creature_items` WHERE (`Entry` = '10405003') and (`SlotId` = '23');
DELETE FROM `war_world`.`creature_items` WHERE (`Entry` = '10405003') and (`SlotId` = '24');
DELETE FROM `war_world`.`creature_items` WHERE (`Entry` = '10405003') and (`SlotId` = '28');
DELETE FROM `war_world`.`creature_items` WHERE (`Entry` = '10405004') and (`SlotId` = '10');
DELETE FROM `war_world`.`creature_items` WHERE (`Entry` = '10405004') and (`SlotId` = '20');
DELETE FROM `war_world`.`creature_items` WHERE (`Entry` = '10405004') and (`SlotId` = '22');
DELETE FROM `war_world`.`creature_items` WHERE (`Entry` = '10405005') and (`SlotId` = '10');
DELETE FROM `war_world`.`creature_items` WHERE (`Entry` = '10405005') and (`SlotId` = '11');
DELETE FROM `war_world`.`creature_items` WHERE (`Entry` = '10405005') and (`SlotId` = '20');
DELETE FROM `war_world`.`creature_items` WHERE (`Entry` = '10405005') and (`SlotId` = '21');
DELETE FROM `war_world`.`creature_items` WHERE (`Entry` = '10405005') and (`SlotId` = '22');
DELETE FROM `war_world`.`creature_items` WHERE (`Entry` = '10405005') and (`SlotId` = '23');
DELETE FROM `war_world`.`creature_items` WHERE (`Entry` = '10405005') and (`SlotId` = '24');
DELETE FROM `war_world`.`creature_items` WHERE (`Entry` = '10405005') and (`SlotId` = '28');
DELETE FROM `war_world`.`creature_items` WHERE (`Entry` = '10405006') and (`SlotId` = '10');
DELETE FROM `war_world`.`creature_items` WHERE (`Entry` = '10405006') and (`SlotId` = '11');
DELETE FROM `war_world`.`creature_items` WHERE (`Entry` = '10405006') and (`SlotId` = '20');
DELETE FROM `war_world`.`creature_items` WHERE (`Entry` = '10405006') and (`SlotId` = '21');
DELETE FROM `war_world`.`creature_items` WHERE (`Entry` = '10405006') and (`SlotId` = '22');
DELETE FROM `war_world`.`creature_items` WHERE (`Entry` = '10405006') and (`SlotId` = '23');
DELETE FROM `war_world`.`creature_items` WHERE (`Entry` = '10405006') and (`SlotId` = '24');
DELETE FROM `war_world`.`creature_items` WHERE (`Entry` = '10405006') and (`SlotId` = '28');
DELETE FROM `war_world`.`creature_items` WHERE (`Entry` = '10405007') and (`SlotId` = '10');
DELETE FROM `war_world`.`creature_items` WHERE (`Entry` = '10405007') and (`SlotId` = '11');
DELETE FROM `war_world`.`creature_items` WHERE (`Entry` = '10405007') and (`SlotId` = '20');
DELETE FROM `war_world`.`creature_items` WHERE (`Entry` = '10405007') and (`SlotId` = '21');
DELETE FROM `war_world`.`creature_items` WHERE (`Entry` = '10405007') and (`SlotId` = '22');
DELETE FROM `war_world`.`creature_items` WHERE (`Entry` = '10405007') and (`SlotId` = '23');
DELETE FROM `war_world`.`creature_items` WHERE (`Entry` = '10405007') and (`SlotId` = '24');
DELETE FROM `war_world`.`creature_items` WHERE (`Entry` = '10405007') and (`SlotId` = '28');
DELETE FROM `war_world`.`creature_items` WHERE (`Entry` = '10405008') and (`SlotId` = '10');
DELETE FROM `war_world`.`creature_items` WHERE (`Entry` = '10405008') and (`SlotId` = '20');
DELETE FROM `war_world`.`creature_items` WHERE (`Entry` = '10405008') and (`SlotId` = '21');
DELETE FROM `war_world`.`creature_items` WHERE (`Entry` = '10405008') and (`SlotId` = '22');
DELETE FROM `war_world`.`creature_items` WHERE (`Entry` = '10405008') and (`SlotId` = '23');
DELETE FROM `war_world`.`creature_items` WHERE (`Entry` = '10405008') and (`SlotId` = '24');
DELETE FROM `war_world`.`creature_items` WHERE (`Entry` = '10405008') and (`SlotId` = '28');
DELETE FROM `war_world`.`creature_items` WHERE (`Entry` = '10405009') and (`SlotId` = '10');
DELETE FROM `war_world`.`creature_items` WHERE (`Entry` = '10405009') and (`SlotId` = '11');
DELETE FROM `war_world`.`creature_items` WHERE (`Entry` = '10405009') and (`SlotId` = '20');
DELETE FROM `war_world`.`creature_items` WHERE (`Entry` = '10405009') and (`SlotId` = '22');
DELETE FROM `war_world`.`creature_items` WHERE (`Entry` = '10405009') and (`SlotId` = '28');
DELETE FROM `war_world`.`creature_items` WHERE (`Entry` = '10405010') and (`SlotId` = '10');
DELETE FROM `war_world`.`creature_items` WHERE (`Entry` = '10405010') and (`SlotId` = '20');
DELETE FROM `war_world`.`creature_items` WHERE (`Entry` = '10405010') and (`SlotId` = '21');
DELETE FROM `war_world`.`creature_items` WHERE (`Entry` = '10405010') and (`SlotId` = '22');
DELETE FROM `war_world`.`creature_items` WHERE (`Entry` = '10405010') and (`SlotId` = '23');
DELETE FROM `war_world`.`creature_items` WHERE (`Entry` = '10405010') and (`SlotId` = '24');
DELETE FROM `war_world`.`creature_items` WHERE (`Entry` = '10405010') and (`SlotId` = '28');
DELETE FROM `war_world`.`creature_items` WHERE (`Entry` = '34178') and (`SlotId` = '10');
DELETE FROM `war_world`.`creature_items` WHERE (`Entry` = '34178') and (`SlotId` = '20');
DELETE FROM `war_world`.`creature_items` WHERE (`Entry` = '34178') and (`SlotId` = '21');
DELETE FROM `war_world`.`creature_items` WHERE (`Entry` = '34178') and (`SlotId` = '22');
DELETE FROM `war_world`.`creature_items` WHERE (`Entry` = '34178') and (`SlotId` = '23');
DELETE FROM `war_world`.`creature_items` WHERE (`Entry` = '34178') and (`SlotId` = '24');
DELETE FROM `war_world`.`creature_items` WHERE (`Entry` = '34178') and (`SlotId` = '27');
DELETE FROM `war_world`.`creature_items` WHERE (`Entry` = '34178') and (`SlotId` = '28');
/* Maw - Generating new NPC Equip/Look */
INSERT INTO `war_world`.`creature_items` (`Entry`, `SlotId`, `ModelId`, `EffectId`, `PrimaryColor`, `SecondaryColor`) VALUES ('10405000', '10', '1916', '0', '0', '0');
INSERT INTO `war_world`.`creature_items` (`Entry`, `SlotId`, `ModelId`, `EffectId`, `PrimaryColor`, `SecondaryColor`) VALUES ('10405000', '20', '5504', '0', '0', '0');
INSERT INTO `war_world`.`creature_items` (`Entry`, `SlotId`, `ModelId`, `EffectId`, `PrimaryColor`, `SecondaryColor`) VALUES ('10405000', '21', '5499', '0', '0', '0');
INSERT INTO `war_world`.`creature_items` (`Entry`, `SlotId`, `ModelId`, `EffectId`, `PrimaryColor`, `SecondaryColor`) VALUES ('10405000', '22', '5498', '0', '0', '0');
INSERT INTO `war_world`.`creature_items` (`Entry`, `SlotId`, `ModelId`, `EffectId`, `PrimaryColor`, `SecondaryColor`) VALUES ('10405000', '23', '5502', '0', '0', '0');
INSERT INTO `war_world`.`creature_items` (`Entry`, `SlotId`, `ModelId`, `EffectId`, `PrimaryColor`, `SecondaryColor`) VALUES ('10405000', '24', '5500', '0', '0', '0');
INSERT INTO `war_world`.`creature_items` (`Entry`, `SlotId`, `ModelId`, `EffectId`, `PrimaryColor`, `SecondaryColor`) VALUES ('10405001', '10', '1810', '0', '0', '0');
INSERT INTO `war_world`.`creature_items` (`Entry`, `SlotId`, `ModelId`, `EffectId`, `PrimaryColor`, `SecondaryColor`) VALUES ('10405001', '20', '2738', '0', '0', '0');
INSERT INTO `war_world`.`creature_items` (`Entry`, `SlotId`, `ModelId`, `EffectId`, `PrimaryColor`, `SecondaryColor`) VALUES ('10405001', '21', '2746', '0', '0', '0');
INSERT INTO `war_world`.`creature_items` (`Entry`, `SlotId`, `ModelId`, `EffectId`, `PrimaryColor`, `SecondaryColor`) VALUES ('10405001', '22', '2745', '0', '0', '0');
INSERT INTO `war_world`.`creature_items` (`Entry`, `SlotId`, `ModelId`, `EffectId`, `PrimaryColor`, `SecondaryColor`) VALUES ('10405001', '23', '5877', '0', '0', '0');
INSERT INTO `war_world`.`creature_items` (`Entry`, `SlotId`, `ModelId`, `EffectId`, `PrimaryColor`, `SecondaryColor`) VALUES ('10405001', '24', '5879', '0', '0', '0');
INSERT INTO `war_world`.`creature_items` (`Entry`, `SlotId`, `ModelId`, `EffectId`, `PrimaryColor`, `SecondaryColor`) VALUES ('10405001', '28', '2743', '0', '0', '0');
INSERT INTO `war_world`.`creature_items` (`Entry`, `SlotId`, `ModelId`, `EffectId`, `PrimaryColor`, `SecondaryColor`) VALUES ('10405002', '10', '3257', '0', '0', '0');
INSERT INTO `war_world`.`creature_items` (`Entry`, `SlotId`, `ModelId`, `EffectId`, `PrimaryColor`, `SecondaryColor`) VALUES ('10405002', '11', '1885', '0', '0', '0');
INSERT INTO `war_world`.`creature_items` (`Entry`, `SlotId`, `ModelId`, `EffectId`, `PrimaryColor`, `SecondaryColor`) VALUES ('10405002', '20', '2870', '0', '0', '0');
INSERT INTO `war_world`.`creature_items` (`Entry`, `SlotId`, `ModelId`, `EffectId`, `PrimaryColor`, `SecondaryColor`) VALUES ('10405002', '22', '2871', '0', '0', '0');
INSERT INTO `war_world`.`creature_items` (`Entry`, `SlotId`, `ModelId`, `EffectId`, `PrimaryColor`, `SecondaryColor`) VALUES ('10405002', '28', '2869', '0', '0', '0');
INSERT INTO `war_world`.`creature_items` (`Entry`, `SlotId`, `ModelId`, `EffectId`, `PrimaryColor`, `SecondaryColor`) VALUES ('10405003', '10', '1475', '0', '0', '0');
INSERT INTO `war_world`.`creature_items` (`Entry`, `SlotId`, `ModelId`, `EffectId`, `PrimaryColor`, `SecondaryColor`) VALUES ('10405003', '11', '1912', '0', '0', '0');
INSERT INTO `war_world`.`creature_items` (`Entry`, `SlotId`, `ModelId`, `EffectId`, `PrimaryColor`, `SecondaryColor`) VALUES ('10405003', '20', '2782', '13312', '0', '0');
INSERT INTO `war_world`.`creature_items` (`Entry`, `SlotId`, `ModelId`, `EffectId`, `PrimaryColor`, `SecondaryColor`) VALUES ('10405003', '21', '2784', '13312', '0', '0');
INSERT INTO `war_world`.`creature_items` (`Entry`, `SlotId`, `ModelId`, `EffectId`, `PrimaryColor`, `SecondaryColor`) VALUES ('10405003', '22', '2783', '13312', '0', '0');
INSERT INTO `war_world`.`creature_items` (`Entry`, `SlotId`, `ModelId`, `EffectId`, `PrimaryColor`, `SecondaryColor`) VALUES ('10405003', '23', '5854', '13312', '0', '0');
INSERT INTO `war_world`.`creature_items` (`Entry`, `SlotId`, `ModelId`, `EffectId`, `PrimaryColor`, `SecondaryColor`) VALUES ('10405003', '24', '5851', '13312', '0', '0');
INSERT INTO `war_world`.`creature_items` (`Entry`, `SlotId`, `ModelId`, `EffectId`, `PrimaryColor`, `SecondaryColor`) VALUES ('10405003', '28', '2781', '13312', '0', '0');
INSERT INTO `war_world`.`creature_items` (`Entry`, `SlotId`, `ModelId`, `EffectId`, `PrimaryColor`, `SecondaryColor`) VALUES ('10405004', '10', '1801', '0', '0', '0');
INSERT INTO `war_world`.`creature_items` (`Entry`, `SlotId`, `ModelId`, `EffectId`, `PrimaryColor`, `SecondaryColor`) VALUES ('10405004', '20', '2720', '0', '0', '0');
INSERT INTO `war_world`.`creature_items` (`Entry`, `SlotId`, `ModelId`, `EffectId`, `PrimaryColor`, `SecondaryColor`) VALUES ('10405004', '22', '2721', '0', '0', '0');
INSERT INTO `war_world`.`creature_items` (`Entry`, `SlotId`, `ModelId`, `EffectId`, `PrimaryColor`, `SecondaryColor`) VALUES ('10405005', '10', '1817', '0', '0', '0');
INSERT INTO `war_world`.`creature_items` (`Entry`, `SlotId`, `ModelId`, `EffectId`, `PrimaryColor`, `SecondaryColor`) VALUES ('10405005', '11', '1912', '0', '0', '0');
INSERT INTO `war_world`.`creature_items` (`Entry`, `SlotId`, `ModelId`, `EffectId`, `PrimaryColor`, `SecondaryColor`) VALUES ('10405005', '20', '2788', '13312', '0', '0');
INSERT INTO `war_world`.`creature_items` (`Entry`, `SlotId`, `ModelId`, `EffectId`, `PrimaryColor`, `SecondaryColor`) VALUES ('10405005', '21', '2790', '13312', '0', '0');
INSERT INTO `war_world`.`creature_items` (`Entry`, `SlotId`, `ModelId`, `EffectId`, `PrimaryColor`, `SecondaryColor`) VALUES ('10405005', '22', '2789', '13312', '0', '0');
INSERT INTO `war_world`.`creature_items` (`Entry`, `SlotId`, `ModelId`, `EffectId`, `PrimaryColor`, `SecondaryColor`) VALUES ('10405005', '23', '2792', '13312', '0', '0');
INSERT INTO `war_world`.`creature_items` (`Entry`, `SlotId`, `ModelId`, `EffectId`, `PrimaryColor`, `SecondaryColor`) VALUES ('10405005', '24', '2791', '13312', '0', '0');
INSERT INTO `war_world`.`creature_items` (`Entry`, `SlotId`, `ModelId`, `EffectId`, `PrimaryColor`, `SecondaryColor`) VALUES ('10405005', '28', '2787', '13312', '0', '0');
INSERT INTO `war_world`.`creature_items` (`Entry`, `SlotId`, `ModelId`, `EffectId`, `PrimaryColor`, `SecondaryColor`) VALUES ('10405006', '10', '1817', '0', '0', '0');
INSERT INTO `war_world`.`creature_items` (`Entry`, `SlotId`, `ModelId`, `EffectId`, `PrimaryColor`, `SecondaryColor`) VALUES ('10405006', '11', '1912', '0', '0', '0');
INSERT INTO `war_world`.`creature_items` (`Entry`, `SlotId`, `ModelId`, `EffectId`, `PrimaryColor`, `SecondaryColor`) VALUES ('10405006', '20', '2788', '0', '0', '0');
INSERT INTO `war_world`.`creature_items` (`Entry`, `SlotId`, `ModelId`, `EffectId`, `PrimaryColor`, `SecondaryColor`) VALUES ('10405006', '21', '2790', '0', '0', '0');
INSERT INTO `war_world`.`creature_items` (`Entry`, `SlotId`, `ModelId`, `EffectId`, `PrimaryColor`, `SecondaryColor`) VALUES ('10405006', '22', '2789', '0', '0', '0');
INSERT INTO `war_world`.`creature_items` (`Entry`, `SlotId`, `ModelId`, `EffectId`, `PrimaryColor`, `SecondaryColor`) VALUES ('10405006', '23', '2792', '0', '0', '0');
INSERT INTO `war_world`.`creature_items` (`Entry`, `SlotId`, `ModelId`, `EffectId`, `PrimaryColor`, `SecondaryColor`) VALUES ('10405006', '24', '2791', '0', '0', '0');
INSERT INTO `war_world`.`creature_items` (`Entry`, `SlotId`, `ModelId`, `EffectId`, `PrimaryColor`, `SecondaryColor`) VALUES ('10405006', '28', '2787', '0', '0', '0');
INSERT INTO `war_world`.`creature_items` (`Entry`, `SlotId`, `ModelId`, `EffectId`, `PrimaryColor`, `SecondaryColor`) VALUES ('10405007', '10', '1814', '0', '0', '0');
INSERT INTO `war_world`.`creature_items` (`Entry`, `SlotId`, `ModelId`, `EffectId`, `PrimaryColor`, `SecondaryColor`) VALUES ('10405007', '11', '1910', '0', '0', '0');
INSERT INTO `war_world`.`creature_items` (`Entry`, `SlotId`, `ModelId`, `EffectId`, `PrimaryColor`, `SecondaryColor`) VALUES ('10405007', '20', '2782', '0', '0', '0');
INSERT INTO `war_world`.`creature_items` (`Entry`, `SlotId`, `ModelId`, `EffectId`, `PrimaryColor`, `SecondaryColor`) VALUES ('10405007', '21', '2784', '0', '0', '0');
INSERT INTO `war_world`.`creature_items` (`Entry`, `SlotId`, `ModelId`, `EffectId`, `PrimaryColor`, `SecondaryColor`) VALUES ('10405007', '22', '5679', '0', '0', '0');
INSERT INTO `war_world`.`creature_items` (`Entry`, `SlotId`, `ModelId`, `EffectId`, `PrimaryColor`, `SecondaryColor`) VALUES ('10405007', '23', '5853', '0', '0', '0');
INSERT INTO `war_world`.`creature_items` (`Entry`, `SlotId`, `ModelId`, `EffectId`, `PrimaryColor`, `SecondaryColor`) VALUES ('10405007', '24', '5850', '0', '0', '0');
INSERT INTO `war_world`.`creature_items` (`Entry`, `SlotId`, `ModelId`, `EffectId`, `PrimaryColor`, `SecondaryColor`) VALUES ('10405007', '28', '2781', '0', '0', '0');
INSERT INTO `war_world`.`creature_items` (`Entry`, `SlotId`, `ModelId`, `EffectId`, `PrimaryColor`, `SecondaryColor`) VALUES ('10405008', '10', '1811', '0', '0', '0');
INSERT INTO `war_world`.`creature_items` (`Entry`, `SlotId`, `ModelId`, `EffectId`, `PrimaryColor`, `SecondaryColor`) VALUES ('10405008', '20', '2738', '0', '0', '0');
INSERT INTO `war_world`.`creature_items` (`Entry`, `SlotId`, `ModelId`, `EffectId`, `PrimaryColor`, `SecondaryColor`) VALUES ('10405008', '21', '2740', '0', '0', '0');
INSERT INTO `war_world`.`creature_items` (`Entry`, `SlotId`, `ModelId`, `EffectId`, `PrimaryColor`, `SecondaryColor`) VALUES ('10405008', '22', '2739', '0', '0', '0');
INSERT INTO `war_world`.`creature_items` (`Entry`, `SlotId`, `ModelId`, `EffectId`, `PrimaryColor`, `SecondaryColor`) VALUES ('10405008', '23', '5876', '0', '0', '0');
INSERT INTO `war_world`.`creature_items` (`Entry`, `SlotId`, `ModelId`, `EffectId`, `PrimaryColor`, `SecondaryColor`) VALUES ('10405008', '24', '5878', '0', '0', '0');
INSERT INTO `war_world`.`creature_items` (`Entry`, `SlotId`, `ModelId`, `EffectId`, `PrimaryColor`, `SecondaryColor`) VALUES ('10405008', '28', '2737', '0', '0', '0');
INSERT INTO `war_world`.`creature_items` (`Entry`, `SlotId`, `ModelId`, `EffectId`, `PrimaryColor`, `SecondaryColor`) VALUES ('10405009', '10', '3258', '0', '0', '0');
INSERT INTO `war_world`.`creature_items` (`Entry`, `SlotId`, `ModelId`, `EffectId`, `PrimaryColor`, `SecondaryColor`) VALUES ('10405009', '11', '1885', '0', '0', '0');
INSERT INTO `war_world`.`creature_items` (`Entry`, `SlotId`, `ModelId`, `EffectId`, `PrimaryColor`, `SecondaryColor`) VALUES ('10405009', '20', '2870', '0', '0', '0');
INSERT INTO `war_world`.`creature_items` (`Entry`, `SlotId`, `ModelId`, `EffectId`, `PrimaryColor`, `SecondaryColor`) VALUES ('10405009', '22', '2871', '0', '0', '0');
INSERT INTO `war_world`.`creature_items` (`Entry`, `SlotId`, `ModelId`, `EffectId`, `PrimaryColor`, `SecondaryColor`) VALUES ('10405009', '28', '2869', '0', '0', '0');
INSERT INTO `war_world`.`creature_items` (`Entry`, `SlotId`, `ModelId`, `EffectId`, `PrimaryColor`, `SecondaryColor`) VALUES ('10405010', '10', '1916', '0', '0', '0');
INSERT INTO `war_world`.`creature_items` (`Entry`, `SlotId`, `ModelId`, `EffectId`, `PrimaryColor`, `SecondaryColor`) VALUES ('10405010', '20', '2826', '0', '0', '0');
INSERT INTO `war_world`.`creature_items` (`Entry`, `SlotId`, `ModelId`, `EffectId`, `PrimaryColor`, `SecondaryColor`) VALUES ('10405010', '21', '2828', '0', '0', '0');
INSERT INTO `war_world`.`creature_items` (`Entry`, `SlotId`, `ModelId`, `EffectId`, `PrimaryColor`, `SecondaryColor`) VALUES ('10405010', '22', '2827', '0', '0', '0');
INSERT INTO `war_world`.`creature_items` (`Entry`, `SlotId`, `ModelId`, `EffectId`, `PrimaryColor`, `SecondaryColor`) VALUES ('10405010', '23', '5841', '0', '0', '0');
INSERT INTO `war_world`.`creature_items` (`Entry`, `SlotId`, `ModelId`, `EffectId`, `PrimaryColor`, `SecondaryColor`) VALUES ('10405010', '24', '2829', '0', '0', '0');
INSERT INTO `war_world`.`creature_items` (`Entry`, `SlotId`, `ModelId`, `EffectId`, `PrimaryColor`, `SecondaryColor`) VALUES ('10405010', '28', '2825', '0', '0', '0');
INSERT INTO `war_world`.`creature_items` (`Entry`, `SlotId`, `ModelId`, `EffectId`, `PrimaryColor`, `SecondaryColor`) VALUES ('34178', '10', '9238', '0', '0', '0');
INSERT INTO `war_world`.`creature_items` (`Entry`, `SlotId`, `ModelId`, `EffectId`, `PrimaryColor`, `SecondaryColor`) VALUES ('34178', '20', '6264', '0', '0', '0');
INSERT INTO `war_world`.`creature_items` (`Entry`, `SlotId`, `ModelId`, `EffectId`, `PrimaryColor`, `SecondaryColor`) VALUES ('34178', '21', '6266', '0', '0', '0');
INSERT INTO `war_world`.`creature_items` (`Entry`, `SlotId`, `ModelId`, `EffectId`, `PrimaryColor`, `SecondaryColor`) VALUES ('34178', '22', '6265', '0', '0', '0');
INSERT INTO `war_world`.`creature_items` (`Entry`, `SlotId`, `ModelId`, `EffectId`, `PrimaryColor`, `SecondaryColor`) VALUES ('34178', '23', '6269', '0', '0', '0');
INSERT INTO `war_world`.`creature_items` (`Entry`, `SlotId`, `ModelId`, `EffectId`, `PrimaryColor`, `SecondaryColor`) VALUES ('34178', '24', '6267', '0', '0', '0');
INSERT INTO `war_world`.`creature_items` (`Entry`, `SlotId`, `ModelId`, `EffectId`, `PrimaryColor`, `SecondaryColor`) VALUES ('34178', '27', '6268', '0', '0', '0');
INSERT INTO `war_world`.`creature_items` (`Entry`, `SlotId`, `ModelId`, `EffectId`, `PrimaryColor`, `SecondaryColor`) VALUES ('34178', '28', '6263', '0', '0', '0');
/* Maw -  Deleting Spawn-Points within Keep-Table NPC, Merchants, Siege to avoid duplicate Entrys */
DELETE FROM `war_world`.`keep_creatures` WHERE (`Y` = '740450') and (`X` = '1429473') and (`Z` = '16057');
DELETE FROM `war_world`.`keep_creatures` WHERE (`Y` = '740818') and (`X` = '1429701') and (`Z` = '16057');
DELETE FROM `war_world`.`keep_creatures` WHERE (`Y` = '748270') and (`X` = '1431310') and (`Z` = '13983');
DELETE FROM `war_world`.`keep_creatures` WHERE (`Y` = '748274') and (`X` = '1427809') and (`Z` = '13983');
DELETE FROM `war_world`.`keep_creatures` WHERE (`Y` = '749332') and (`X` = '1432365') and (`Z` = '13983');
DELETE FROM `war_world`.`keep_creatures` WHERE (`Y` = '749338') and (`X` = '1426741') and (`Z` = '13985');
DELETE FROM `war_world`.`keep_creatures` WHERE (`Y` = '751797') and (`X` = '1434837') and (`Z` = '13983');
DELETE FROM `war_world`.`keep_creatures` WHERE (`Y` = '751818') and (`X` = '1424276') and (`Z` = '13983');
DELETE FROM `war_world`.`keep_creatures` WHERE (`Y` = '746734') and (`X` = '1431293') and (`Z` = '13963');
DELETE FROM `war_world`.`keep_creatures` WHERE (`Y` = '746742') and (`X` = '1427808') and (`Z` = '13963');
DELETE FROM `war_world`.`keep_creatures` WHERE (`Y` = '748250') and (`X` = '1433436') and (`Z` = '13963');
DELETE FROM `war_world`.`keep_creatures` WHERE (`Y` = '748260') and (`X` = '1425654') and (`Z` = '13963');
DELETE FROM `war_world`.`keep_creatures` WHERE (`Y` = '750707') and (`X` = '1435909') and (`Z` = '13963');
DELETE FROM `war_world`.`keep_creatures` WHERE (`Y` = '750737') and (`X` = '1423199') and (`Z` = '13963');
DELETE FROM `war_world`.`keep_creatures` WHERE (`Y` = '740446') and (`X` = '1429703') and (`Z` = '16057');
DELETE FROM `war_world`.`keep_creatures` WHERE (`Y` = '740656') and (`X` = '1429577') and (`Z` = '15557');
DELETE FROM `war_world`.`keep_creatures` WHERE (`Y` = '740824') and (`X` = '1429468') and (`Z` = '16057');
DELETE FROM `war_world`.`keep_creatures` WHERE (`Y` = '746593') and (`X` = '1429551') and (`Z` = '13961');
DELETE FROM `war_world`.`keep_creatures` WHERE (`Y` = '749378') and (`X` = '1434783') and (`Z` = '13961');
DELETE FROM `war_world`.`keep_creatures` WHERE (`Y` = '749382') and (`X` = '1424317') and (`Z` = '13961');
DELETE FROM `war_world`.`keep_creatures` WHERE (`Y` = '740459') and (`X` = '1429420') and (`Z` = '15058');
DELETE FROM `war_world`.`keep_creatures` WHERE (`Y` = '740460') and (`X` = '1429752') and (`Z` = '15557');
DELETE FROM `war_world`.`keep_creatures` WHERE (`Y` = '740475') and (`X` = '1429415') and (`Z` = '15557');
DELETE FROM `war_world`.`keep_creatures` WHERE (`Y` = '740821') and (`X` = '1429386') and (`Z` = '15557');
DELETE FROM `war_world`.`keep_creatures` WHERE (`Y` = '740825') and (`X` = '1429752') and (`Z` = '15557');
DELETE FROM `war_world`.`keep_creatures` WHERE (`Y` = '740902') and (`X` = '1429744') and (`Z` = '15058');
DELETE FROM `war_world`.`keep_creatures` WHERE (`Y` = '737503') and (`X` = '1433810') and (`Z` = '14032');
DELETE FROM `war_world`.`keep_creatures` WHERE (`Y` = '737521') and (`X` = '1434158') and (`Z` = '14024');
DELETE FROM `war_world`.`keep_creatures` WHERE (`Y` = '737634') and (`X` = '1433967') and (`Z` = '14032');
DELETE FROM `war_world`.`keep_creatures` WHERE (`Y` = '738701') and (`X` = '1430110') and (`Z` = '14457');
DELETE FROM `war_world`.`keep_creatures` WHERE (`Y` = '739522') and (`X` = '1430857') and (`Z` = '14756');
DELETE FROM `war_world`.`keep_creatures` WHERE (`Y` = '740267') and (`X` = '1429071') and (`Z` = '15307');
DELETE FROM `war_world`.`keep_creatures` WHERE (`Y` = '740475') and (`X` = '1429750') and (`Z` = '15058');
DELETE FROM `war_world`.`keep_creatures` WHERE (`Y` = '740891') and (`X` = '1429417') and (`Z` = '15058');
DELETE FROM `war_world`.`keep_creatures` WHERE (`Y` = '741635') and (`X` = '1433458') and (`Z` = '14051');
DELETE FROM `war_world`.`keep_creatures` WHERE (`Y` = '742801') and (`X` = '1428469') and (`Z` = '14434');
DELETE FROM `war_world`.`keep_creatures` WHERE (`Y` = '743310') and (`X` = '1430717') and (`Z` = '14374');
DELETE FROM `war_world`.`keep_creatures` WHERE (`Y` = '739490') and (`X` = '1430218') and (`Z` = '15018');
DELETE FROM `war_world`.`keep_creatures` WHERE (`Y` = '739864') and (`X` = '1427627') and (`Z` = '14488');
DELETE FROM `war_world`.`keep_creatures` WHERE (`Y` = '740481') and (`X` = '1430456') and (`Z` = '14738');
DELETE FROM `war_world`.`keep_creatures` WHERE (`Y` = '740968') and (`X` = '1426034') and (`Z` = '14000');
DELETE FROM `war_world`.`keep_creatures` WHERE (`Y` = '741967') and (`X` = '1430915') and (`Z` = '14464');
DELETE FROM `war_world`.`keep_creatures` WHERE (`Y` = '741998') and (`X` = '1427725') and (`Z` = '14488');
DELETE FROM `war_world`.`keep_creatures` WHERE (`Y` = '742235') and (`X` = '1429971') and (`Z` = '14488');
DELETE FROM `war_world`.`keep_creatures` WHERE (`Y` = '742380') and (`X` = '1434077') and (`Z` = '14006');
DELETE FROM `war_world`.`keep_creatures` WHERE (`Y` = '743558') and (`X` = '1435223') and (`Z` = '13951');
DELETE FROM `war_world`.`keep_creatures` WHERE (`Y` = '744688') and (`X` = '1431814') and (`Z` = '13738');
DELETE FROM `war_world`.`keep_creatures` WHERE (`Y` = '745218') and (`X` = '1426162') and (`Z` = '13794');
DELETE FROM `war_world`.`keep_creatures` WHERE (`Y` = '745354') and (`X` = '1425990') and (`Z` = '13805');
DELETE FROM `war_world`.`keep_creatures` WHERE (`Y` = '745433') and (`X` = '1426119') and (`Z` = '13760');
DELETE FROM `war_world`.`keep_creatures` WHERE (`Y` = '745790') and (`X` = '1429283') and (`Z` = '13364');
DELETE FROM `war_world`.`keep_creatures` WHERE (`Y` = '745962') and (`X` = '1432938') and (`Z` = '13496');
DELETE FROM `war_world`.`keep_creatures` WHERE (`Y` = '746069') and (`X` = '1430006') and (`Z` = '13353');
DELETE FROM `war_world`.`keep_creatures` WHERE (`Y` = '746167') and (`X` = '1427212') and (`Z` = '13447');
DELETE FROM `war_world`.`keep_creatures` WHERE (`Y` = '746582') and (`X` = '1424683') and (`Z` = '13826');
DELETE FROM `war_world`.`keep_creatures` WHERE (`Y` = '747021') and (`X` = '1431791') and (`Z` = '13396');
DELETE FROM `war_world`.`keep_creatures` WHERE (`Y` = '747146') and (`X` = '1432653') and (`Z` = '13504');
DELETE FROM `war_world`.`keep_creatures` WHERE (`Y` = '747371') and (`X` = '1434445') and (`Z` = '13406');
DELETE FROM `war_world`.`keep_creatures` WHERE (`Y` = '747634') and (`X` = '1425432') and (`Z` = '13422');
DELETE FROM `war_world`.`keep_creatures` WHERE (`Y` = '748554') and (`X` = '1434937') and (`Z` = '13329');
DELETE FROM `war_world`.`keep_creatures` WHERE (`Y` = '748845') and (`X` = '1423633') and (`Z` = '13488');
DELETE FROM `war_world`.`keep_creatures` WHERE (`Y` = '749024') and (`X` = '1435891') and (`Z` = '13379');
DELETE FROM `war_world`.`keep_creatures` WHERE (`Y` = '740153') and (`X` = '1430016') and (`Z` = '14518');
DELETE FROM `war_world`.`keep_creatures` WHERE (`Y` = '740675') and (`X` = '1430439') and (`Z` = '14738');
DELETE FROM `war_world`.`keep_creatures` WHERE (`Y` = '740698') and (`X` = '1430420') and (`Z` = '14518');
DELETE FROM `war_world`.`keep_creatures` WHERE (`Y` = '740891') and (`X` = '1425695') and (`Z` = '14044');
DELETE FROM `war_world`.`keep_creatures` WHERE (`Y` = '741333') and (`X` = '1430443') and (`Z` = '14518');
DELETE FROM `war_world`.`keep_creatures` WHERE (`Y` = '741784') and (`X` = '1430320') and (`Z` = '14738');
DELETE FROM `war_world`.`keep_creatures` WHERE (`Y` = '743813') and (`X` = '1436073') and (`Z` = '13900');
DELETE FROM `war_world`.`keep_creatures` WHERE (`Y` = '745408') and (`X` = '1429671') and (`Z` = '13487');
DELETE FROM `war_world`.`keep_creatures` WHERE (`Y` = '746158') and (`X` = '1431291') and (`Z` = '13418');
DELETE FROM `war_world`.`keep_creatures` WHERE (`Y` = '746407') and (`X` = '1432798') and (`Z` = '13520');
DELETE FROM `war_world`.`keep_creatures` WHERE (`Y` = '748990') and (`X` = '1434907') and (`Z` = '13356');
DELETE FROM `war_world`.`keep_creatures` WHERE (`Y` = '749227') and (`X` = '1435141') and (`Z` = '13326');
DELETE FROM `war_world`.`keep_creatures` WHERE (`Y` = '740353') and (`X` = '1429952') and (`Z` = '15807');
DELETE FROM `war_world`.`keep_creatures` WHERE (`Y` = '743107') and (`X` = '1432539') and (`Z` = '13986');
DELETE FROM `war_world`.`keep_creatures` WHERE (`Y` = '744012') and (`X` = '1436573') and (`Z` = '13950');
DELETE FROM `war_world`.`keep_creatures` WHERE (`Y` = '745591') and (`X` = '1435871') and (`Z` = '14046');
DELETE FROM `war_world`.`keep_creatures` WHERE (`Y` = '747612') and (`X` = '1426659') and (`Z` = '13416');
DELETE FROM `war_world`.`keep_creatures` WHERE (`Y` = '748574') and (`X` = '1423871') and (`Z` = '13480');
DELETE FROM `war_world`.`keep_creatures` WHERE (`Y` = '749095') and (`X` = '1423527') and (`Z` = '13457');
DELETE FROM `war_world`.`keep_creatures` WHERE (`Y` = '749699') and (`X` = '1436344') and (`Z` = '13295');
DELETE FROM `war_world`.`keep_creatures` WHERE (`Y` = '743222') and (`X` = '1433067') and (`Z` = '13993');
DELETE FROM `war_world`.`keep_creatures` WHERE (`Y` = '737540') and (`X` = '1433010') and (`Z` = '14049');
DELETE FROM `war_world`.`keep_creatures` WHERE (`Y` = '738060') and (`X` = '1432641') and (`Z` = '14063');
DELETE FROM `war_world`.`keep_creatures` WHERE (`Y` = '738175') and (`X` = '1427481') and (`Z` = '14080');
DELETE FROM `war_world`.`keep_creatures` WHERE (`Y` = '738400') and (`X` = '1427704') and (`Z` = '14083');
DELETE FROM `war_world`.`keep_creatures` WHERE (`Y` = '740105') and (`X` = '1429110') and (`Z` = '15307');
DELETE FROM `war_world`.`keep_creatures` WHERE (`Y` = '740129') and (`X` = '1429129') and (`Z` = '14518');
DELETE FROM `war_world`.`keep_creatures` WHERE (`Y` = '740498') and (`X` = '1428216') and (`Z` = '15018');
DELETE FROM `war_world`.`keep_creatures` WHERE (`Y` = '740635') and (`X` = '1431367') and (`Z` = '14446');
DELETE FROM `war_world`.`keep_creatures` WHERE (`Y` = '741701') and (`X` = '1432782') and (`Z` = '14065');
DELETE FROM `war_world`.`keep_creatures` WHERE (`Y` = '742065') and (`X` = '1431306') and (`Z` = '14456');
DELETE FROM `war_world`.`keep_creatures` WHERE (`Y` = '742254') and (`X` = '1434198') and (`Z` = '13989');
DELETE FROM `war_world`.`keep_creatures` WHERE (`Y` = '742710') and (`X` = '1429382') and (`Z` = '14379');
DELETE FROM `war_world`.`keep_creatures` WHERE (`Y` = '742764') and (`X` = '1433108') and (`Z` = '14032');
DELETE FROM `war_world`.`keep_creatures` WHERE (`Y` = '743215') and (`X` = '1436415') and (`Z` = '13957');
DELETE FROM `war_world`.`keep_creatures` WHERE (`Y` = '743854') and (`X` = '1426703') and (`Z` = '13910');
DELETE FROM `war_world`.`keep_creatures` WHERE (`Y` = '744342') and (`X` = '1436762') and (`Z` = '13963');
DELETE FROM `war_world`.`keep_creatures` WHERE (`Y` = '744495') and (`X` = '1434910') and (`Z` = '13726');
DELETE FROM `war_world`.`keep_creatures` WHERE (`Y` = '744540') and (`X` = '1432973') and (`Z` = '13875');
DELETE FROM `war_world`.`keep_creatures` WHERE (`Y` = '744781') and (`X` = '1430889') and (`Z` = '13816');
DELETE FROM `war_world`.`keep_creatures` WHERE (`Y` = '744964') and (`X` = '1427995') and (`Z` = '13898');
DELETE FROM `war_world`.`keep_creatures` WHERE (`Y` = '745097') and (`X` = '1428748') and (`Z` = '13888');
DELETE FROM `war_world`.`keep_creatures` WHERE (`Y` = '745730') and (`X` = '1434070') and (`Z` = '13655');
DELETE FROM `war_world`.`keep_creatures` WHERE (`Y` = '745793') and (`X` = '1430127') and (`Z` = '13353');
DELETE FROM `war_world`.`keep_creatures` WHERE (`Y` = '746147') and (`X` = '1434736') and (`Z` = '13674');
DELETE FROM `war_world`.`keep_creatures` WHERE (`Y` = '746221') and (`X` = '1429421') and (`Z` = '13360');
DELETE FROM `war_world`.`keep_creatures` WHERE (`Y` = '746233') and (`X` = '1428470') and (`Z` = '13349');
DELETE FROM `war_world`.`keep_creatures` WHERE (`Y` = '746238') and (`X` = '1429743') and (`Z` = '13360');
DELETE FROM `war_world`.`keep_creatures` WHERE (`Y` = '747188') and (`X` = '1433397') and (`Z` = '13532');
DELETE FROM `war_world`.`keep_creatures` WHERE (`Y` = '748212') and (`X` = '1424045') and (`Z` = '13527');
DELETE FROM `war_world`.`keep_creatures` WHERE (`Y` = '748321') and (`X` = '1435136') and (`Z` = '13339');
DELETE FROM `war_world`.`keep_creatures` WHERE (`Y` = '748446') and (`X` = '1435491') and (`Z` = '13312');
DELETE FROM `war_world`.`keep_creatures` WHERE (`Y` = '748949') and (`X` = '1424160') and (`Z` = '13381');
DELETE FROM `war_world`.`keep_creatures` WHERE (`Y` = '749120') and (`X` = '1423913') and (`Z` = '13394');
DELETE FROM `war_world`.`keep_creatures` WHERE (`Y` = '735581') and (`X` = '1429896') and (`Z` = '14080');
DELETE FROM `war_world`.`keep_creatures` WHERE (`Y` = '735593') and (`X` = '1430197') and (`Z` = '14080');
DELETE FROM `war_world`.`keep_creatures` WHERE (`Y` = '735819') and (`X` = '1429708') and (`Z` = '14085');
DELETE FROM `war_world`.`keep_creatures` WHERE (`Y` = '735825') and (`X` = '1430498') and (`Z` = '14084');
DELETE FROM `war_world`.`keep_creatures` WHERE (`Y` = '736622') and (`X` = '1430460') and (`Z` = '14087');
DELETE FROM `war_world`.`keep_creatures` WHERE (`Y` = '736712') and (`X` = '1429733') and (`Z` = '14078');
DELETE FROM `war_world`.`keep_creatures` WHERE (`Y` = '738615') and (`X` = '1431462') and (`Z` = '14462');
DELETE FROM `war_world`.`keep_creatures` WHERE (`Y` = '738940') and (`X` = '1431482') and (`Z` = '14480');
DELETE FROM `war_world`.`keep_creatures` WHERE (`Y` = '739192') and (`X` = '1429058') and (`Z` = '14488');
DELETE FROM `war_world`.`keep_creatures` WHERE (`Y` = '741666') and (`X` = '1428879') and (`Z` = '14549');
DELETE FROM `war_world`.`keep_creatures` WHERE (`Y` = '741948') and (`X` = '1429453') and (`Z` = '14488');
DELETE FROM `war_world`.`keep_creatures` WHERE (`Y` = '741985') and (`X` = '1429755') and (`Z` = '14488');
DELETE FROM `war_world`.`keep_creatures` WHERE (`Y` = '742757') and (`X` = '1429893') and (`Z` = '14376');
DELETE FROM `war_world`.`keep_creatures` WHERE (`Y` = '747151') and (`X` = '1429418') and (`Z` = '13360');
DELETE FROM `war_world`.`keep_creatures` WHERE (`Y` = '747169') and (`X` = '1429715') and (`Z` = '13360');
DELETE FROM `war_world`.`keep_creatures` WHERE (`Y` = '747305') and (`X` = '1429151') and (`Z` = '13350');
DELETE FROM `war_world`.`keep_creatures` WHERE (`Y` = '747317') and (`X` = '1430015') and (`Z` = '13360');
DELETE FROM `war_world`.`keep_creatures` WHERE (`Y` = '749653') and (`X` = '1434056') and (`Z` = '13337');
DELETE FROM `war_world`.`keep_creatures` WHERE (`Y` = '749657') and (`X` = '1424888') and (`Z` = '13336');
DELETE FROM `war_world`.`keep_creatures` WHERE (`Y` = '749657') and (`X` = '1425261') and (`Z` = '13352');
DELETE FROM `war_world`.`keep_creatures` WHERE (`Y` = '749700') and (`X` = '1434298') and (`Z` = '13351');
DELETE FROM `war_world`.`keep_creatures` WHERE (`Y` = '749881') and (`X` = '1424644') and (`Z` = '13344');
DELETE FROM `war_world`.`keep_creatures` WHERE (`Y` = '749902') and (`X` = '1434491') and (`Z` = '13352');
DELETE FROM `war_world`.`keep_creatures` WHERE (`Y` = '750134') and (`X` = '1434568') and (`Z` = '13337');
DELETE FROM `war_world`.`keep_creatures` WHERE (`Y` = '750165') and (`X` = '1424632') and (`Z` = '13320');
DELETE FROM `war_world`.`keep_creatures` WHERE (`Y` = '740081') and (`X` = '1430828') and (`Z` = '14738');
DELETE FROM `war_world`.`keep_creatures` WHERE (`Y` = '740249') and (`X` = '1429011') and (`Z` = '14518');
DELETE FROM `war_world`.`keep_creatures` WHERE (`Y` = '740273') and (`X` = '1430112') and (`Z` = '14518');
DELETE FROM `war_world`.`keep_creatures` WHERE (`Y` = '740833') and (`X` = '1428897') and (`Z` = '14549');
DELETE FROM `war_world`.`keep_creatures` WHERE (`Y` = '742151') and (`X` = '1429230') and (`Z` = '14488');
DELETE FROM `war_world`.`keep_creatures` WHERE (`Y` = '744165') and (`X` = '1433860') and (`Z` = '13952');
DELETE FROM `war_world`.`keep_creatures` WHERE (`Y` = '745734') and (`X` = '1429515') and (`Z` = '13383');
DELETE FROM `war_world`.`keep_creatures` WHERE (`Y` = '746503') and (`X` = '1430597') and (`Z` = '13360');
DELETE FROM `war_world`.`keep_creatures` WHERE (`Y` = '748734') and (`X` = '1435062') and (`Z` = '13322');
DELETE FROM `war_world`.`keep_creatures` WHERE (`Y` = '749005') and (`X` = '1435387') and (`Z` = '13304');
DELETE FROM `war_world`.`keep_creatures` WHERE (`Y` = '744133') and (`X` = '1427199') and (`Z` = '13855');
DELETE FROM `war_world`.`keep_creatures` WHERE (`Y` = '743688') and (`X` = '1436927') and (`Z` = '13967');
DELETE FROM `war_world`.`keep_creatures` WHERE (`Y` = '744672') and (`X` = '1426081') and (`Z` = '13931');
DELETE FROM `war_world`.`keep_creatures` WHERE (`Y` = '744746') and (`X` = '1429280') and (`Z` = '13705');
DELETE FROM `war_world`.`keep_creatures` WHERE (`Y` = '744819') and (`X` = '1432245') and (`Z` = '13733');
DELETE FROM `war_world`.`keep_creatures` WHERE (`Y` = '745492') and (`X` = '1427339') and (`Z` = '13563');
DELETE FROM `war_world`.`keep_creatures` WHERE (`Y` = '745668') and (`X` = '1429846') and (`Z` = '13396');
DELETE FROM `war_world`.`keep_creatures` WHERE (`Y` = '746989') and (`X` = '1425832') and (`Z` = '13463');
DELETE FROM `war_world`.`keep_creatures` WHERE (`Y` = '747060') and (`X` = '1424016') and (`Z` = '13859');
DELETE FROM `war_world`.`keep_creatures` WHERE (`Y` = '748027') and (`X` = '1423357') and (`Z` = '13784');
DELETE FROM `war_world`.`keep_creatures` WHERE (`Y` = '748678') and (`X` = '1424232') and (`Z` = '13420');
/* Maw - Setting Spawn-Points within Keep-Table NPC, Merchants, Siege */
INSERT INTO `war_world`.`keep_creatures` (`KeepId`, `ZoneId`, `OrderId`, `DestroId`, `X`, `Y`, `Z`, `O`, `KeepLord`, `IsPatrol`, `WaypointGUID`) VALUES ('101', '104', '0', '1351', '1429473', '740450', '16057', '4028', '0', '0', '0');
INSERT INTO `war_world`.`keep_creatures` (`KeepId`, `ZoneId`, `OrderId`, `DestroId`, `X`, `Y`, `Z`, `O`, `KeepLord`, `IsPatrol`, `WaypointGUID`) VALUES ('101', '104', '0', '1700', '1429701', '740818', '16057', '1974', '0', '0', '0');
INSERT INTO `war_world`.`keep_creatures` (`KeepId`, `ZoneId`, `OrderId`, `DestroId`, `X`, `Y`, `Z`, `O`, `KeepLord`, `IsPatrol`, `WaypointGUID`) VALUES ('101', '104', '0', '13463', '1431310', '748270', '13983', '934', '0', '0', '0');
INSERT INTO `war_world`.`keep_creatures` (`KeepId`, `ZoneId`, `OrderId`, `DestroId`, `X`, `Y`, `Z`, `O`, `KeepLord`, `IsPatrol`, `WaypointGUID`) VALUES ('101', '104', '0', '13463', '1427809', '748274', '13983', '2742', '0', '0', '0');
INSERT INTO `war_world`.`keep_creatures` (`KeepId`, `ZoneId`, `OrderId`, `DestroId`, `X`, `Y`, `Z`, `O`, `KeepLord`, `IsPatrol`, `WaypointGUID`) VALUES ('101', '104', '0', '13463', '1432365', '749332', '13983', '3580', '0', '0', '0');
INSERT INTO `war_world`.`keep_creatures` (`KeepId`, `ZoneId`, `OrderId`, `DestroId`, `X`, `Y`, `Z`, `O`, `KeepLord`, `IsPatrol`, `WaypointGUID`) VALUES ('101', '104', '0', '13463', '1426741', '749338', '13985', '166', '0', '0', '0');
INSERT INTO `war_world`.`keep_creatures` (`KeepId`, `ZoneId`, `OrderId`, `DestroId`, `X`, `Y`, `Z`, `O`, `KeepLord`, `IsPatrol`, `WaypointGUID`) VALUES ('101', '104', '0', '13463', '1434837', '751797', '13983', '1374', '0', '0', '0');
INSERT INTO `war_world`.`keep_creatures` (`KeepId`, `ZoneId`, `OrderId`, `DestroId`, `X`, `Y`, `Z`, `O`, `KeepLord`, `IsPatrol`, `WaypointGUID`) VALUES ('101', '104', '0', '13463', '1424276', '751818', '13983', '2580', '0', '0', '0');
INSERT INTO `war_world`.`keep_creatures` (`KeepId`, `ZoneId`, `OrderId`, `DestroId`, `X`, `Y`, `Z`, `O`, `KeepLord`, `IsPatrol`, `WaypointGUID`) VALUES ('101', '104', '0', '13464', '1431293', '746734', '13963', '524', '0', '0', '0');
INSERT INTO `war_world`.`keep_creatures` (`KeepId`, `ZoneId`, `OrderId`, `DestroId`, `X`, `Y`, `Z`, `O`, `KeepLord`, `IsPatrol`, `WaypointGUID`) VALUES ('101', '104', '0', '13464', '1427808', '746742', '13963', '3578', '0', '0', '0');
INSERT INTO `war_world`.`keep_creatures` (`KeepId`, `ZoneId`, `OrderId`, `DestroId`, `X`, `Y`, `Z`, `O`, `KeepLord`, `IsPatrol`, `WaypointGUID`) VALUES ('101', '104', '0', '13464', '1433436', '748250', '13963', '3936', '0', '0', '0');
INSERT INTO `war_world`.`keep_creatures` (`KeepId`, `ZoneId`, `OrderId`, `DestroId`, `X`, `Y`, `Z`, `O`, `KeepLord`, `IsPatrol`, `WaypointGUID`) VALUES ('101', '104', '0', '13464', '1425654', '748260', '13963', '3990', '0', '0', '0');
INSERT INTO `war_world`.`keep_creatures` (`KeepId`, `ZoneId`, `OrderId`, `DestroId`, `X`, `Y`, `Z`, `O`, `KeepLord`, `IsPatrol`, `WaypointGUID`) VALUES ('101', '104', '0', '13464', '1435909', '750707', '13963', '952', '0', '0', '0');
INSERT INTO `war_world`.`keep_creatures` (`KeepId`, `ZoneId`, `OrderId`, `DestroId`, `X`, `Y`, `Z`, `O`, `KeepLord`, `IsPatrol`, `WaypointGUID`) VALUES ('101', '104', '0', '13464', '1423199', '750737', '13963', '2962', '0', '0', '0');
INSERT INTO `war_world`.`keep_creatures` (`KeepId`, `ZoneId`, `OrderId`, `DestroId`, `X`, `Y`, `Z`, `O`, `KeepLord`, `IsPatrol`, `WaypointGUID`) VALUES ('101', '104', '0', '28103', '1429703', '740446', '16057', '4048', '0', '0', '0');
INSERT INTO `war_world`.`keep_creatures` (`KeepId`, `ZoneId`, `OrderId`, `DestroId`, `X`, `Y`, `Z`, `O`, `KeepLord`, `IsPatrol`, `WaypointGUID`) VALUES ('101', '104', '778039', '34178', '1429577', '740656', '15557', '2044', '1', '0', '0');
INSERT INTO `war_world`.`keep_creatures` (`KeepId`, `ZoneId`, `OrderId`, `DestroId`, `X`, `Y`, `Z`, `O`, `KeepLord`, `IsPatrol`, `WaypointGUID`) VALUES ('101', '104', '0', '98569', '1429468', '740824', '16057', '1956', '0', '0', '0');
INSERT INTO `war_world`.`keep_creatures` (`KeepId`, `ZoneId`, `OrderId`, `DestroId`, `X`, `Y`, `Z`, `O`, `KeepLord`, `IsPatrol`, `WaypointGUID`) VALUES ('101', '104', '0', '1000141', '1429551', '746593', '13961', '4020', '0', '0', '0');
INSERT INTO `war_world`.`keep_creatures` (`KeepId`, `ZoneId`, `OrderId`, `DestroId`, `X`, `Y`, `Z`, `O`, `KeepLord`, `IsPatrol`, `WaypointGUID`) VALUES ('101', '104', '0', '1000141', '1434783', '749378', '13961', '468', '0', '0', '0');
INSERT INTO `war_world`.`keep_creatures` (`KeepId`, `ZoneId`, `OrderId`, `DestroId`, `X`, `Y`, `Z`, `O`, `KeepLord`, `IsPatrol`, `WaypointGUID`) VALUES ('101', '104', '0', '1000141', '1424317', '749382', '13961', '3532', '0', '0', '0');
INSERT INTO `war_world`.`keep_creatures` (`KeepId`, `ZoneId`, `OrderId`, `DestroId`, `X`, `Y`, `Z`, `O`, `KeepLord`, `IsPatrol`, `WaypointGUID`) VALUES ('101', '104', '0', '10405000', '1429420', '740459', '15058', '2074', '0', '0', '0');
INSERT INTO `war_world`.`keep_creatures` (`KeepId`, `ZoneId`, `OrderId`, `DestroId`, `X`, `Y`, `Z`, `O`, `KeepLord`, `IsPatrol`, `WaypointGUID`) VALUES ('101', '104', '0', '10405000', '1429752', '740460', '15557', '2030', '0', '0', '0');
INSERT INTO `war_world`.`keep_creatures` (`KeepId`, `ZoneId`, `OrderId`, `DestroId`, `X`, `Y`, `Z`, `O`, `KeepLord`, `IsPatrol`, `WaypointGUID`) VALUES ('101', '104', '0', '10405000', '1429415', '740475', '15557', '2068', '0', '0', '0');
INSERT INTO `war_world`.`keep_creatures` (`KeepId`, `ZoneId`, `OrderId`, `DestroId`, `X`, `Y`, `Z`, `O`, `KeepLord`, `IsPatrol`, `WaypointGUID`) VALUES ('101', '104', '0', '10405000', '1429386', '740821', '15557', '1044', '0', '0', '0');
INSERT INTO `war_world`.`keep_creatures` (`KeepId`, `ZoneId`, `OrderId`, `DestroId`, `X`, `Y`, `Z`, `O`, `KeepLord`, `IsPatrol`, `WaypointGUID`) VALUES ('101', '104', '0', '10405000', '1429752', '740825', '15557', '2616', '0', '0', '0');
INSERT INTO `war_world`.`keep_creatures` (`KeepId`, `ZoneId`, `OrderId`, `DestroId`, `X`, `Y`, `Z`, `O`, `KeepLord`, `IsPatrol`, `WaypointGUID`) VALUES ('101', '104', '0', '10405000', '1429744', '740902', '15058', '0', '0', '0', '0');
INSERT INTO `war_world`.`keep_creatures` (`KeepId`, `ZoneId`, `OrderId`, `DestroId`, `X`, `Y`, `Z`, `O`, `KeepLord`, `IsPatrol`, `WaypointGUID`) VALUES ('101', '104', '0', '10405001', '1433810', '737503', '14032', '648', '0', '0', '0');
INSERT INTO `war_world`.`keep_creatures` (`KeepId`, `ZoneId`, `OrderId`, `DestroId`, `X`, `Y`, `Z`, `O`, `KeepLord`, `IsPatrol`, `WaypointGUID`) VALUES ('101', '104', '0', '10405001', '1434158', '737521', '14024', '3340', '0', '0', '0');
INSERT INTO `war_world`.`keep_creatures` (`KeepId`, `ZoneId`, `OrderId`, `DestroId`, `X`, `Y`, `Z`, `O`, `KeepLord`, `IsPatrol`, `WaypointGUID`) VALUES ('101', '104', '0', '10405001', '1433967', '737634', '14032', '4066', '0', '0', '0');
INSERT INTO `war_world`.`keep_creatures` (`KeepId`, `ZoneId`, `OrderId`, `DestroId`, `X`, `Y`, `Z`, `O`, `KeepLord`, `IsPatrol`, `WaypointGUID`) VALUES ('101', '104', '0', '10405001', '1430110', '738701', '14457', '2002', '0', '0', '0');
INSERT INTO `war_world`.`keep_creatures` (`KeepId`, `ZoneId`, `OrderId`, `DestroId`, `X`, `Y`, `Z`, `O`, `KeepLord`, `IsPatrol`, `WaypointGUID`) VALUES ('101', '104', '0', '10405001', '1430857', '739522', '14756', '34', '0', '0', '0');
INSERT INTO `war_world`.`keep_creatures` (`KeepId`, `ZoneId`, `OrderId`, `DestroId`, `X`, `Y`, `Z`, `O`, `KeepLord`, `IsPatrol`, `WaypointGUID`) VALUES ('101', '104', '0', '10405001', '1429071', '740267', '15307', '3786', '0', '0', '0');
INSERT INTO `war_world`.`keep_creatures` (`KeepId`, `ZoneId`, `OrderId`, `DestroId`, `X`, `Y`, `Z`, `O`, `KeepLord`, `IsPatrol`, `WaypointGUID`) VALUES ('101', '104', '0', '10405001', '1429750', '740475', '15058', '2074', '0', '0', '0');
INSERT INTO `war_world`.`keep_creatures` (`KeepId`, `ZoneId`, `OrderId`, `DestroId`, `X`, `Y`, `Z`, `O`, `KeepLord`, `IsPatrol`, `WaypointGUID`) VALUES ('101', '104', '0', '10405001', '1429417', '740891', '15058', '0', '0', '0', '0');
INSERT INTO `war_world`.`keep_creatures` (`KeepId`, `ZoneId`, `OrderId`, `DestroId`, `X`, `Y`, `Z`, `O`, `KeepLord`, `IsPatrol`, `WaypointGUID`) VALUES ('101', '104', '0', '10405001', '1433458', '741635', '14051', '926', '0', '0', '0');
INSERT INTO `war_world`.`keep_creatures` (`KeepId`, `ZoneId`, `OrderId`, `DestroId`, `X`, `Y`, `Z`, `O`, `KeepLord`, `IsPatrol`, `WaypointGUID`) VALUES ('101', '104', '0', '10405001', '1428469', '742801', '14434', '3484', '0', '0', '0');
INSERT INTO `war_world`.`keep_creatures` (`KeepId`, `ZoneId`, `OrderId`, `DestroId`, `X`, `Y`, `Z`, `O`, `KeepLord`, `IsPatrol`, `WaypointGUID`) VALUES ('101', '104', '0', '10405001', '1430717', '743310', '14374', '430', '0', '0', '0');
INSERT INTO `war_world`.`keep_creatures` (`KeepId`, `ZoneId`, `OrderId`, `DestroId`, `X`, `Y`, `Z`, `O`, `KeepLord`, `IsPatrol`, `WaypointGUID`) VALUES ('101', '104', '0', '10405002', '1430218', '739490', '15018', '3050', '0', '0', '0');
INSERT INTO `war_world`.`keep_creatures` (`KeepId`, `ZoneId`, `OrderId`, `DestroId`, `X`, `Y`, `Z`, `O`, `KeepLord`, `IsPatrol`, `WaypointGUID`) VALUES ('101', '104', '0', '10405002', '1427627', '739864', '14488', '942', '0', '0', '0');
INSERT INTO `war_world`.`keep_creatures` (`KeepId`, `ZoneId`, `OrderId`, `DestroId`, `X`, `Y`, `Z`, `O`, `KeepLord`, `IsPatrol`, `WaypointGUID`) VALUES ('101', '104', '0', '10405002', '1430456', '740481', '14738', '28', '0', '0', '0');
INSERT INTO `war_world`.`keep_creatures` (`KeepId`, `ZoneId`, `OrderId`, `DestroId`, `X`, `Y`, `Z`, `O`, `KeepLord`, `IsPatrol`, `WaypointGUID`) VALUES ('101', '104', '0', '10405002', '1426034', '740968', '14000', '3878', '0', '0', '0');
INSERT INTO `war_world`.`keep_creatures` (`KeepId`, `ZoneId`, `OrderId`, `DestroId`, `X`, `Y`, `Z`, `O`, `KeepLord`, `IsPatrol`, `WaypointGUID`) VALUES ('101', '104', '0', '10405002', '1430915', '741967', '14464', '88', '0', '0', '0');
INSERT INTO `war_world`.`keep_creatures` (`KeepId`, `ZoneId`, `OrderId`, `DestroId`, `X`, `Y`, `Z`, `O`, `KeepLord`, `IsPatrol`, `WaypointGUID`) VALUES ('101', '104', '0', '10405002', '1427725', '741998', '14488', '2756', '0', '0', '0');
INSERT INTO `war_world`.`keep_creatures` (`KeepId`, `ZoneId`, `OrderId`, `DestroId`, `X`, `Y`, `Z`, `O`, `KeepLord`, `IsPatrol`, `WaypointGUID`) VALUES ('101', '104', '0', '10405002', '1429971', '742235', '14488', '88', '0', '0', '0');
INSERT INTO `war_world`.`keep_creatures` (`KeepId`, `ZoneId`, `OrderId`, `DestroId`, `X`, `Y`, `Z`, `O`, `KeepLord`, `IsPatrol`, `WaypointGUID`) VALUES ('101', '104', '0', '10405002', '1434077', '742380', '14006', '2312', '0', '0', '0');
INSERT INTO `war_world`.`keep_creatures` (`KeepId`, `ZoneId`, `OrderId`, `DestroId`, `X`, `Y`, `Z`, `O`, `KeepLord`, `IsPatrol`, `WaypointGUID`) VALUES ('101', '104', '0', '10405002', '1435223', '743558', '13951', '142', '0', '0', '0');
INSERT INTO `war_world`.`keep_creatures` (`KeepId`, `ZoneId`, `OrderId`, `DestroId`, `X`, `Y`, `Z`, `O`, `KeepLord`, `IsPatrol`, `WaypointGUID`) VALUES ('101', '104', '0', '10405002', '1431814', '744688', '13738', '68', '0', '0', '0');
INSERT INTO `war_world`.`keep_creatures` (`KeepId`, `ZoneId`, `OrderId`, `DestroId`, `X`, `Y`, `Z`, `O`, `KeepLord`, `IsPatrol`, `WaypointGUID`) VALUES ('101', '104', '0', '10405002', '1426162', '745218', '13794', '296', '0', '0', '0');
INSERT INTO `war_world`.`keep_creatures` (`KeepId`, `ZoneId`, `OrderId`, `DestroId`, `X`, `Y`, `Z`, `O`, `KeepLord`, `IsPatrol`, `WaypointGUID`) VALUES ('101', '104', '0', '10405002', '1425990', '745354', '13805', '3068', '0', '0', '0');
INSERT INTO `war_world`.`keep_creatures` (`KeepId`, `ZoneId`, `OrderId`, `DestroId`, `X`, `Y`, `Z`, `O`, `KeepLord`, `IsPatrol`, `WaypointGUID`) VALUES ('101', '104', '0', '10405002', '1426119', '745433', '13760', '1380', '0', '0', '0');
INSERT INTO `war_world`.`keep_creatures` (`KeepId`, `ZoneId`, `OrderId`, `DestroId`, `X`, `Y`, `Z`, `O`, `KeepLord`, `IsPatrol`, `WaypointGUID`) VALUES ('101', '104', '0', '10405002', '1429283', '745790', '13364', '3838', '0', '0', '0');
INSERT INTO `war_world`.`keep_creatures` (`KeepId`, `ZoneId`, `OrderId`, `DestroId`, `X`, `Y`, `Z`, `O`, `KeepLord`, `IsPatrol`, `WaypointGUID`) VALUES ('101', '104', '0', '10405002', '1432938', '745962', '13496', '300', '0', '0', '0');
INSERT INTO `war_world`.`keep_creatures` (`KeepId`, `ZoneId`, `OrderId`, `DestroId`, `X`, `Y`, `Z`, `O`, `KeepLord`, `IsPatrol`, `WaypointGUID`) VALUES ('101', '104', '0', '10405002', '1430006', '746069', '13353', '552', '0', '0', '0');
INSERT INTO `war_world`.`keep_creatures` (`KeepId`, `ZoneId`, `OrderId`, `DestroId`, `X`, `Y`, `Z`, `O`, `KeepLord`, `IsPatrol`, `WaypointGUID`) VALUES ('101', '104', '0', '10405002', '1427212', '746167', '13447', '2006', '0', '0', '0');
INSERT INTO `war_world`.`keep_creatures` (`KeepId`, `ZoneId`, `OrderId`, `DestroId`, `X`, `Y`, `Z`, `O`, `KeepLord`, `IsPatrol`, `WaypointGUID`) VALUES ('101', '104', '0', '10405002', '1424683', '746582', '13826', '510', '0', '0', '0');
INSERT INTO `war_world`.`keep_creatures` (`KeepId`, `ZoneId`, `OrderId`, `DestroId`, `X`, `Y`, `Z`, `O`, `KeepLord`, `IsPatrol`, `WaypointGUID`) VALUES ('101', '104', '0', '10405002', '1431791', '747021', '13396', '2294', '0', '0', '0');
INSERT INTO `war_world`.`keep_creatures` (`KeepId`, `ZoneId`, `OrderId`, `DestroId`, `X`, `Y`, `Z`, `O`, `KeepLord`, `IsPatrol`, `WaypointGUID`) VALUES ('101', '104', '0', '10405002', '1432653', '747146', '13504', '424', '0', '0', '0');
INSERT INTO `war_world`.`keep_creatures` (`KeepId`, `ZoneId`, `OrderId`, `DestroId`, `X`, `Y`, `Z`, `O`, `KeepLord`, `IsPatrol`, `WaypointGUID`) VALUES ('101', '104', '0', '10405002', '1434445', '747371', '13406', '3952', '0', '0', '0');
INSERT INTO `war_world`.`keep_creatures` (`KeepId`, `ZoneId`, `OrderId`, `DestroId`, `X`, `Y`, `Z`, `O`, `KeepLord`, `IsPatrol`, `WaypointGUID`) VALUES ('101', '104', '0', '10405002', '1425432', '747634', '13422', '2540', '0', '0', '0');
INSERT INTO `war_world`.`keep_creatures` (`KeepId`, `ZoneId`, `OrderId`, `DestroId`, `X`, `Y`, `Z`, `O`, `KeepLord`, `IsPatrol`, `WaypointGUID`) VALUES ('101', '104', '0', '10405002', '1434937', '748554', '13329', '94', '0', '0', '0');
INSERT INTO `war_world`.`keep_creatures` (`KeepId`, `ZoneId`, `OrderId`, `DestroId`, `X`, `Y`, `Z`, `O`, `KeepLord`, `IsPatrol`, `WaypointGUID`) VALUES ('101', '104', '0', '10405002', '1423633', '748845', '13488', '3518', '0', '0', '0');
INSERT INTO `war_world`.`keep_creatures` (`KeepId`, `ZoneId`, `OrderId`, `DestroId`, `X`, `Y`, `Z`, `O`, `KeepLord`, `IsPatrol`, `WaypointGUID`) VALUES ('101', '104', '0', '10405002', '1435891', '749024', '13379', '914', '0', '0', '0');
INSERT INTO `war_world`.`keep_creatures` (`KeepId`, `ZoneId`, `OrderId`, `DestroId`, `X`, `Y`, `Z`, `O`, `KeepLord`, `IsPatrol`, `WaypointGUID`) VALUES ('101', '104', '0', '10405003', '1430016', '740153', '14518', '472', '0', '0', '0');
INSERT INTO `war_world`.`keep_creatures` (`KeepId`, `ZoneId`, `OrderId`, `DestroId`, `X`, `Y`, `Z`, `O`, `KeepLord`, `IsPatrol`, `WaypointGUID`) VALUES ('101', '104', '0', '10405003', '1430439', '740675', '14738', '2066', '0', '0', '0');
INSERT INTO `war_world`.`keep_creatures` (`KeepId`, `ZoneId`, `OrderId`, `DestroId`, `X`, `Y`, `Z`, `O`, `KeepLord`, `IsPatrol`, `WaypointGUID`) VALUES ('101', '104', '0', '10405003', '1430420', '740698', '14518', '1010', '0', '0', '0');
INSERT INTO `war_world`.`keep_creatures` (`KeepId`, `ZoneId`, `OrderId`, `DestroId`, `X`, `Y`, `Z`, `O`, `KeepLord`, `IsPatrol`, `WaypointGUID`) VALUES ('101', '104', '0', '10405003', '1425695', '740891', '14044', '3878', '0', '0', '0');
INSERT INTO `war_world`.`keep_creatures` (`KeepId`, `ZoneId`, `OrderId`, `DestroId`, `X`, `Y`, `Z`, `O`, `KeepLord`, `IsPatrol`, `WaypointGUID`) VALUES ('101', '104', '0', '10405003', '1430443', '741333', '14518', '1110', '0', '0', '0');
INSERT INTO `war_world`.`keep_creatures` (`KeepId`, `ZoneId`, `OrderId`, `DestroId`, `X`, `Y`, `Z`, `O`, `KeepLord`, `IsPatrol`, `WaypointGUID`) VALUES ('101', '104', '0', '10405003', '1430320', '741784', '14738', '1010', '0', '0', '0');
INSERT INTO `war_world`.`keep_creatures` (`KeepId`, `ZoneId`, `OrderId`, `DestroId`, `X`, `Y`, `Z`, `O`, `KeepLord`, `IsPatrol`, `WaypointGUID`) VALUES ('101', '104', '0', '10405003', '1436073', '743813', '13900', '2702', '0', '0', '0');
INSERT INTO `war_world`.`keep_creatures` (`KeepId`, `ZoneId`, `OrderId`, `DestroId`, `X`, `Y`, `Z`, `O`, `KeepLord`, `IsPatrol`, `WaypointGUID`) VALUES ('101', '104', '0', '10405003', '1429671', '745408', '13487', '68', '0', '0', '0');
INSERT INTO `war_world`.`keep_creatures` (`KeepId`, `ZoneId`, `OrderId`, `DestroId`, `X`, `Y`, `Z`, `O`, `KeepLord`, `IsPatrol`, `WaypointGUID`) VALUES ('101', '104', '0', '10405003', '1431291', '746158', '13418', '2824', '0', '0', '0');
INSERT INTO `war_world`.`keep_creatures` (`KeepId`, `ZoneId`, `OrderId`, `DestroId`, `X`, `Y`, `Z`, `O`, `KeepLord`, `IsPatrol`, `WaypointGUID`) VALUES ('101', '104', '0', '10405003', '1432798', '746407', '13520', '2320', '0', '0', '0');
INSERT INTO `war_world`.`keep_creatures` (`KeepId`, `ZoneId`, `OrderId`, `DestroId`, `X`, `Y`, `Z`, `O`, `KeepLord`, `IsPatrol`, `WaypointGUID`) VALUES ('101', '104', '0', '10405003', '1434907', '748990', '13356', '280', '0', '0', '0');
INSERT INTO `war_world`.`keep_creatures` (`KeepId`, `ZoneId`, `OrderId`, `DestroId`, `X`, `Y`, `Z`, `O`, `KeepLord`, `IsPatrol`, `WaypointGUID`) VALUES ('101', '104', '0', '10405003', '1435141', '749227', '13326', '580', '0', '0', '0');
INSERT INTO `war_world`.`keep_creatures` (`KeepId`, `ZoneId`, `OrderId`, `DestroId`, `X`, `Y`, `Z`, `O`, `KeepLord`, `IsPatrol`, `WaypointGUID`) VALUES ('101', '104', '0', '10405004', '1429952', '740353', '15807', '0', '0', '0', '0');
INSERT INTO `war_world`.`keep_creatures` (`KeepId`, `ZoneId`, `OrderId`, `DestroId`, `X`, `Y`, `Z`, `O`, `KeepLord`, `IsPatrol`, `WaypointGUID`) VALUES ('101', '104', '0', '10405004', '1432539', '743107', '13986', '206', '0', '0', '0');
INSERT INTO `war_world`.`keep_creatures` (`KeepId`, `ZoneId`, `OrderId`, `DestroId`, `X`, `Y`, `Z`, `O`, `KeepLord`, `IsPatrol`, `WaypointGUID`) VALUES ('101', '104', '0', '10405004', '1436573', '744012', '13950', '1750', '0', '0', '0');
INSERT INTO `war_world`.`keep_creatures` (`KeepId`, `ZoneId`, `OrderId`, `DestroId`, `X`, `Y`, `Z`, `O`, `KeepLord`, `IsPatrol`, `WaypointGUID`) VALUES ('101', '104', '0', '10405004', '1435871', '745591', '14046', '846', '0', '0', '0');
INSERT INTO `war_world`.`keep_creatures` (`KeepId`, `ZoneId`, `OrderId`, `DestroId`, `X`, `Y`, `Z`, `O`, `KeepLord`, `IsPatrol`, `WaypointGUID`) VALUES ('101', '104', '0', '10405004', '1426659', '747612', '13416', '2448', '0', '0', '0');
INSERT INTO `war_world`.`keep_creatures` (`KeepId`, `ZoneId`, `OrderId`, `DestroId`, `X`, `Y`, `Z`, `O`, `KeepLord`, `IsPatrol`, `WaypointGUID`) VALUES ('101', '104', '0', '10405004', '1423871', '748574', '13480', '3778', '0', '0', '0');
INSERT INTO `war_world`.`keep_creatures` (`KeepId`, `ZoneId`, `OrderId`, `DestroId`, `X`, `Y`, `Z`, `O`, `KeepLord`, `IsPatrol`, `WaypointGUID`) VALUES ('101', '104', '0', '10405004', '1423527', '749095', '13457', '3218', '0', '0', '0');
INSERT INTO `war_world`.`keep_creatures` (`KeepId`, `ZoneId`, `OrderId`, `DestroId`, `X`, `Y`, `Z`, `O`, `KeepLord`, `IsPatrol`, `WaypointGUID`) VALUES ('101', '104', '0', '10405004', '1436344', '749699', '13295', '1260', '0', '0', '0');
INSERT INTO `war_world`.`keep_creatures` (`KeepId`, `ZoneId`, `OrderId`, `DestroId`, `X`, `Y`, `Z`, `O`, `KeepLord`, `IsPatrol`, `WaypointGUID`) VALUES ('101', '104', '0', '10405005', '1433067', '743222', '13993', '248', '0', '0', '0');
INSERT INTO `war_world`.`keep_creatures` (`KeepId`, `ZoneId`, `OrderId`, `DestroId`, `X`, `Y`, `Z`, `O`, `KeepLord`, `IsPatrol`, `WaypointGUID`) VALUES ('101', '104', '0', '10405006', '1433010', '737540', '14049', '3824', '0', '0', '0');
INSERT INTO `war_world`.`keep_creatures` (`KeepId`, `ZoneId`, `OrderId`, `DestroId`, `X`, `Y`, `Z`, `O`, `KeepLord`, `IsPatrol`, `WaypointGUID`) VALUES ('101', '104', '0', '10405006', '1432641', '738060', '14063', '3748', '0', '0', '0');
INSERT INTO `war_world`.`keep_creatures` (`KeepId`, `ZoneId`, `OrderId`, `DestroId`, `X`, `Y`, `Z`, `O`, `KeepLord`, `IsPatrol`, `WaypointGUID`) VALUES ('101', '104', '0', '10405006', '1427481', '738175', '14080', '494', '0', '0', '0');
INSERT INTO `war_world`.`keep_creatures` (`KeepId`, `ZoneId`, `OrderId`, `DestroId`, `X`, `Y`, `Z`, `O`, `KeepLord`, `IsPatrol`, `WaypointGUID`) VALUES ('101', '104', '0', '10405006', '1427704', '738400', '14083', '504', '0', '0', '0');
INSERT INTO `war_world`.`keep_creatures` (`KeepId`, `ZoneId`, `OrderId`, `DestroId`, `X`, `Y`, `Z`, `O`, `KeepLord`, `IsPatrol`, `WaypointGUID`) VALUES ('101', '104', '0', '10405006', '1429110', '740105', '15307', '3132', '0', '0', '0');
INSERT INTO `war_world`.`keep_creatures` (`KeepId`, `ZoneId`, `OrderId`, `DestroId`, `X`, `Y`, `Z`, `O`, `KeepLord`, `IsPatrol`, `WaypointGUID`) VALUES ('101', '104', '0', '10405006', '1429129', '740129', '14518', '3550', '0', '0', '0');
INSERT INTO `war_world`.`keep_creatures` (`KeepId`, `ZoneId`, `OrderId`, `DestroId`, `X`, `Y`, `Z`, `O`, `KeepLord`, `IsPatrol`, `WaypointGUID`) VALUES ('101', '104', '0', '10405006', '1428216', '740498', '15018', '2070', '0', '0', '0');
INSERT INTO `war_world`.`keep_creatures` (`KeepId`, `ZoneId`, `OrderId`, `DestroId`, `X`, `Y`, `Z`, `O`, `KeepLord`, `IsPatrol`, `WaypointGUID`) VALUES ('101', '104', '0', '10405006', '1431367', '740635', '14446', '100', '0', '0', '0');
INSERT INTO `war_world`.`keep_creatures` (`KeepId`, `ZoneId`, `OrderId`, `DestroId`, `X`, `Y`, `Z`, `O`, `KeepLord`, `IsPatrol`, `WaypointGUID`) VALUES ('101', '104', '0', '10405006', '1432782', '741701', '14065', '3038', '0', '0', '0');
INSERT INTO `war_world`.`keep_creatures` (`KeepId`, `ZoneId`, `OrderId`, `DestroId`, `X`, `Y`, `Z`, `O`, `KeepLord`, `IsPatrol`, `WaypointGUID`) VALUES ('101', '104', '0', '10405006', '1431306', '742065', '14456', '370', '0', '0', '0');
INSERT INTO `war_world`.`keep_creatures` (`KeepId`, `ZoneId`, `OrderId`, `DestroId`, `X`, `Y`, `Z`, `O`, `KeepLord`, `IsPatrol`, `WaypointGUID`) VALUES ('101', '104', '0', '10405006', '1434198', '742254', '13989', '624', '0', '0', '0');
INSERT INTO `war_world`.`keep_creatures` (`KeepId`, `ZoneId`, `OrderId`, `DestroId`, `X`, `Y`, `Z`, `O`, `KeepLord`, `IsPatrol`, `WaypointGUID`) VALUES ('101', '104', '0', '10405006', '1429382', '742710', '14379', '4006', '0', '0', '0');
INSERT INTO `war_world`.`keep_creatures` (`KeepId`, `ZoneId`, `OrderId`, `DestroId`, `X`, `Y`, `Z`, `O`, `KeepLord`, `IsPatrol`, `WaypointGUID`) VALUES ('101', '104', '0', '10405006', '1433108', '742764', '14032', '2122', '0', '0', '0');
INSERT INTO `war_world`.`keep_creatures` (`KeepId`, `ZoneId`, `OrderId`, `DestroId`, `X`, `Y`, `Z`, `O`, `KeepLord`, `IsPatrol`, `WaypointGUID`) VALUES ('101', '104', '0', '10405006', '1436415', '743215', '13957', '3998', '0', '0', '0');
INSERT INTO `war_world`.`keep_creatures` (`KeepId`, `ZoneId`, `OrderId`, `DestroId`, `X`, `Y`, `Z`, `O`, `KeepLord`, `IsPatrol`, `WaypointGUID`) VALUES ('101', '104', '0', '10405006', '1426703', '743854', '13910', '154', '0', '0', '0');
INSERT INTO `war_world`.`keep_creatures` (`KeepId`, `ZoneId`, `OrderId`, `DestroId`, `X`, `Y`, `Z`, `O`, `KeepLord`, `IsPatrol`, `WaypointGUID`) VALUES ('101', '104', '0', '10405006', '1436762', '744342', '13963', '1252', '0', '0', '0');
INSERT INTO `war_world`.`keep_creatures` (`KeepId`, `ZoneId`, `OrderId`, `DestroId`, `X`, `Y`, `Z`, `O`, `KeepLord`, `IsPatrol`, `WaypointGUID`) VALUES ('101', '104', '0', '10405006', '1434910', '744495', '13726', '2282', '0', '0', '0');
INSERT INTO `war_world`.`keep_creatures` (`KeepId`, `ZoneId`, `OrderId`, `DestroId`, `X`, `Y`, `Z`, `O`, `KeepLord`, `IsPatrol`, `WaypointGUID`) VALUES ('101', '104', '0', '10405006', '1432973', '744540', '13875', '188', '0', '0', '0');
INSERT INTO `war_world`.`keep_creatures` (`KeepId`, `ZoneId`, `OrderId`, `DestroId`, `X`, `Y`, `Z`, `O`, `KeepLord`, `IsPatrol`, `WaypointGUID`) VALUES ('101', '104', '0', '10405006', '1430889', '744781', '13816', '1144', '0', '0', '0');
INSERT INTO `war_world`.`keep_creatures` (`KeepId`, `ZoneId`, `OrderId`, `DestroId`, `X`, `Y`, `Z`, `O`, `KeepLord`, `IsPatrol`, `WaypointGUID`) VALUES ('101', '104', '0', '10405006', '1427995', '744964', '13898', '500', '0', '0', '0');
INSERT INTO `war_world`.`keep_creatures` (`KeepId`, `ZoneId`, `OrderId`, `DestroId`, `X`, `Y`, `Z`, `O`, `KeepLord`, `IsPatrol`, `WaypointGUID`) VALUES ('101', '104', '0', '10405006', '1428748', '745097', '13888', '3646', '0', '0', '0');
INSERT INTO `war_world`.`keep_creatures` (`KeepId`, `ZoneId`, `OrderId`, `DestroId`, `X`, `Y`, `Z`, `O`, `KeepLord`, `IsPatrol`, `WaypointGUID`) VALUES ('101', '104', '0', '10405006', '1434070', '745730', '13655', '242', '0', '0', '0');
INSERT INTO `war_world`.`keep_creatures` (`KeepId`, `ZoneId`, `OrderId`, `DestroId`, `X`, `Y`, `Z`, `O`, `KeepLord`, `IsPatrol`, `WaypointGUID`) VALUES ('101', '104', '0', '10405006', '1430127', '745793', '13353', '468', '0', '0', '0');
INSERT INTO `war_world`.`keep_creatures` (`KeepId`, `ZoneId`, `OrderId`, `DestroId`, `X`, `Y`, `Z`, `O`, `KeepLord`, `IsPatrol`, `WaypointGUID`) VALUES ('101', '104', '0', '10405006', '1434736', '746147', '13674', '318', '0', '0', '0');
INSERT INTO `war_world`.`keep_creatures` (`KeepId`, `ZoneId`, `OrderId`, `DestroId`, `X`, `Y`, `Z`, `O`, `KeepLord`, `IsPatrol`, `WaypointGUID`) VALUES ('101', '104', '0', '10405006', '1429421', '746221', '13360', '3892', '0', '0', '0');
INSERT INTO `war_world`.`keep_creatures` (`KeepId`, `ZoneId`, `OrderId`, `DestroId`, `X`, `Y`, `Z`, `O`, `KeepLord`, `IsPatrol`, `WaypointGUID`) VALUES ('101', '104', '0', '10405006', '1428470', '746233', '13349', '2033', '0', '0', '0');
INSERT INTO `war_world`.`keep_creatures` (`KeepId`, `ZoneId`, `OrderId`, `DestroId`, `X`, `Y`, `Z`, `O`, `KeepLord`, `IsPatrol`, `WaypointGUID`) VALUES ('101', '104', '0', '10405006', '1429743', '746238', '13360', '288', '0', '0', '0');
INSERT INTO `war_world`.`keep_creatures` (`KeepId`, `ZoneId`, `OrderId`, `DestroId`, `X`, `Y`, `Z`, `O`, `KeepLord`, `IsPatrol`, `WaypointGUID`) VALUES ('101', '104', '0', '10405006', '1433397', '747188', '13532', '1180', '0', '0', '0');
INSERT INTO `war_world`.`keep_creatures` (`KeepId`, `ZoneId`, `OrderId`, `DestroId`, `X`, `Y`, `Z`, `O`, `KeepLord`, `IsPatrol`, `WaypointGUID`) VALUES ('101', '104', '0', '10405006', '1424045', '748212', '13527', '3984', '0', '0', '0');
INSERT INTO `war_world`.`keep_creatures` (`KeepId`, `ZoneId`, `OrderId`, `DestroId`, `X`, `Y`, `Z`, `O`, `KeepLord`, `IsPatrol`, `WaypointGUID`) VALUES ('101', '104', '0', '10405006', '1435136', '748321', '13339', '226', '0', '0', '0');
INSERT INTO `war_world`.`keep_creatures` (`KeepId`, `ZoneId`, `OrderId`, `DestroId`, `X`, `Y`, `Z`, `O`, `KeepLord`, `IsPatrol`, `WaypointGUID`) VALUES ('101', '104', '0', '10405006', '1435491', '748446', '13312', '438', '0', '0', '0');
INSERT INTO `war_world`.`keep_creatures` (`KeepId`, `ZoneId`, `OrderId`, `DestroId`, `X`, `Y`, `Z`, `O`, `KeepLord`, `IsPatrol`, `WaypointGUID`) VALUES ('101', '104', '0', '10405006', '1424160', '748949', '13381', '3928', '0', '0', '0');
INSERT INTO `war_world`.`keep_creatures` (`KeepId`, `ZoneId`, `OrderId`, `DestroId`, `X`, `Y`, `Z`, `O`, `KeepLord`, `IsPatrol`, `WaypointGUID`) VALUES ('101', '104', '0', '10405006', '1423913', '749120', '13394', '3494', '0', '0', '0');
INSERT INTO `war_world`.`keep_creatures` (`KeepId`, `ZoneId`, `OrderId`, `DestroId`, `X`, `Y`, `Z`, `O`, `KeepLord`, `IsPatrol`, `WaypointGUID`) VALUES ('101', '104', '0', '10405007', '1429896', '735581', '14080', '4', '0', '0', '0');
INSERT INTO `war_world`.`keep_creatures` (`KeepId`, `ZoneId`, `OrderId`, `DestroId`, `X`, `Y`, `Z`, `O`, `KeepLord`, `IsPatrol`, `WaypointGUID`) VALUES ('101', '104', '0', '10405007', '1430197', '735593', '14080', '4', '0', '0', '0');
INSERT INTO `war_world`.`keep_creatures` (`KeepId`, `ZoneId`, `OrderId`, `DestroId`, `X`, `Y`, `Z`, `O`, `KeepLord`, `IsPatrol`, `WaypointGUID`) VALUES ('101', '104', '0', '10405007', '1429708', '735819', '14085', '4', '0', '0', '0');
INSERT INTO `war_world`.`keep_creatures` (`KeepId`, `ZoneId`, `OrderId`, `DestroId`, `X`, `Y`, `Z`, `O`, `KeepLord`, `IsPatrol`, `WaypointGUID`) VALUES ('101', '104', '0', '10405007', '1430498', '735825', '14084', '4', '0', '0', '0');
INSERT INTO `war_world`.`keep_creatures` (`KeepId`, `ZoneId`, `OrderId`, `DestroId`, `X`, `Y`, `Z`, `O`, `KeepLord`, `IsPatrol`, `WaypointGUID`) VALUES ('101', '104', '0', '10405007', '1430460', '736622', '14087', '4002', '0', '0', '0');
INSERT INTO `war_world`.`keep_creatures` (`KeepId`, `ZoneId`, `OrderId`, `DestroId`, `X`, `Y`, `Z`, `O`, `KeepLord`, `IsPatrol`, `WaypointGUID`) VALUES ('101', '104', '0', '10405007', '1429733', '736712', '14078', '3906', '0', '0', '0');
INSERT INTO `war_world`.`keep_creatures` (`KeepId`, `ZoneId`, `OrderId`, `DestroId`, `X`, `Y`, `Z`, `O`, `KeepLord`, `IsPatrol`, `WaypointGUID`) VALUES ('101', '104', '0', '10405007', '1431462', '738615', '14462', '4084', '0', '0', '0');
INSERT INTO `war_world`.`keep_creatures` (`KeepId`, `ZoneId`, `OrderId`, `DestroId`, `X`, `Y`, `Z`, `O`, `KeepLord`, `IsPatrol`, `WaypointGUID`) VALUES ('101', '104', '0', '10405007', '1431482', '738940', '14480', '2026', '0', '0', '0');
INSERT INTO `war_world`.`keep_creatures` (`KeepId`, `ZoneId`, `OrderId`, `DestroId`, `X`, `Y`, `Z`, `O`, `KeepLord`, `IsPatrol`, `WaypointGUID`) VALUES ('101', '104', '0', '10405007', '1429058', '739192', '14488', '1882', '0', '0', '0');
INSERT INTO `war_world`.`keep_creatures` (`KeepId`, `ZoneId`, `OrderId`, `DestroId`, `X`, `Y`, `Z`, `O`, `KeepLord`, `IsPatrol`, `WaypointGUID`) VALUES ('101', '104', '0', '10405007', '1428879', '741666', '14549', '3088', '0', '0', '0');
INSERT INTO `war_world`.`keep_creatures` (`KeepId`, `ZoneId`, `OrderId`, `DestroId`, `X`, `Y`, `Z`, `O`, `KeepLord`, `IsPatrol`, `WaypointGUID`) VALUES ('101', '104', '0', '10405007', '1429453', '741948', '14488', '6', '0', '0', '0');
INSERT INTO `war_world`.`keep_creatures` (`KeepId`, `ZoneId`, `OrderId`, `DestroId`, `X`, `Y`, `Z`, `O`, `KeepLord`, `IsPatrol`, `WaypointGUID`) VALUES ('101', '104', '0', '10405007', '1429755', '741985', '14488', '4086', '0', '0', '0');
INSERT INTO `war_world`.`keep_creatures` (`KeepId`, `ZoneId`, `OrderId`, `DestroId`, `X`, `Y`, `Z`, `O`, `KeepLord`, `IsPatrol`, `WaypointGUID`) VALUES ('101', '104', '0', '10405007', '1429893', '742757', '14376', '3942', '0', '0', '0');
INSERT INTO `war_world`.`keep_creatures` (`KeepId`, `ZoneId`, `OrderId`, `DestroId`, `X`, `Y`, `Z`, `O`, `KeepLord`, `IsPatrol`, `WaypointGUID`) VALUES ('101', '104', '0', '10405007', '1429418', '747151', '13360', '40', '0', '0', '0');
INSERT INTO `war_world`.`keep_creatures` (`KeepId`, `ZoneId`, `OrderId`, `DestroId`, `X`, `Y`, `Z`, `O`, `KeepLord`, `IsPatrol`, `WaypointGUID`) VALUES ('101', '104', '0', '10405007', '1429715', '747169', '13360', '68', '0', '0', '0');
INSERT INTO `war_world`.`keep_creatures` (`KeepId`, `ZoneId`, `OrderId`, `DestroId`, `X`, `Y`, `Z`, `O`, `KeepLord`, `IsPatrol`, `WaypointGUID`) VALUES ('101', '104', '0', '10405007', '1429151', '747305', '13350', '4078', '0', '0', '0');
INSERT INTO `war_world`.`keep_creatures` (`KeepId`, `ZoneId`, `OrderId`, `DestroId`, `X`, `Y`, `Z`, `O`, `KeepLord`, `IsPatrol`, `WaypointGUID`) VALUES ('101', '104', '0', '10405007', '1430015', '747317', '13360', '52', '0', '0', '0');
INSERT INTO `war_world`.`keep_creatures` (`KeepId`, `ZoneId`, `OrderId`, `DestroId`, `X`, `Y`, `Z`, `O`, `KeepLord`, `IsPatrol`, `WaypointGUID`) VALUES ('101', '104', '0', '10405007', '1434056', '749653', '13337', '372', '0', '0', '0');
INSERT INTO `war_world`.`keep_creatures` (`KeepId`, `ZoneId`, `OrderId`, `DestroId`, `X`, `Y`, `Z`, `O`, `KeepLord`, `IsPatrol`, `WaypointGUID`) VALUES ('101', '104', '0', '10405007', '1424888', '749657', '13336', '3684', '0', '0', '0');
INSERT INTO `war_world`.`keep_creatures` (`KeepId`, `ZoneId`, `OrderId`, `DestroId`, `X`, `Y`, `Z`, `O`, `KeepLord`, `IsPatrol`, `WaypointGUID`) VALUES ('101', '104', '0', '10405007', '1425261', '749657', '13352', '3704', '0', '0', '0');
INSERT INTO `war_world`.`keep_creatures` (`KeepId`, `ZoneId`, `OrderId`, `DestroId`, `X`, `Y`, `Z`, `O`, `KeepLord`, `IsPatrol`, `WaypointGUID`) VALUES ('101', '104', '0', '10405007', '1434298', '749700', '13351', '468', '0', '0', '0');
INSERT INTO `war_world`.`keep_creatures` (`KeepId`, `ZoneId`, `OrderId`, `DestroId`, `X`, `Y`, `Z`, `O`, `KeepLord`, `IsPatrol`, `WaypointGUID`) VALUES ('101', '104', '0', '10405007', '1424644', '749881', '13344', '3712', '0', '0', '0');
INSERT INTO `war_world`.`keep_creatures` (`KeepId`, `ZoneId`, `OrderId`, `DestroId`, `X`, `Y`, `Z`, `O`, `KeepLord`, `IsPatrol`, `WaypointGUID`) VALUES ('101', '104', '0', '10405007', '1434491', '749902', '13352', '504', '0', '0', '0');
INSERT INTO `war_world`.`keep_creatures` (`KeepId`, `ZoneId`, `OrderId`, `DestroId`, `X`, `Y`, `Z`, `O`, `KeepLord`, `IsPatrol`, `WaypointGUID`) VALUES ('101', '104', '0', '10405007', '1434568', '750134', '13337', '498', '0', '0', '0');
INSERT INTO `war_world`.`keep_creatures` (`KeepId`, `ZoneId`, `OrderId`, `DestroId`, `X`, `Y`, `Z`, `O`, `KeepLord`, `IsPatrol`, `WaypointGUID`) VALUES ('101', '104', '0', '10405007', '1424632', '750165', '13320', '3670', '0', '0', '0');
INSERT INTO `war_world`.`keep_creatures` (`KeepId`, `ZoneId`, `OrderId`, `DestroId`, `X`, `Y`, `Z`, `O`, `KeepLord`, `IsPatrol`, `WaypointGUID`) VALUES ('101', '104', '0', '10405008', '1430828', '740081', '14738', '470', '0', '0', '0');
INSERT INTO `war_world`.`keep_creatures` (`KeepId`, `ZoneId`, `OrderId`, `DestroId`, `X`, `Y`, `Z`, `O`, `KeepLord`, `IsPatrol`, `WaypointGUID`) VALUES ('101', '104', '0', '10405008', '1429011', '740249', '14518', '3550', '0', '0', '0');
INSERT INTO `war_world`.`keep_creatures` (`KeepId`, `ZoneId`, `OrderId`, `DestroId`, `X`, `Y`, `Z`, `O`, `KeepLord`, `IsPatrol`, `WaypointGUID`) VALUES ('101', '104', '0', '10405008', '1430112', '740273', '14518', '472', '0', '0', '0');
INSERT INTO `war_world`.`keep_creatures` (`KeepId`, `ZoneId`, `OrderId`, `DestroId`, `X`, `Y`, `Z`, `O`, `KeepLord`, `IsPatrol`, `WaypointGUID`) VALUES ('101', '104', '0', '10405008', '1428897', '740833', '14549', '3072', '0', '0', '0');
INSERT INTO `war_world`.`keep_creatures` (`KeepId`, `ZoneId`, `OrderId`, `DestroId`, `X`, `Y`, `Z`, `O`, `KeepLord`, `IsPatrol`, `WaypointGUID`) VALUES ('101', '104', '0', '10405008', '1429230', '742151', '14488', '4088', '0', '0', '0');
INSERT INTO `war_world`.`keep_creatures` (`KeepId`, `ZoneId`, `OrderId`, `DestroId`, `X`, `Y`, `Z`, `O`, `KeepLord`, `IsPatrol`, `WaypointGUID`) VALUES ('101', '104', '0', '10405008', '1433860', '744165', '13952', '2250', '0', '0', '0');
INSERT INTO `war_world`.`keep_creatures` (`KeepId`, `ZoneId`, `OrderId`, `DestroId`, `X`, `Y`, `Z`, `O`, `KeepLord`, `IsPatrol`, `WaypointGUID`) VALUES ('101', '104', '0', '10405008', '1429515', '745734', '13383', '4070', '0', '0', '0');
INSERT INTO `war_world`.`keep_creatures` (`KeepId`, `ZoneId`, `OrderId`, `DestroId`, `X`, `Y`, `Z`, `O`, `KeepLord`, `IsPatrol`, `WaypointGUID`) VALUES ('101', '104', '0', '10405008', '1430597', '746503', '13360', '1977', '0', '0', '0');
INSERT INTO `war_world`.`keep_creatures` (`KeepId`, `ZoneId`, `OrderId`, `DestroId`, `X`, `Y`, `Z`, `O`, `KeepLord`, `IsPatrol`, `WaypointGUID`) VALUES ('101', '104', '0', '10405008', '1435062', '748734', '13322', '324', '0', '0', '0');
INSERT INTO `war_world`.`keep_creatures` (`KeepId`, `ZoneId`, `OrderId`, `DestroId`, `X`, `Y`, `Z`, `O`, `KeepLord`, `IsPatrol`, `WaypointGUID`) VALUES ('101', '104', '0', '10405008', '1435387', '749005', '13304', '650', '0', '0', '0');
INSERT INTO `war_world`.`keep_creatures` (`KeepId`, `ZoneId`, `OrderId`, `DestroId`, `X`, `Y`, `Z`, `O`, `KeepLord`, `IsPatrol`, `WaypointGUID`) VALUES ('101', '104', '0', '10405009', '1427199', '744133', '13855', '348', '0', '0', '0');
INSERT INTO `war_world`.`keep_creatures` (`KeepId`, `ZoneId`, `OrderId`, `DestroId`, `X`, `Y`, `Z`, `O`, `KeepLord`, `IsPatrol`, `WaypointGUID`) VALUES ('101', '104', '0', '10405010', '1436927', '743688', '13967', '1064', '0', '0', '0');
INSERT INTO `war_world`.`keep_creatures` (`KeepId`, `ZoneId`, `OrderId`, `DestroId`, `X`, `Y`, `Z`, `O`, `KeepLord`, `IsPatrol`, `WaypointGUID`) VALUES ('101', '104', '0', '10405010', '1426081', '744672', '13931', '4042', '0', '0', '0');
INSERT INTO `war_world`.`keep_creatures` (`KeepId`, `ZoneId`, `OrderId`, `DestroId`, `X`, `Y`, `Z`, `O`, `KeepLord`, `IsPatrol`, `WaypointGUID`) VALUES ('101', '104', '0', '10405010', '1429280', '744746', '13705', '3962', '0', '0', '0');
INSERT INTO `war_world`.`keep_creatures` (`KeepId`, `ZoneId`, `OrderId`, `DestroId`, `X`, `Y`, `Z`, `O`, `KeepLord`, `IsPatrol`, `WaypointGUID`) VALUES ('101', '104', '0', '10405010', '1432245', '744819', '13733', '188', '0', '0', '0');
INSERT INTO `war_world`.`keep_creatures` (`KeepId`, `ZoneId`, `OrderId`, `DestroId`, `X`, `Y`, `Z`, `O`, `KeepLord`, `IsPatrol`, `WaypointGUID`) VALUES ('101', '104', '0', '10405010', '1427339', '745492', '13563', '4092', '0', '0', '0');
INSERT INTO `war_world`.`keep_creatures` (`KeepId`, `ZoneId`, `OrderId`, `DestroId`, `X`, `Y`, `Z`, `O`, `KeepLord`, `IsPatrol`, `WaypointGUID`) VALUES ('101', '104', '0', '10405010', '1429846', '745668', '13396', '152', '0', '0', '0');
INSERT INTO `war_world`.`keep_creatures` (`KeepId`, `ZoneId`, `OrderId`, `DestroId`, `X`, `Y`, `Z`, `O`, `KeepLord`, `IsPatrol`, `WaypointGUID`) VALUES ('101', '104', '0', '10405010', '1425832', '746989', '13463', '564', '0', '0', '0');
INSERT INTO `war_world`.`keep_creatures` (`KeepId`, `ZoneId`, `OrderId`, `DestroId`, `X`, `Y`, `Z`, `O`, `KeepLord`, `IsPatrol`, `WaypointGUID`) VALUES ('101', '104', '0', '10405010', '1424016', '747060', '13859', '25', '0', '0', '0');
INSERT INTO `war_world`.`keep_creatures` (`KeepId`, `ZoneId`, `OrderId`, `DestroId`, `X`, `Y`, `Z`, `O`, `KeepLord`, `IsPatrol`, `WaypointGUID`) VALUES ('101', '104', '0', '10405010', '1423357', '748027', '13784', '3664', '0', '0', '0');
INSERT INTO `war_world`.`keep_creatures` (`KeepId`, `ZoneId`, `OrderId`, `DestroId`, `X`, `Y`, `Z`, `O`, `KeepLord`, `IsPatrol`, `WaypointGUID`) VALUES ('101', '104', '0', '10405010', '1424232', '748678', '13420', '4060', '0', '0', '0');
/* Maw - Deleting Zone-Creatures at Fort */
DELETE FROM `war_world`.`creature_spawns` WHERE (`Guid` = '861024');
DELETE FROM `war_world`.`creature_spawns` WHERE (`Guid` = '861023');
DELETE FROM `war_world`.`creature_spawns` WHERE (`Guid` = '861020');
DELETE FROM `war_world`.`creature_spawns` WHERE (`Guid` = '861022');
DELETE FROM `war_world`.`creature_spawns` WHERE (`Guid` = '861018');
DELETE FROM `war_world`.`creature_spawns` WHERE (`Guid` = '861021');
DELETE FROM `war_world`.`creature_spawns` WHERE (`Guid` = '861019');
DELETE FROM `war_world`.`creature_spawns` WHERE (`Guid` = '861110');
DELETE FROM `war_world`.`creature_spawns` WHERE (`Guid` = '861111');
DELETE FROM `war_world`.`creature_spawns` WHERE (`Guid` = '861112');
DELETE FROM `war_world`.`creature_spawns` WHERE (`Guid` = '861117');
DELETE FROM `war_world`.`creature_spawns` WHERE (`Guid` = '861133');
DELETE FROM `war_world`.`creature_spawns` WHERE (`Guid` = '861136');
DELETE FROM `war_world`.`creature_spawns` WHERE (`Guid` = '861137');
DELETE FROM `war_world`.`creature_spawns` WHERE (`Guid` = '861154');
DELETE FROM `war_world`.`creature_spawns` WHERE (`Guid` = '861167');
DELETE FROM `war_world`.`creature_spawns` WHERE (`Guid` = '861171');
DELETE FROM `war_world`.`creature_spawns` WHERE (`Guid` = '861180');
DELETE FROM `war_world`.`creature_spawns` WHERE (`Guid` = '861181');
DELETE FROM `war_world`.`creature_spawns` WHERE (`Guid` = '861182');
DELETE FROM `war_world`.`creature_spawns` WHERE (`Guid` = '861183');
DELETE FROM `war_world`.`creature_spawns` WHERE (`Guid` = '861252');
DELETE FROM `war_world`.`creature_spawns` WHERE (`Guid` = '861212');
DELETE FROM `war_world`.`creature_spawns` WHERE (`Guid` = '861213');
DELETE FROM `war_world`.`creature_spawns` WHERE (`Guid` = '861214');
DELETE FROM `war_world`.`creature_spawns` WHERE (`Guid` = '861253');
DELETE FROM `war_world`.`creature_spawns` WHERE (`Guid` = '861254');
DELETE FROM `war_world`.`creature_spawns` WHERE (`Guid` = '861255');
DELETE FROM `war_world`.`creature_spawns` WHERE (`Guid` = '861256');
DELETE FROM `war_world`.`creature_spawns` WHERE (`Guid` = '861257');
DELETE FROM `war_world`.`creature_spawns` WHERE (`Guid` = '861258');
DELETE FROM `war_world`.`creature_spawns` WHERE (`Guid` = '861259');
DELETE FROM `war_world`.`creature_spawns` WHERE (`Guid` = '861260');
DELETE FROM `war_world`.`creature_spawns` WHERE (`Guid` = '861261');
DELETE FROM `war_world`.`creature_spawns` WHERE (`Guid` = '861262');
DELETE FROM `war_world`.`creature_spawns` WHERE (`Guid` = '861263');
DELETE FROM `war_world`.`creature_spawns` WHERE (`Guid` = '861264');
DELETE FROM `war_world`.`creature_spawns` WHERE (`Guid` = '861265');
DELETE FROM `war_world`.`creature_spawns` WHERE (`Guid` = '861267');
DELETE FROM `war_world`.`creature_spawns` WHERE (`Guid` = '861324');
DELETE FROM `war_world`.`creature_spawns` WHERE (`Guid` = '861325');
DELETE FROM `war_world`.`creature_spawns` WHERE (`Guid` = '861326');
DELETE FROM `war_world`.`creature_spawns` WHERE (`Guid` = '861327');
DELETE FROM `war_world`.`creature_spawns` WHERE (`Guid` = '861328');
DELETE FROM `war_world`.`creature_spawns` WHERE (`Guid` = '861329');
DELETE FROM `war_world`.`creature_spawns` WHERE (`Guid` = '861330');
DELETE FROM `war_world`.`creature_spawns` WHERE (`Guid` = '861331');
DELETE FROM `war_world`.`creature_spawns` WHERE (`Guid` = '861333');
DELETE FROM `war_world`.`creature_spawns` WHERE (`Guid` = '861335');
DELETE FROM `war_world`.`creature_spawns` WHERE (`Guid` = '861336');
DELETE FROM `war_world`.`creature_spawns` WHERE (`Guid` = '861338');
DELETE FROM `war_world`.`creature_spawns` WHERE (`Guid` = '861339');
DELETE FROM `war_world`.`creature_spawns` WHERE (`Guid` = '861341');
DELETE FROM `war_world`.`creature_spawns` WHERE (`Guid` = '861366');
DELETE FROM `war_world`.`creature_spawns` WHERE (`Guid` = '861367');
DELETE FROM `war_world`.`creature_spawns` WHERE (`Guid` = '862036');
DELETE FROM `war_world`.`creature_spawns` WHERE (`Guid` = '862034');
DELETE FROM `war_world`.`creature_spawns` WHERE (`Guid` = '862033');
DELETE FROM `war_world`.`creature_spawns` WHERE (`Guid` = '862031');
DELETE FROM `war_world`.`creature_spawns` WHERE (`Guid` = '861122');
DELETE FROM `war_world`.`creature_spawns` WHERE (`Guid` = '861014');
DELETE FROM `war_world`.`creature_spawns` WHERE (`Guid` = '861015');
DELETE FROM `war_world`.`creature_spawns` WHERE (`Guid` = '861016');
DELETE FROM `war_world`.`creature_spawns` WHERE (`Guid` = '861028');
DELETE FROM `war_world`.`creature_spawns` WHERE (`Guid` = '861029');
DELETE FROM `war_world`.`creature_spawns` WHERE (`Guid` = '861033');
DELETE FROM `war_world`.`creature_spawns` WHERE (`Guid` = '861037');
DELETE FROM `war_world`.`creature_spawns` WHERE (`Guid` = '861039');
DELETE FROM `war_world`.`creature_spawns` WHERE (`Guid` = '861040');
DELETE FROM `war_world`.`creature_spawns` WHERE (`Guid` = '861053');
DELETE FROM `war_world`.`creature_spawns` WHERE (`Guid` = '861054');
DELETE FROM `war_world`.`creature_spawns` WHERE (`Guid` = '861368');
DELETE FROM `war_world`.`creature_spawns` WHERE (`Guid` = '861109');
DELETE FROM `war_world`.`creature_spawns` WHERE (`Guid` = '861113');
DELETE FROM `war_world`.`creature_spawns` WHERE (`Guid` = '861114');
DELETE FROM `war_world`.`creature_spawns` WHERE (`Guid` = '861115');
DELETE FROM `war_world`.`creature_spawns` WHERE (`Guid` = '861116');
DELETE FROM `war_world`.`creature_spawns` WHERE (`Guid` = '861126');
DELETE FROM `war_world`.`creature_spawns` WHERE (`Guid` = '861131');
DELETE FROM `war_world`.`creature_spawns` WHERE (`Guid` = '861132');
DELETE FROM `war_world`.`creature_spawns` WHERE (`Guid` = '861135');
DELETE FROM `war_world`.`creature_spawns` WHERE (`Guid` = '861138');
DELETE FROM `war_world`.`creature_spawns` WHERE (`Guid` = '861143');
DELETE FROM `war_world`.`creature_spawns` WHERE (`Guid` = '861152');
DELETE FROM `war_world`.`creature_spawns` WHERE (`Guid` = '861153');
DELETE FROM `war_world`.`creature_spawns` WHERE (`Guid` = '861165');
DELETE FROM `war_world`.`creature_spawns` WHERE (`Guid` = '861166');
DELETE FROM `war_world`.`creature_spawns` WHERE (`Guid` = '861168');
DELETE FROM `war_world`.`creature_spawns` WHERE (`Guid` = '861169');
DELETE FROM `war_world`.`creature_spawns` WHERE (`Guid` = '861170');
DELETE FROM `war_world`.`creature_spawns` WHERE (`Guid` = '861173');
DELETE FROM `war_world`.`creature_spawns` WHERE (`Guid` = '861176');
DELETE FROM `war_world`.`creature_spawns` WHERE (`Guid` = '861179');
DELETE FROM `war_world`.`creature_spawns` WHERE (`Guid` = '861185');
DELETE FROM `war_world`.`creature_spawns` WHERE (`Guid` = '861186');
DELETE FROM `war_world`.`creature_spawns` WHERE (`Guid` = '861187');
DELETE FROM `war_world`.`creature_spawns` WHERE (`Guid` = '861188');
DELETE FROM `war_world`.`creature_spawns` WHERE (`Guid` = '861189');
DELETE FROM `war_world`.`creature_spawns` WHERE (`Guid` = '861190');
DELETE FROM `war_world`.`creature_spawns` WHERE (`Guid` = '861191');
DELETE FROM `war_world`.`creature_spawns` WHERE (`Guid` = '861192');
DELETE FROM `war_world`.`creature_spawns` WHERE (`Guid` = '861193');
DELETE FROM `war_world`.`creature_spawns` WHERE (`Guid` = '861194');
DELETE FROM `war_world`.`creature_spawns` WHERE (`Guid` = '861195');
DELETE FROM `war_world`.`creature_spawns` WHERE (`Guid` = '861196');
DELETE FROM `war_world`.`creature_spawns` WHERE (`Guid` = '861197');
DELETE FROM `war_world`.`creature_spawns` WHERE (`Guid` = '861198');
DELETE FROM `war_world`.`creature_spawns` WHERE (`Guid` = '861199');
DELETE FROM `war_world`.`creature_spawns` WHERE (`Guid` = '861201');
DELETE FROM `war_world`.`creature_spawns` WHERE (`Guid` = '861202');
DELETE FROM `war_world`.`creature_spawns` WHERE (`Guid` = '861203');
DELETE FROM `war_world`.`creature_spawns` WHERE (`Guid` = '861204');
DELETE FROM `war_world`.`creature_spawns` WHERE (`Guid` = '861206');
DELETE FROM `war_world`.`creature_spawns` WHERE (`Guid` = '861211');
DELETE FROM `war_world`.`creature_spawns` WHERE (`Guid` = '861227');
DELETE FROM `war_world`.`creature_spawns` WHERE (`Guid` = '861240');
DELETE FROM `war_world`.`creature_spawns` WHERE (`Guid` = '861241');
DELETE FROM `war_world`.`creature_spawns` WHERE (`Guid` = '861242');
DELETE FROM `war_world`.`creature_spawns` WHERE (`Guid` = '861243');
DELETE FROM `war_world`.`creature_spawns` WHERE (`Guid` = '861244');
DELETE FROM `war_world`.`creature_spawns` WHERE (`Guid` = '861245');
DELETE FROM `war_world`.`creature_spawns` WHERE (`Guid` = '861246');
DELETE FROM `war_world`.`creature_spawns` WHERE (`Guid` = '861247');
DELETE FROM `war_world`.`creature_spawns` WHERE (`Guid` = '861251');
DELETE FROM `war_world`.`creature_spawns` WHERE (`Guid` = '861266');
DELETE FROM `war_world`.`creature_spawns` WHERE (`Guid` = '861300');
DELETE FROM `war_world`.`creature_spawns` WHERE (`Guid` = '861301');
DELETE FROM `war_world`.`creature_spawns` WHERE (`Guid` = '861303');
DELETE FROM `war_world`.`creature_spawns` WHERE (`Guid` = '861305');
DELETE FROM `war_world`.`creature_spawns` WHERE (`Guid` = '861306');
DELETE FROM `war_world`.`creature_spawns` WHERE (`Guid` = '861307');
DELETE FROM `war_world`.`creature_spawns` WHERE (`Guid` = '861308');
DELETE FROM `war_world`.`creature_spawns` WHERE (`Guid` = '861311');
DELETE FROM `war_world`.`creature_spawns` WHERE (`Guid` = '861312');
DELETE FROM `war_world`.`creature_spawns` WHERE (`Guid` = '861313');
DELETE FROM `war_world`.`creature_spawns` WHERE (`Guid` = '861314');
DELETE FROM `war_world`.`creature_spawns` WHERE (`Guid` = '861315');
DELETE FROM `war_world`.`creature_spawns` WHERE (`Guid` = '861316');
DELETE FROM `war_world`.`creature_spawns` WHERE (`Guid` = '861317');
DELETE FROM `war_world`.`creature_spawns` WHERE (`Guid` = '861318');
DELETE FROM `war_world`.`creature_spawns` WHERE (`Guid` = '861319');
DELETE FROM `war_world`.`creature_spawns` WHERE (`Guid` = '861320');
DELETE FROM `war_world`.`creature_spawns` WHERE (`Guid` = '861321');
DELETE FROM `war_world`.`creature_spawns` WHERE (`Guid` = '861322');
DELETE FROM `war_world`.`creature_spawns` WHERE (`Guid` = '861323');
DELETE FROM `war_world`.`creature_spawns` WHERE (`Guid` = '862037');
DELETE FROM `war_world`.`creature_spawns` WHERE (`Guid` = '861026');
DELETE FROM `war_world`.`creature_spawns` WHERE (`Guid` = '861027');
DELETE FROM `war_world`.`creature_spawns` WHERE (`Guid` = '861031');
DELETE FROM `war_world`.`creature_spawns` WHERE (`Guid` = '861041');
DELETE FROM `war_world`.`creature_spawns` WHERE (`Guid` = '861042');
DELETE FROM `war_world`.`creature_spawns` WHERE (`Guid` = '861032');
DELETE FROM `war_world`.`creature_spawns` WHERE (`Guid` = '862035');
DELETE FROM `war_world`.`creature_spawns` WHERE (`Guid` = '556556');
/* Maw - Adding Zonecreatures at Fort */
INSERT INTO `war_world`.`creature_spawns` (`Guid`, `Entry`, `ZoneId`, `WorldX`, `WorldY`, `WorldZ`, `WorldO`, `Icone`, `Emote`, `Faction`, `WaypointType`, `Level`, `Oid`, `RespawnMinutes`, `Enabled`) VALUES ('861024', '19', '104', '1436323', '742150', '13947', '646', '45', '0', '0', '0', '0', '0', '0', '1');
INSERT INTO `war_world`.`creature_spawns` (`Guid`, `Entry`, `ZoneId`, `WorldX`, `WorldY`, `WorldZ`, `WorldO`, `Icone`, `Emote`, `Faction`, `WaypointType`, `Level`, `Oid`, `RespawnMinutes`, `Enabled`) VALUES ('861023', '19', '104', '1435567', '747222', '14125', '352', '45', '0', '0', '0', '0', '0', '0', '1');
INSERT INTO `war_world`.`creature_spawns` (`Guid`, `Entry`, `ZoneId`, `WorldX`, `WorldY`, `WorldZ`, `WorldO`, `Icone`, `Emote`, `Faction`, `WaypointType`, `Level`, `Oid`, `RespawnMinutes`, `Enabled`) VALUES ('861020', '19', '104', '1433449', '745297', '13848', '590', '45', '0', '0', '0', '0', '0', '0', '1');
INSERT INTO `war_world`.`creature_spawns` (`Guid`, `Entry`, `ZoneId`, `WorldX`, `WorldY`, `WorldZ`, `WorldO`, `Icone`, `Emote`, `Faction`, `WaypointType`, `Level`, `Oid`, `RespawnMinutes`, `Enabled`) VALUES ('861022', '19', '104', '1436079', '749654', '13301', '3476', '45', '0', '0', '0', '0', '0', '0', '1');
INSERT INTO `war_world`.`creature_spawns` (`Guid`, `Entry`, `ZoneId`, `WorldX`, `WorldY`, `WorldZ`, `WorldO`, `Icone`, `Emote`, `Faction`, `WaypointType`, `Level`, `Oid`, `RespawnMinutes`, `Enabled`) VALUES ('861018', '19', '104', '1435782', '745516', '14034', '614', '45', '0', '0', '0', '0', '0', '0', '1');
INSERT INTO `war_world`.`creature_spawns` (`Guid`, `Entry`, `ZoneId`, `WorldX`, `WorldY`, `WorldZ`, `WorldO`, `Icone`, `Emote`, `Faction`, `WaypointType`, `Level`, `Oid`, `RespawnMinutes`, `Enabled`) VALUES ('861021', '19', '104', '1434962', '745551', '13724', '602', '45', '0', '0', '0', '0', '0', '0', '1');
INSERT INTO `war_world`.`creature_spawns` (`Guid`, `Entry`, `ZoneId`, `WorldX`, `WorldY`, `WorldZ`, `WorldO`, `Icone`, `Emote`, `Faction`, `WaypointType`, `Level`, `Oid`, `RespawnMinutes`, `Enabled`) VALUES ('861019', '19', '104', '1435913', '744748', '13955', '1158', '45', '0', '0', '0', '0', '0', '0', '1');
INSERT INTO `war_world`.`creature_spawns` (`Guid`, `Entry`, `ZoneId`, `WorldX`, `WorldY`, `WorldZ`, `WorldO`, `Icone`, `Emote`, `Faction`, `WaypointType`, `Level`, `Oid`, `RespawnMinutes`, `Enabled`) VALUES ('861110', '19', '104', '1428875', '741631', '15018', '1904', '45', '0', '0', '0', '0', '0', '0', '1');
INSERT INTO `war_world`.`creature_spawns` (`Guid`, `Entry`, `ZoneId`, `WorldX`, `WorldY`, `WorldZ`, `WorldO`, `Icone`, `Emote`, `Faction`, `WaypointType`, `Level`, `Oid`, `RespawnMinutes`, `Enabled`) VALUES ('861111', '19', '104', '1428632', '740672', '15018', '40', '45', '0', '0', '0', '0', '0', '0', '1');
INSERT INTO `war_world`.`creature_spawns` (`Guid`, `Entry`, `ZoneId`, `WorldX`, `WorldY`, `WorldZ`, `WorldO`, `Icone`, `Emote`, `Faction`, `WaypointType`, `Level`, `Oid`, `RespawnMinutes`, `Enabled`) VALUES ('861112', '19', '104', '1427839', '740376', '15018', '1474', '45', '0', '0', '0', '0', '0', '0', '1');
INSERT INTO `war_world`.`creature_spawns` (`Guid`, `Entry`, `ZoneId`, `WorldX`, `WorldY`, `WorldZ`, `WorldO`, `Icone`, `Emote`, `Faction`, `WaypointType`, `Level`, `Oid`, `RespawnMinutes`, `Enabled`) VALUES ('861117', '19', '104', '1430536', '740736', '15018', '76', '45', '0', '0', '0', '0', '0', '0', '1');
INSERT INTO `war_world`.`creature_spawns` (`Guid`, `Entry`, `ZoneId`, `WorldX`, `WorldY`, `WorldZ`, `WorldO`, `Icone`, `Emote`, `Faction`, `WaypointType`, `Level`, `Oid`, `RespawnMinutes`, `Enabled`) VALUES ('861133', '19', '104', '1430298', '744626', '13816', '3578', '45', '0', '0', '0', '0', '0', '0', '1');
INSERT INTO `war_world`.`creature_spawns` (`Guid`, `Entry`, `ZoneId`, `WorldX`, `WorldY`, `WorldZ`, `WorldO`, `Icone`, `Emote`, `Faction`, `WaypointType`, `Level`, `Oid`, `RespawnMinutes`, `Enabled`) VALUES ('861136', '19', '104', '1427443', '740873', '14486', '1960', '45', '0', '0', '0', '0', '0', '0', '1');
INSERT INTO `war_world`.`creature_spawns` (`Guid`, `Entry`, `ZoneId`, `WorldX`, `WorldY`, `WorldZ`, `WorldO`, `Icone`, `Emote`, `Faction`, `WaypointType`, `Level`, `Oid`, `RespawnMinutes`, `Enabled`) VALUES ('861137', '19', '104', '1427399', '739726', '14488', '3732', '45', '0', '0', '0', '0', '0', '0', '1');
INSERT INTO `war_world`.`creature_spawns` (`Guid`, `Entry`, `ZoneId`, `WorldX`, `WorldY`, `WorldZ`, `WorldO`, `Icone`, `Emote`, `Faction`, `WaypointType`, `Level`, `Oid`, `RespawnMinutes`, `Enabled`) VALUES ('861154', '19', '104', '1426329', '742068', '14019', '2150', '45', '0', '0', '0', '0', '0', '0', '1');
INSERT INTO `war_world`.`creature_spawns` (`Guid`, `Entry`, `ZoneId`, `WorldX`, `WorldY`, `WorldZ`, `WorldO`, `Icone`, `Emote`, `Faction`, `WaypointType`, `Level`, `Oid`, `RespawnMinutes`, `Enabled`) VALUES ('861167', '19', '104', '1423136', '749723', '13396', '2692', '45', '0', '0', '0', '0', '0', '0', '1');
INSERT INTO `war_world`.`creature_spawns` (`Guid`, `Entry`, `ZoneId`, `WorldX`, `WorldY`, `WorldZ`, `WorldO`, `Icone`, `Emote`, `Faction`, `WaypointType`, `Level`, `Oid`, `RespawnMinutes`, `Enabled`) VALUES ('861171', '19', '104', '1425648', '746001', '13768', '4072', '45', '0', '0', '0', '0', '0', '0', '1');
INSERT INTO `war_world`.`creature_spawns` (`Guid`, `Entry`, `ZoneId`, `WorldX`, `WorldY`, `WorldZ`, `WorldO`, `Icone`, `Emote`, `Faction`, `WaypointType`, `Level`, `Oid`, `RespawnMinutes`, `Enabled`) VALUES ('861180', '19', '104', '1426590', '747431', '13438', '3288', '45', '0', '0', '0', '0', '0', '0', '1');
INSERT INTO `war_world`.`creature_spawns` (`Guid`, `Entry`, `ZoneId`, `WorldX`, `WorldY`, `WorldZ`, `WorldO`, `Icone`, `Emote`, `Faction`, `WaypointType`, `Level`, `Oid`, `RespawnMinutes`, `Enabled`) VALUES ('861181', '19', '104', '1427080', '747652', '13607', '1236', '45', '0', '0', '0', '0', '0', '0', '1');
INSERT INTO `war_world`.`creature_spawns` (`Guid`, `Entry`, `ZoneId`, `WorldX`, `WorldY`, `WorldZ`, `WorldO`, `Icone`, `Emote`, `Faction`, `WaypointType`, `Level`, `Oid`, `RespawnMinutes`, `Enabled`) VALUES ('861182', '19', '104', '1424499', '747430', '13636', '496', '45', '0', '0', '0', '0', '0', '0', '1');
INSERT INTO `war_world`.`creature_spawns` (`Guid`, `Entry`, `ZoneId`, `WorldX`, `WorldY`, `WorldZ`, `WorldO`, `Icone`, `Emote`, `Faction`, `WaypointType`, `Level`, `Oid`, `RespawnMinutes`, `Enabled`) VALUES ('861183', '19', '104', '1427657', '746341', '13387', '2792', '45', '0', '0', '0', '0', '0', '0', '1');
INSERT INTO `war_world`.`creature_spawns` (`Guid`, `Entry`, `ZoneId`, `WorldX`, `WorldY`, `WorldZ`, `WorldO`, `Icone`, `Emote`, `Faction`, `WaypointType`, `Level`, `Oid`, `RespawnMinutes`, `Enabled`) VALUES ('861252', '19', '104', '1432926', '738072', '14064', '350', '45', '0', '0', '0', '0', '0', '0', '1');
INSERT INTO `war_world`.`creature_spawns` (`Guid`, `Entry`, `ZoneId`, `WorldX`, `WorldY`, `WorldZ`, `WorldO`, `Icone`, `Emote`, `Faction`, `WaypointType`, `Level`, `Oid`, `RespawnMinutes`, `Enabled`) VALUES ('861212', '19', '104', '1432386', '747239', '13443', '3638', '45', '0', '0', '0', '0', '0', '0', '1');
INSERT INTO `war_world`.`creature_spawns` (`Guid`, `Entry`, `ZoneId`, `WorldX`, `WorldY`, `WorldZ`, `WorldO`, `Icone`, `Emote`, `Faction`, `WaypointType`, `Level`, `Oid`, `RespawnMinutes`, `Enabled`) VALUES ('861213', '19', '104', '1432847', '747679', '13728', '1096', '45', '0', '0', '0', '0', '0', '0', '1');
INSERT INTO `war_world`.`creature_spawns` (`Guid`, `Entry`, `ZoneId`, `WorldX`, `WorldY`, `WorldZ`, `WorldO`, `Icone`, `Emote`, `Faction`, `WaypointType`, `Level`, `Oid`, `RespawnMinutes`, `Enabled`) VALUES ('861214', '19', '104', '1433974', '747270', '13473', '4024', '45', '0', '0', '0', '0', '0', '0', '1');
INSERT INTO `war_world`.`creature_spawns` (`Guid`, `Entry`, `ZoneId`, `WorldX`, `WorldY`, `WorldZ`, `WorldO`, `Icone`, `Emote`, `Faction`, `WaypointType`, `Level`, `Oid`, `RespawnMinutes`, `Enabled`) VALUES ('861253', '19', '104', '1433358', '737344', '14038', '2856', '45', '0', '0', '0', '0', '0', '0', '1');
INSERT INTO `war_world`.`creature_spawns` (`Guid`, `Entry`, `ZoneId`, `WorldX`, `WorldY`, `WorldZ`, `WorldO`, `Icone`, `Emote`, `Faction`, `WaypointType`, `Level`, `Oid`, `RespawnMinutes`, `Enabled`) VALUES ('861254', '19', '104', '1434218', '737211', '14040', '48', '45', '0', '0', '0', '0', '0', '0', '1');
INSERT INTO `war_world`.`creature_spawns` (`Guid`, `Entry`, `ZoneId`, `WorldX`, `WorldY`, `WorldZ`, `WorldO`, `Icone`, `Emote`, `Faction`, `WaypointType`, `Level`, `Oid`, `RespawnMinutes`, `Enabled`) VALUES ('861255', '19', '104', '1434322', '737913', '14015', '1260', '45', '0', '0', '0', '0', '0', '0', '1');
INSERT INTO `war_world`.`creature_spawns` (`Guid`, `Entry`, `ZoneId`, `WorldX`, `WorldY`, `WorldZ`, `WorldO`, `Icone`, `Emote`, `Faction`, `WaypointType`, `Level`, `Oid`, `RespawnMinutes`, `Enabled`) VALUES ('861256', '19', '104', '1433064', '739331', '14080', '4086', '45', '0', '0', '0', '0', '0', '0', '1');
INSERT INTO `war_world`.`creature_spawns` (`Guid`, `Entry`, `ZoneId`, `WorldX`, `WorldY`, `WorldZ`, `WorldO`, `Icone`, `Emote`, `Faction`, `WaypointType`, `Level`, `Oid`, `RespawnMinutes`, `Enabled`) VALUES ('861257', '19', '104', '1433691', '740577', '14104', '420', '45', '0', '0', '0', '0', '0', '0', '1');
INSERT INTO `war_world`.`creature_spawns` (`Guid`, `Entry`, `ZoneId`, `WorldX`, `WorldY`, `WorldZ`, `WorldO`, `Icone`, `Emote`, `Faction`, `WaypointType`, `Level`, `Oid`, `RespawnMinutes`, `Enabled`) VALUES ('861258', '19', '104', '1432174', '742077', '14080', '3656', '45', '0', '0', '0', '0', '0', '0', '1');
INSERT INTO `war_world`.`creature_spawns` (`Guid`, `Entry`, `ZoneId`, `WorldX`, `WorldY`, `WorldZ`, `WorldO`, `Icone`, `Emote`, `Faction`, `WaypointType`, `Level`, `Oid`, `RespawnMinutes`, `Enabled`) VALUES ('861259', '19', '104', '1434301', '743134', '13952', '886', '45', '0', '0', '0', '0', '0', '0', '1');
INSERT INTO `war_world`.`creature_spawns` (`Guid`, `Entry`, `ZoneId`, `WorldX`, `WorldY`, `WorldZ`, `WorldO`, `Icone`, `Emote`, `Faction`, `WaypointType`, `Level`, `Oid`, `RespawnMinutes`, `Enabled`) VALUES ('861260', '19', '104', '1434086', '743006', '13952', '3496', '45', '0', '0', '0', '0', '0', '0', '1');
INSERT INTO `war_world`.`creature_spawns` (`Guid`, `Entry`, `ZoneId`, `WorldX`, `WorldY`, `WorldZ`, `WorldO`, `Icone`, `Emote`, `Faction`, `WaypointType`, `Level`, `Oid`, `RespawnMinutes`, `Enabled`) VALUES ('861261', '19', '104', '1434087', '743272', '13952', '2490', '45', '0', '0', '0', '0', '0', '0', '1');
INSERT INTO `war_world`.`creature_spawns` (`Guid`, `Entry`, `ZoneId`, `WorldX`, `WorldY`, `WorldZ`, `WorldO`, `Icone`, `Emote`, `Faction`, `WaypointType`, `Level`, `Oid`, `RespawnMinutes`, `Enabled`) VALUES ('861262', '19', '104', '1432275', '743942', '13830', '642', '45', '0', '0', '0', '0', '0', '0', '1');
INSERT INTO `war_world`.`creature_spawns` (`Guid`, `Entry`, `ZoneId`, `WorldX`, `WorldY`, `WorldZ`, `WorldO`, `Icone`, `Emote`, `Faction`, `WaypointType`, `Level`, `Oid`, `RespawnMinutes`, `Enabled`) VALUES ('861263', '19', '104', '1431353', '742546', '14456', '2268', '45', '0', '0', '0', '0', '0', '0', '1');
INSERT INTO `war_world`.`creature_spawns` (`Guid`, `Entry`, `ZoneId`, `WorldX`, `WorldY`, `WorldZ`, `WorldO`, `Icone`, `Emote`, `Faction`, `WaypointType`, `Level`, `Oid`, `RespawnMinutes`, `Enabled`) VALUES ('861264', '19', '104', '1431015', '740891', '14488', '2628', '45', '0', '0', '0', '0', '0', '0', '1');
INSERT INTO `war_world`.`creature_spawns` (`Guid`, `Entry`, `ZoneId`, `WorldX`, `WorldY`, `WorldZ`, `WorldO`, `Icone`, `Emote`, `Faction`, `WaypointType`, `Level`, `Oid`, `RespawnMinutes`, `Enabled`) VALUES ('861265', '19', '104', '1431700', '739654', '14418', '1918', '45', '0', '0', '0', '0', '0', '0', '1');
INSERT INTO `war_world`.`creature_spawns` (`Guid`, `Entry`, `ZoneId`, `WorldX`, `WorldY`, `WorldZ`, `WorldO`, `Icone`, `Emote`, `Faction`, `WaypointType`, `Level`, `Oid`, `RespawnMinutes`, `Enabled`) VALUES ('861267', '19', '104', '1428147', '742101', '14488', '1566', '45', '0', '0', '0', '0', '0', '0', '1');
INSERT INTO `war_world`.`creature_spawns` (`Guid`, `Entry`, `ZoneId`, `WorldX`, `WorldY`, `WorldZ`, `WorldO`, `Icone`, `Emote`, `Faction`, `WaypointType`, `Level`, `Oid`, `RespawnMinutes`, `Enabled`) VALUES ('861324', '19', '104', '1434226', '752263', '13287', '472', '45', '0', '0', '0', '0', '0', '0', '1');
INSERT INTO `war_world`.`creature_spawns` (`Guid`, `Entry`, `ZoneId`, `WorldX`, `WorldY`, `WorldZ`, `WorldO`, `Icone`, `Emote`, `Faction`, `WaypointType`, `Level`, `Oid`, `RespawnMinutes`, `Enabled`) VALUES ('861325', '19', '104', '1433615', '751384', '13187', '934', '45', '0', '0', '0', '0', '0', '0', '1');
INSERT INTO `war_world`.`creature_spawns` (`Guid`, `Entry`, `ZoneId`, `WorldX`, `WorldY`, `WorldZ`, `WorldO`, `Icone`, `Emote`, `Faction`, `WaypointType`, `Level`, `Oid`, `RespawnMinutes`, `Enabled`) VALUES ('861326', '19', '104', '1432410', '752405', '13056', '934', '45', '0', '0', '0', '0', '0', '0', '1');
INSERT INTO `war_world`.`creature_spawns` (`Guid`, `Entry`, `ZoneId`, `WorldX`, `WorldY`, `WorldZ`, `WorldO`, `Icone`, `Emote`, `Faction`, `WaypointType`, `Level`, `Oid`, `RespawnMinutes`, `Enabled`) VALUES ('861327', '19', '104', '1431581', '751130', '13221', '934', '45', '0', '0', '0', '0', '0', '0', '1');
INSERT INTO `war_world`.`creature_spawns` (`Guid`, `Entry`, `ZoneId`, `WorldX`, `WorldY`, `WorldZ`, `WorldO`, `Icone`, `Emote`, `Faction`, `WaypointType`, `Level`, `Oid`, `RespawnMinutes`, `Enabled`) VALUES ('861328', '19', '104', '1430623', '751854', '13210', '934', '45', '0', '0', '0', '0', '0', '0', '1');
INSERT INTO `war_world`.`creature_spawns` (`Guid`, `Entry`, `ZoneId`, `WorldX`, `WorldY`, `WorldZ`, `WorldO`, `Icone`, `Emote`, `Faction`, `WaypointType`, `Level`, `Oid`, `RespawnMinutes`, `Enabled`) VALUES ('861329', '19', '104', '1430227', '750118', '13082', '934', '45', '0', '0', '0', '0', '0', '0', '1');
INSERT INTO `war_world`.`creature_spawns` (`Guid`, `Entry`, `ZoneId`, `WorldX`, `WorldY`, `WorldZ`, `WorldO`, `Icone`, `Emote`, `Faction`, `WaypointType`, `Level`, `Oid`, `RespawnMinutes`, `Enabled`) VALUES ('861330', '19', '104', '1429356', '749608', '13104', '934', '45', '0', '0', '0', '0', '0', '0', '1');
INSERT INTO `war_world`.`creature_spawns` (`Guid`, `Entry`, `ZoneId`, `WorldX`, `WorldY`, `WorldZ`, `WorldO`, `Icone`, `Emote`, `Faction`, `WaypointType`, `Level`, `Oid`, `RespawnMinutes`, `Enabled`) VALUES ('861331', '19', '104', '1427813', '749465', '13264', '3742', '45', '0', '0', '0', '0', '0', '0', '1');
INSERT INTO `war_world`.`creature_spawns` (`Guid`, `Entry`, `ZoneId`, `WorldX`, `WorldY`, `WorldZ`, `WorldO`, `Icone`, `Emote`, `Faction`, `WaypointType`, `Level`, `Oid`, `RespawnMinutes`, `Enabled`) VALUES ('861333', '19', '104', '1427534', '751917', '13283', '3658', '45', '0', '0', '0', '0', '0', '0', '1');
INSERT INTO `war_world`.`creature_spawns` (`Guid`, `Entry`, `ZoneId`, `WorldX`, `WorldY`, `WorldZ`, `WorldO`, `Icone`, `Emote`, `Faction`, `WaypointType`, `Level`, `Oid`, `RespawnMinutes`, `Enabled`) VALUES ('861335', '19', '104', '1427233', '752741', '13163', '4090', '45', '0', '0', '0', '0', '0', '0', '1');
INSERT INTO `war_world`.`creature_spawns` (`Guid`, `Entry`, `ZoneId`, `WorldX`, `WorldY`, `WorldZ`, `WorldO`, `Icone`, `Emote`, `Faction`, `WaypointType`, `Level`, `Oid`, `RespawnMinutes`, `Enabled`) VALUES ('861336', '19', '104', '1426491', '753564', '13186', '3422', '45', '0', '0', '0', '0', '0', '0', '1');
INSERT INTO `war_world`.`creature_spawns` (`Guid`, `Entry`, `ZoneId`, `WorldX`, `WorldY`, `WorldZ`, `WorldO`, `Icone`, `Emote`, `Faction`, `WaypointType`, `Level`, `Oid`, `RespawnMinutes`, `Enabled`) VALUES ('861338', '19', '104', '1425367', '752364', '13331', '2144', '45', '0', '0', '0', '0', '0', '0', '1');
INSERT INTO `war_world`.`creature_spawns` (`Guid`, `Entry`, `ZoneId`, `WorldX`, `WorldY`, `WorldZ`, `WorldO`, `Icone`, `Emote`, `Faction`, `WaypointType`, `Level`, `Oid`, `RespawnMinutes`, `Enabled`) VALUES ('861339', '19', '104', '1425366', '750719', '13136', '1996', '45', '0', '0', '0', '0', '0', '0', '1');
INSERT INTO `war_world`.`creature_spawns` (`Guid`, `Entry`, `ZoneId`, `WorldX`, `WorldY`, `WorldZ`, `WorldO`, `Icone`, `Emote`, `Faction`, `WaypointType`, `Level`, `Oid`, `RespawnMinutes`, `Enabled`) VALUES ('861341', '19', '104', '1429060', '750944', '13195', '4014', '45', '0', '0', '0', '0', '0', '0', '1');
INSERT INTO `war_world`.`creature_spawns` (`Guid`, `Entry`, `ZoneId`, `WorldX`, `WorldY`, `WorldZ`, `WorldO`, `Icone`, `Emote`, `Faction`, `WaypointType`, `Level`, `Oid`, `RespawnMinutes`, `Enabled`) VALUES ('861366', '19', '104', '1429865', '737888', '14194', '3408', '45', '0', '0', '0', '0', '0', '0', '1');
INSERT INTO `war_world`.`creature_spawns` (`Guid`, `Entry`, `ZoneId`, `WorldX`, `WorldY`, `WorldZ`, `WorldO`, `Icone`, `Emote`, `Faction`, `WaypointType`, `Level`, `Oid`, `RespawnMinutes`, `Enabled`) VALUES ('861367', '19', '104', '1430874', '737628', '14100', '2766', '45', '0', '0', '0', '0', '0', '0', '1');
INSERT INTO `war_world`.`creature_spawns` (`Guid`, `Entry`, `ZoneId`, `WorldX`, `WorldY`, `WorldZ`, `WorldO`, `Icone`, `Emote`, `Faction`, `WaypointType`, `Level`, `Oid`, `RespawnMinutes`, `Enabled`) VALUES ('862036', '1351', '104', '1429473', '740450', '16057', '4028', '18', '0', '0', '0', '0', '0', '0', '1');
INSERT INTO `war_world`.`creature_spawns` (`Guid`, `Entry`, `ZoneId`, `WorldX`, `WorldY`, `WorldZ`, `WorldO`, `Icone`, `Emote`, `Faction`, `WaypointType`, `Level`, `Oid`, `RespawnMinutes`, `Enabled`) VALUES ('862034', '1700', '104', '1429701', '740818', '16057', '1974', '18', '0', '0', '0', '0', '0', '0', '1');
INSERT INTO `war_world`.`creature_spawns` (`Guid`, `Entry`, `ZoneId`, `WorldX`, `WorldY`, `WorldZ`, `WorldO`, `Icone`, `Emote`, `Faction`, `WaypointType`, `Level`, `Oid`, `RespawnMinutes`, `Enabled`) VALUES ('862033', '5845', '104', '1431123', '735867', '14104', '430', '18', '0', '0', '0', '0', '0', '0', '1');
INSERT INTO `war_world`.`creature_spawns` (`Guid`, `Entry`, `ZoneId`, `WorldX`, `WorldY`, `WorldZ`, `WorldO`, `Icone`, `Emote`, `Faction`, `WaypointType`, `Level`, `Oid`, `RespawnMinutes`, `Enabled`) VALUES ('862031', '5845', '104', '1428952', '735955', '14125', '3774', '18', '0', '0', '0', '0', '0', '0', '1');
INSERT INTO `war_world`.`creature_spawns` (`Guid`, `Entry`, `ZoneId`, `WorldX`, `WorldY`, `WorldZ`, `WorldO`, `Icone`, `Emote`, `Faction`, `WaypointType`, `Level`, `Oid`, `RespawnMinutes`, `Enabled`) VALUES ('861122', '6459', '104', '1428377', '742913', '14442', '3428', '18', '0', '0', '0', '0', '0', '0', '1');
INSERT INTO `war_world`.`creature_spawns` (`Guid`, `Entry`, `ZoneId`, `WorldX`, `WorldY`, `WorldZ`, `WorldO`, `Icone`, `Emote`, `Faction`, `WaypointType`, `Level`, `Oid`, `RespawnMinutes`, `Enabled`) VALUES ('861014', '6459', '104', '1435767', '745982', '13997', '766', '18', '0', '0', '0', '0', '0', '0', '1');
INSERT INTO `war_world`.`creature_spawns` (`Guid`, `Entry`, `ZoneId`, `WorldX`, `WorldY`, `WorldZ`, `WorldO`, `Icone`, `Emote`, `Faction`, `WaypointType`, `Level`, `Oid`, `RespawnMinutes`, `Enabled`) VALUES ('861015', '6459', '104', '1435518', '745293', '14007', '1418', '18', '0', '0', '0', '0', '0', '0', '1');
INSERT INTO `war_world`.`creature_spawns` (`Guid`, `Entry`, `ZoneId`, `WorldX`, `WorldY`, `WorldZ`, `WorldO`, `Icone`, `Emote`, `Faction`, `WaypointType`, `Level`, `Oid`, `RespawnMinutes`, `Enabled`) VALUES ('861016', '6459', '104', '1436074', '745492', '14069', '2184', '18', '0', '0', '0', '0', '0', '0', '1');
INSERT INTO `war_world`.`creature_spawns` (`Guid`, `Entry`, `ZoneId`, `WorldX`, `WorldY`, `WorldZ`, `WorldO`, `Icone`, `Emote`, `Faction`, `WaypointType`, `Level`, `Oid`, `RespawnMinutes`, `Enabled`) VALUES ('861028', '6459', '104', '1437072', '743091', '13982', '1108', '18', '0', '0', '0', '0', '0', '0', '1');
INSERT INTO `war_world`.`creature_spawns` (`Guid`, `Entry`, `ZoneId`, `WorldX`, `WorldY`, `WorldZ`, `WorldO`, `Icone`, `Emote`, `Faction`, `WaypointType`, `Level`, `Oid`, `RespawnMinutes`, `Enabled`) VALUES ('861029', '6459', '104', '1436705', '741370', '13984', '420', '18', '0', '0', '0', '0', '0', '0', '1');
INSERT INTO `war_world`.`creature_spawns` (`Guid`, `Entry`, `ZoneId`, `WorldX`, `WorldY`, `WorldZ`, `WorldO`, `Icone`, `Emote`, `Faction`, `WaypointType`, `Level`, `Oid`, `RespawnMinutes`, `Enabled`) VALUES ('861033', '6459', '104', '1435385', '741707', '13992', '554', '18', '0', '0', '0', '0', '0', '0', '1');
INSERT INTO `war_world`.`creature_spawns` (`Guid`, `Entry`, `ZoneId`, `WorldX`, `WorldY`, `WorldZ`, `WorldO`, `Icone`, `Emote`, `Faction`, `WaypointType`, `Level`, `Oid`, `RespawnMinutes`, `Enabled`) VALUES ('861037', '6459', '104', '1434923', '740494', '13895', '268', '18', '0', '0', '0', '0', '0', '0', '1');
INSERT INTO `war_world`.`creature_spawns` (`Guid`, `Entry`, `ZoneId`, `WorldX`, `WorldY`, `WorldZ`, `WorldO`, `Icone`, `Emote`, `Faction`, `WaypointType`, `Level`, `Oid`, `RespawnMinutes`, `Enabled`) VALUES ('861039', '6459', '104', '1434792', '739892', '14027', '960', '18', '0', '0', '0', '0', '0', '0', '1');
INSERT INTO `war_world`.`creature_spawns` (`Guid`, `Entry`, `ZoneId`, `WorldX`, `WorldY`, `WorldZ`, `WorldO`, `Icone`, `Emote`, `Faction`, `WaypointType`, `Level`, `Oid`, `RespawnMinutes`, `Enabled`) VALUES ('861040', '6459', '104', '1435342', '739926', '13988', '2712', '18', '0', '0', '0', '0', '0', '0', '1');
INSERT INTO `war_world`.`creature_spawns` (`Guid`, `Entry`, `ZoneId`, `WorldX`, `WorldY`, `WorldZ`, `WorldO`, `Icone`, `Emote`, `Faction`, `WaypointType`, `Level`, `Oid`, `RespawnMinutes`, `Enabled`) VALUES ('861053', '6459', '104', '1433817', '743901', '13952', '100', '18', '0', '0', '0', '0', '0', '0', '1');
INSERT INTO `war_world`.`creature_spawns` (`Guid`, `Entry`, `ZoneId`, `WorldX`, `WorldY`, `WorldZ`, `WorldO`, `Icone`, `Emote`, `Faction`, `WaypointType`, `Level`, `Oid`, `RespawnMinutes`, `Enabled`) VALUES ('861054', '6459', '104', '1434077', '744024', '13952', '940', '18', '0', '0', '0', '0', '0', '0', '1');
INSERT INTO `war_world`.`creature_spawns` (`Guid`, `Entry`, `ZoneId`, `WorldX`, `WorldY`, `WorldZ`, `WorldO`, `Icone`, `Emote`, `Faction`, `WaypointType`, `Level`, `Oid`, `RespawnMinutes`, `Enabled`) VALUES ('861368', '6459', '104', '1429552', '753314', '12959', '1884', '18', '0', '0', '0', '0', '0', '0', '1');
INSERT INTO `war_world`.`creature_spawns` (`Guid`, `Entry`, `ZoneId`, `WorldX`, `WorldY`, `WorldZ`, `WorldO`, `Icone`, `Emote`, `Faction`, `WaypointType`, `Level`, `Oid`, `RespawnMinutes`, `Enabled`) VALUES ('861109', '6459', '104', '1428243', '741100', '15018', '2326', '18', '0', '0', '0', '0', '0', '0', '1');
INSERT INTO `war_world`.`creature_spawns` (`Guid`, `Entry`, `ZoneId`, `WorldX`, `WorldY`, `WorldZ`, `WorldO`, `Icone`, `Emote`, `Faction`, `WaypointType`, `Level`, `Oid`, `RespawnMinutes`, `Enabled`) VALUES ('861113', '6459', '104', '1430349', '741737', '15018', '3458', '18', '0', '0', '0', '0', '0', '0', '1');
INSERT INTO `war_world`.`creature_spawns` (`Guid`, `Entry`, `ZoneId`, `WorldX`, `WorldY`, `WorldZ`, `WorldO`, `Icone`, `Emote`, `Faction`, `WaypointType`, `Level`, `Oid`, `RespawnMinutes`, `Enabled`) VALUES ('861114', '6459', '104', '1429783', '740173', '15058', '1058', '18', '0', '0', '0', '0', '0', '0', '1');
INSERT INTO `war_world`.`creature_spawns` (`Guid`, `Entry`, `ZoneId`, `WorldX`, `WorldY`, `WorldZ`, `WorldO`, `Icone`, `Emote`, `Faction`, `WaypointType`, `Level`, `Oid`, `RespawnMinutes`, `Enabled`) VALUES ('861115', '6459', '104', '1429546', '741091', '15058', '3948', '18', '0', '0', '0', '0', '0', '0', '1');
INSERT INTO `war_world`.`creature_spawns` (`Guid`, `Entry`, `ZoneId`, `WorldX`, `WorldY`, `WorldZ`, `WorldO`, `Icone`, `Emote`, `Faction`, `WaypointType`, `Level`, `Oid`, `RespawnMinutes`, `Enabled`) VALUES ('861116', '6459', '104', '1430677', '740000', '15018', '2846', '18', '0', '0', '0', '0', '0', '0', '1');
INSERT INTO `war_world`.`creature_spawns` (`Guid`, `Entry`, `ZoneId`, `WorldX`, `WorldY`, `WorldZ`, `WorldO`, `Icone`, `Emote`, `Faction`, `WaypointType`, `Level`, `Oid`, `RespawnMinutes`, `Enabled`) VALUES ('861126', '6459', '104', '1430673', '743490', '14381', '188', '18', '0', '0', '0', '0', '0', '0', '1');
INSERT INTO `war_world`.`creature_spawns` (`Guid`, `Entry`, `ZoneId`, `WorldX`, `WorldY`, `WorldZ`, `WorldO`, `Icone`, `Emote`, `Faction`, `WaypointType`, `Level`, `Oid`, `RespawnMinutes`, `Enabled`) VALUES ('861131', '6459', '104', '1432888', '740544', '14104', '3544', '18', '0', '0', '0', '0', '0', '0', '1');
INSERT INTO `war_world`.`creature_spawns` (`Guid`, `Entry`, `ZoneId`, `WorldX`, `WorldY`, `WorldZ`, `WorldO`, `Icone`, `Emote`, `Faction`, `WaypointType`, `Level`, `Oid`, `RespawnMinutes`, `Enabled`) VALUES ('861132', '6459', '104', '1431287', '744383', '13818', '258', '18', '0', '0', '0', '0', '0', '0', '1');
INSERT INTO `war_world`.`creature_spawns` (`Guid`, `Entry`, `ZoneId`, `WorldX`, `WorldY`, `WorldZ`, `WorldO`, `Icone`, `Emote`, `Faction`, `WaypointType`, `Level`, `Oid`, `RespawnMinutes`, `Enabled`) VALUES ('861135', '6459', '104', '1428128', '741490', '14488', '644', '18', '0', '0', '0', '0', '0', '0', '1');
INSERT INTO `war_world`.`creature_spawns` (`Guid`, `Entry`, `ZoneId`, `WorldX`, `WorldY`, `WorldZ`, `WorldO`, `Icone`, `Emote`, `Faction`, `WaypointType`, `Level`, `Oid`, `RespawnMinutes`, `Enabled`) VALUES ('861138', '6459', '104', '1427359', '739954', '14488', '2366', '18', '0', '0', '0', '0', '0', '0', '1');
INSERT INTO `war_world`.`creature_spawns` (`Guid`, `Entry`, `ZoneId`, `WorldX`, `WorldY`, `WorldZ`, `WorldO`, `Icone`, `Emote`, `Faction`, `WaypointType`, `Level`, `Oid`, `RespawnMinutes`, `Enabled`) VALUES ('861143', '6459', '104', '1430232', '738473', '14415', '336', '18', '0', '0', '0', '0', '0', '0', '1');
INSERT INTO `war_world`.`creature_spawns` (`Guid`, `Entry`, `ZoneId`, `WorldX`, `WorldY`, `WorldZ`, `WorldO`, `Icone`, `Emote`, `Faction`, `WaypointType`, `Level`, `Oid`, `RespawnMinutes`, `Enabled`) VALUES ('861152', '6459', '104', '1425509', '741279', '14027', '3354', '18', '0', '0', '0', '0', '0', '0', '1');
INSERT INTO `war_world`.`creature_spawns` (`Guid`, `Entry`, `ZoneId`, `WorldX`, `WorldY`, `WorldZ`, `WorldO`, `Icone`, `Emote`, `Faction`, `WaypointType`, `Level`, `Oid`, `RespawnMinutes`, `Enabled`) VALUES ('861153', '6459', '104', '1425832', '742591', '14189', '2430', '18', '0', '0', '0', '0', '0', '0', '1');
INSERT INTO `war_world`.`creature_spawns` (`Guid`, `Entry`, `ZoneId`, `WorldX`, `WorldY`, `WorldZ`, `WorldO`, `Icone`, `Emote`, `Faction`, `WaypointType`, `Level`, `Oid`, `RespawnMinutes`, `Enabled`) VALUES ('861165', '6459', '104', '1423272', '748083', '13800', '3710', '18', '0', '0', '0', '0', '0', '0', '1');
INSERT INTO `war_world`.`creature_spawns` (`Guid`, `Entry`, `ZoneId`, `WorldX`, `WorldY`, `WorldZ`, `WorldO`, `Icone`, `Emote`, `Faction`, `WaypointType`, `Level`, `Oid`, `RespawnMinutes`, `Enabled`) VALUES ('861166', '6459', '104', '1422893', '749520', '13464', '3130', '18', '0', '0', '0', '0', '0', '0', '1');
INSERT INTO `war_world`.`creature_spawns` (`Guid`, `Entry`, `ZoneId`, `WorldX`, `WorldY`, `WorldZ`, `WorldO`, `Icone`, `Emote`, `Faction`, `WaypointType`, `Level`, `Oid`, `RespawnMinutes`, `Enabled`) VALUES ('861168', '6459', '104', '1423512', '749637', '13380', '2428', '18', '0', '0', '0', '0', '0', '0', '1');
INSERT INTO `war_world`.`creature_spawns` (`Guid`, `Entry`, `ZoneId`, `WorldX`, `WorldY`, `WorldZ`, `WorldO`, `Icone`, `Emote`, `Faction`, `WaypointType`, `Level`, `Oid`, `RespawnMinutes`, `Enabled`) VALUES ('861169', '6459', '104', '1424362', '746783', '13853', '2740', '18', '0', '0', '0', '0', '0', '0', '1');
INSERT INTO `war_world`.`creature_spawns` (`Guid`, `Entry`, `ZoneId`, `WorldX`, `WorldY`, `WorldZ`, `WorldO`, `Icone`, `Emote`, `Faction`, `WaypointType`, `Level`, `Oid`, `RespawnMinutes`, `Enabled`) VALUES ('861170', '6459', '104', '1425493', '746165', '13761', '3562', '18', '0', '0', '0', '0', '0', '0', '1');
INSERT INTO `war_world`.`creature_spawns` (`Guid`, `Entry`, `ZoneId`, `WorldX`, `WorldY`, `WorldZ`, `WorldO`, `Icone`, `Emote`, `Faction`, `WaypointType`, `Level`, `Oid`, `RespawnMinutes`, `Enabled`) VALUES ('861173', '6459', '104', '1426908', '747500', '13404', '820', '18', '0', '0', '0', '0', '0', '0', '1');
INSERT INTO `war_world`.`creature_spawns` (`Guid`, `Entry`, `ZoneId`, `WorldX`, `WorldY`, `WorldZ`, `WorldO`, `Icone`, `Emote`, `Faction`, `WaypointType`, `Level`, `Oid`, `RespawnMinutes`, `Enabled`) VALUES ('861176', '6459', '104', '1426812', '747317', '13424', '604', '18', '0', '0', '0', '0', '0', '0', '1');
INSERT INTO `war_world`.`creature_spawns` (`Guid`, `Entry`, `ZoneId`, `WorldX`, `WorldY`, `WorldZ`, `WorldO`, `Icone`, `Emote`, `Faction`, `WaypointType`, `Level`, `Oid`, `RespawnMinutes`, `Enabled`) VALUES ('861179', '6459', '104', '1426693', '747948', '13423', '1986', '18', '0', '0', '0', '0', '0', '0', '1');
INSERT INTO `war_world`.`creature_spawns` (`Guid`, `Entry`, `ZoneId`, `WorldX`, `WorldY`, `WorldZ`, `WorldO`, `Icone`, `Emote`, `Faction`, `WaypointType`, `Level`, `Oid`, `RespawnMinutes`, `Enabled`) VALUES ('861185', '6459', '104', '1429179', '744739', '13770', '3776', '18', '0', '0', '0', '0', '0', '0', '1');
INSERT INTO `war_world`.`creature_spawns` (`Guid`, `Entry`, `ZoneId`, `WorldX`, `WorldY`, `WorldZ`, `WorldO`, `Icone`, `Emote`, `Faction`, `WaypointType`, `Level`, `Oid`, `RespawnMinutes`, `Enabled`) VALUES ('861186', '6459', '104', '1432425', '744671', '13785', '3428', '18', '0', '0', '0', '0', '0', '0', '1');
INSERT INTO `war_world`.`creature_spawns` (`Guid`, `Entry`, `ZoneId`, `WorldX`, `WorldY`, `WorldZ`, `WorldO`, `Icone`, `Emote`, `Faction`, `WaypointType`, `Level`, `Oid`, `RespawnMinutes`, `Enabled`) VALUES ('861187', '6459', '104', '1433118', '745172', '13853', '548', '18', '0', '0', '0', '0', '0', '0', '1');
INSERT INTO `war_world`.`creature_spawns` (`Guid`, `Entry`, `ZoneId`, `WorldX`, `WorldY`, `WorldZ`, `WorldO`, `Icone`, `Emote`, `Faction`, `WaypointType`, `Level`, `Oid`, `RespawnMinutes`, `Enabled`) VALUES ('861188', '6459', '104', '1434360', '746048', '13614', '180', '18', '0', '0', '0', '0', '0', '0', '1');
INSERT INTO `war_world`.`creature_spawns` (`Guid`, `Entry`, `ZoneId`, `WorldX`, `WorldY`, `WorldZ`, `WorldO`, `Icone`, `Emote`, `Faction`, `WaypointType`, `Level`, `Oid`, `RespawnMinutes`, `Enabled`) VALUES ('861189', '6459', '104', '1432977', '746385', '13522', '1514', '18', '0', '0', '0', '0', '0', '0', '1');
INSERT INTO `war_world`.`creature_spawns` (`Guid`, `Entry`, `ZoneId`, `WorldX`, `WorldY`, `WorldZ`, `WorldO`, `Icone`, `Emote`, `Faction`, `WaypointType`, `Level`, `Oid`, `RespawnMinutes`, `Enabled`) VALUES ('861190', '6459', '104', '1431413', '745839', '13458', '1152', '18', '0', '0', '0', '0', '0', '0', '1');
INSERT INTO `war_world`.`creature_spawns` (`Guid`, `Entry`, `ZoneId`, `WorldX`, `WorldY`, `WorldZ`, `WorldO`, `Icone`, `Emote`, `Faction`, `WaypointType`, `Level`, `Oid`, `RespawnMinutes`, `Enabled`) VALUES ('861191', '6459', '104', '1428365', '746226', '13350', '2484', '18', '0', '0', '0', '0', '0', '0', '1');
INSERT INTO `war_world`.`creature_spawns` (`Guid`, `Entry`, `ZoneId`, `WorldX`, `WorldY`, `WorldZ`, `WorldO`, `Icone`, `Emote`, `Faction`, `WaypointType`, `Level`, `Oid`, `RespawnMinutes`, `Enabled`) VALUES ('861192', '6459', '104', '1427008', '745897', '13509', '1042', '18', '0', '0', '0', '0', '0', '0', '1');
INSERT INTO `war_world`.`creature_spawns` (`Guid`, `Entry`, `ZoneId`, `WorldX`, `WorldY`, `WorldZ`, `WorldO`, `Icone`, `Emote`, `Faction`, `WaypointType`, `Level`, `Oid`, `RespawnMinutes`, `Enabled`) VALUES ('861193', '6459', '104', '1426976', '743528', '13886', '1888', '18', '0', '0', '0', '0', '0', '0', '1');
INSERT INTO `war_world`.`creature_spawns` (`Guid`, `Entry`, `ZoneId`, `WorldX`, `WorldY`, `WorldZ`, `WorldO`, `Icone`, `Emote`, `Faction`, `WaypointType`, `Level`, `Oid`, `RespawnMinutes`, `Enabled`) VALUES ('861194', '6459', '104', '1428095', '744505', '13871', '3450', '18', '0', '0', '0', '0', '0', '0', '1');
INSERT INTO `war_world`.`creature_spawns` (`Guid`, `Entry`, `ZoneId`, `WorldX`, `WorldY`, `WorldZ`, `WorldO`, `Icone`, `Emote`, `Faction`, `WaypointType`, `Level`, `Oid`, `RespawnMinutes`, `Enabled`) VALUES ('861195', '6459', '104', '1426677', '741719', '13988', '1692', '18', '0', '0', '0', '0', '0', '0', '1');
INSERT INTO `war_world`.`creature_spawns` (`Guid`, `Entry`, `ZoneId`, `WorldX`, `WorldY`, `WorldZ`, `WorldO`, `Icone`, `Emote`, `Faction`, `WaypointType`, `Level`, `Oid`, `RespawnMinutes`, `Enabled`) VALUES ('861196', '6459', '104', '1426320', '739468', '14000', '2452', '18', '0', '0', '0', '0', '0', '0', '1');
INSERT INTO `war_world`.`creature_spawns` (`Guid`, `Entry`, `ZoneId`, `WorldX`, `WorldY`, `WorldZ`, `WorldO`, `Icone`, `Emote`, `Faction`, `WaypointType`, `Level`, `Oid`, `RespawnMinutes`, `Enabled`) VALUES ('861197', '6459', '104', '1428174', '737770', '14113', '2756', '18', '0', '0', '0', '0', '0', '0', '1');
INSERT INTO `war_world`.`creature_spawns` (`Guid`, `Entry`, `ZoneId`, `WorldX`, `WorldY`, `WorldZ`, `WorldO`, `Icone`, `Emote`, `Faction`, `WaypointType`, `Level`, `Oid`, `RespawnMinutes`, `Enabled`) VALUES ('861198', '6459', '104', '1429433', '737522', '14168', '3076', '18', '0', '0', '0', '0', '0', '0', '1');
INSERT INTO `war_world`.`creature_spawns` (`Guid`, `Entry`, `ZoneId`, `WorldX`, `WorldY`, `WorldZ`, `WorldO`, `Icone`, `Emote`, `Faction`, `WaypointType`, `Level`, `Oid`, `RespawnMinutes`, `Enabled`) VALUES ('861199', '6459', '104', '1431598', '737508', '14120', '3290', '18', '0', '0', '0', '0', '0', '0', '1');
INSERT INTO `war_world`.`creature_spawns` (`Guid`, `Entry`, `ZoneId`, `WorldX`, `WorldY`, `WorldZ`, `WorldO`, `Icone`, `Emote`, `Faction`, `WaypointType`, `Level`, `Oid`, `RespawnMinutes`, `Enabled`) VALUES ('861201', '6459', '104', '1433493', '739343', '14084', '4032', '18', '0', '0', '0', '0', '0', '0', '1');
INSERT INTO `war_world`.`creature_spawns` (`Guid`, `Entry`, `ZoneId`, `WorldX`, `WorldY`, `WorldZ`, `WorldO`, `Icone`, `Emote`, `Faction`, `WaypointType`, `Level`, `Oid`, `RespawnMinutes`, `Enabled`) VALUES ('861202', '6459', '104', '1432991', '741633', '14080', '70', '18', '0', '0', '0', '0', '0', '0', '1');
INSERT INTO `war_world`.`creature_spawns` (`Guid`, `Entry`, `ZoneId`, `WorldX`, `WorldY`, `WorldZ`, `WorldO`, `Icone`, `Emote`, `Faction`, `WaypointType`, `Level`, `Oid`, `RespawnMinutes`, `Enabled`) VALUES ('861203', '6459', '104', '1432407', '743129', '13975', '70', '18', '0', '0', '0', '0', '0', '0', '1');
INSERT INTO `war_world`.`creature_spawns` (`Guid`, `Entry`, `ZoneId`, `WorldX`, `WorldY`, `WorldZ`, `WorldO`, `Icone`, `Emote`, `Faction`, `WaypointType`, `Level`, `Oid`, `RespawnMinutes`, `Enabled`) VALUES ('861204', '6459', '104', '1434603', '748282', '13376', '3902', '18', '0', '0', '0', '0', '0', '0', '1');
INSERT INTO `war_world`.`creature_spawns` (`Guid`, `Entry`, `ZoneId`, `WorldX`, `WorldY`, `WorldZ`, `WorldO`, `Icone`, `Emote`, `Faction`, `WaypointType`, `Level`, `Oid`, `RespawnMinutes`, `Enabled`) VALUES ('861206', '6459', '104', '1436135', '749506', '13316', '3836', '18', '0', '0', '0', '0', '0', '0', '1');
INSERT INTO `war_world`.`creature_spawns` (`Guid`, `Entry`, `ZoneId`, `WorldX`, `WorldY`, `WorldZ`, `WorldO`, `Icone`, `Emote`, `Faction`, `WaypointType`, `Level`, `Oid`, `RespawnMinutes`, `Enabled`) VALUES ('861211', '6459', '104', '1432461', '747722', '13394', '2362', '18', '0', '0', '0', '0', '0', '0', '1');
INSERT INTO `war_world`.`creature_spawns` (`Guid`, `Entry`, `ZoneId`, `WorldX`, `WorldY`, `WorldZ`, `WorldO`, `Icone`, `Emote`, `Faction`, `WaypointType`, `Level`, `Oid`, `RespawnMinutes`, `Enabled`) VALUES ('861227', '6459', '104', '1424961', '748256', '13443', '1152', '18', '0', '0', '0', '0', '0', '0', '1');
INSERT INTO `war_world`.`creature_spawns` (`Guid`, `Entry`, `ZoneId`, `WorldX`, `WorldY`, `WorldZ`, `WorldO`, `Icone`, `Emote`, `Faction`, `WaypointType`, `Level`, `Oid`, `RespawnMinutes`, `Enabled`) VALUES ('861240', '6459', '104', '1436843', '740055', '13999', '1538', '18', '0', '0', '0', '0', '0', '0', '1');
INSERT INTO `war_world`.`creature_spawns` (`Guid`, `Entry`, `ZoneId`, `WorldX`, `WorldY`, `WorldZ`, `WorldO`, `Icone`, `Emote`, `Faction`, `WaypointType`, `Level`, `Oid`, `RespawnMinutes`, `Enabled`) VALUES ('861241', '6459', '104', '1435328', '738365', '14016', '1554', '18', '0', '0', '0', '0', '0', '0', '1');
INSERT INTO `war_world`.`creature_spawns` (`Guid`, `Entry`, `ZoneId`, `WorldX`, `WorldY`, `WorldZ`, `WorldO`, `Icone`, `Emote`, `Faction`, `WaypointType`, `Level`, `Oid`, `RespawnMinutes`, `Enabled`) VALUES ('861242', '6459', '104', '1433508', '737833', '14045', '2546', '18', '0', '0', '0', '0', '0', '0', '1');
INSERT INTO `war_world`.`creature_spawns` (`Guid`, `Entry`, `ZoneId`, `WorldX`, `WorldY`, `WorldZ`, `WorldO`, `Icone`, `Emote`, `Faction`, `WaypointType`, `Level`, `Oid`, `RespawnMinutes`, `Enabled`) VALUES ('861243', '6459', '104', '1433721', '738004', '14048', '2314', '18', '0', '0', '0', '0', '0', '0', '1');
INSERT INTO `war_world`.`creature_spawns` (`Guid`, `Entry`, `ZoneId`, `WorldX`, `WorldY`, `WorldZ`, `WorldO`, `Icone`, `Emote`, `Faction`, `WaypointType`, `Level`, `Oid`, `RespawnMinutes`, `Enabled`) VALUES ('861244', '6459', '104', '1434013', '738082', '14040', '2150', '18', '0', '0', '0', '0', '0', '0', '1');
INSERT INTO `war_world`.`creature_spawns` (`Guid`, `Entry`, `ZoneId`, `WorldX`, `WorldY`, `WorldZ`, `WorldO`, `Icone`, `Emote`, `Faction`, `WaypointType`, `Level`, `Oid`, `RespawnMinutes`, `Enabled`) VALUES ('861245', '6459', '104', '1434272', '738006', '14019', '1622', '18', '0', '0', '0', '0', '0', '0', '1');
INSERT INTO `war_world`.`creature_spawns` (`Guid`, `Entry`, `ZoneId`, `WorldX`, `WorldY`, `WorldZ`, `WorldO`, `Icone`, `Emote`, `Faction`, `WaypointType`, `Level`, `Oid`, `RespawnMinutes`, `Enabled`) VALUES ('861246', '6459', '104', '1434499', '737792', '14032', '1374', '18', '0', '0', '0', '0', '0', '0', '1');
INSERT INTO `war_world`.`creature_spawns` (`Guid`, `Entry`, `ZoneId`, `WorldX`, `WorldY`, `WorldZ`, `WorldO`, `Icone`, `Emote`, `Faction`, `WaypointType`, `Level`, `Oid`, `RespawnMinutes`, `Enabled`) VALUES ('861247', '6459', '104', '1434584', '737519', '14026', '994', '18', '0', '0', '0', '0', '0', '0', '1');
INSERT INTO `war_world`.`creature_spawns` (`Guid`, `Entry`, `ZoneId`, `WorldX`, `WorldY`, `WorldZ`, `WorldO`, `Icone`, `Emote`, `Faction`, `WaypointType`, `Level`, `Oid`, `RespawnMinutes`, `Enabled`) VALUES ('861251', '6459', '104', '1433424', '737665', '14040', '2796', '18', '0', '0', '0', '0', '0', '0', '1');
INSERT INTO `war_world`.`creature_spawns` (`Guid`, `Entry`, `ZoneId`, `WorldX`, `WorldY`, `WorldZ`, `WorldO`, `Icone`, `Emote`, `Faction`, `WaypointType`, `Level`, `Oid`, `RespawnMinutes`, `Enabled`) VALUES ('861266', '6459', '104', '1431456', '739755', '14460', '186', '18', '0', '0', '0', '0', '0', '0', '1');
INSERT INTO `war_world`.`creature_spawns` (`Guid`, `Entry`, `ZoneId`, `WorldX`, `WorldY`, `WorldZ`, `WorldO`, `Icone`, `Emote`, `Faction`, `WaypointType`, `Level`, `Oid`, `RespawnMinutes`, `Enabled`) VALUES ('861300', '6459', '104', '1425168', '752185', '13300', '3960', '18', '0', '0', '0', '0', '0', '0', '1');
INSERT INTO `war_world`.`creature_spawns` (`Guid`, `Entry`, `ZoneId`, `WorldX`, `WorldY`, `WorldZ`, `WorldO`, `Icone`, `Emote`, `Faction`, `WaypointType`, `Level`, `Oid`, `RespawnMinutes`, `Enabled`) VALUES ('861301', '6459', '104', '1425197', '753624', '13776', '3730', '18', '0', '0', '0', '0', '0', '0', '1');
INSERT INTO `war_world`.`creature_spawns` (`Guid`, `Entry`, `ZoneId`, `WorldX`, `WorldY`, `WorldZ`, `WorldO`, `Icone`, `Emote`, `Faction`, `WaypointType`, `Level`, `Oid`, `RespawnMinutes`, `Enabled`) VALUES ('861303', '6459', '104', '1427181', '752946', '13137', '2496', '18', '0', '0', '0', '0', '0', '0', '1');
INSERT INTO `war_world`.`creature_spawns` (`Guid`, `Entry`, `ZoneId`, `WorldX`, `WorldY`, `WorldZ`, `WorldO`, `Icone`, `Emote`, `Faction`, `WaypointType`, `Level`, `Oid`, `RespawnMinutes`, `Enabled`) VALUES ('861305', '6459', '104', '1428031', '751063', '13281', '2496', '18', '0', '0', '0', '0', '0', '0', '1');
INSERT INTO `war_world`.`creature_spawns` (`Guid`, `Entry`, `ZoneId`, `WorldX`, `WorldY`, `WorldZ`, `WorldO`, `Icone`, `Emote`, `Faction`, `WaypointType`, `Level`, `Oid`, `RespawnMinutes`, `Enabled`) VALUES ('861306', '6459', '104', '1428802', '750788', '13183', '3106', '18', '0', '0', '0', '0', '0', '0', '1');
INSERT INTO `war_world`.`creature_spawns` (`Guid`, `Entry`, `ZoneId`, `WorldX`, `WorldY`, `WorldZ`, `WorldO`, `Icone`, `Emote`, `Faction`, `WaypointType`, `Level`, `Oid`, `RespawnMinutes`, `Enabled`) VALUES ('861307', '6459', '104', '1429995', '750878', '13207', '3106', '18', '0', '0', '0', '0', '0', '0', '1');
INSERT INTO `war_world`.`creature_spawns` (`Guid`, `Entry`, `ZoneId`, `WorldX`, `WorldY`, `WorldZ`, `WorldO`, `Icone`, `Emote`, `Faction`, `WaypointType`, `Level`, `Oid`, `RespawnMinutes`, `Enabled`) VALUES ('861308', '6459', '104', '1431046', '751098', '13364', '3222', '18', '0', '0', '0', '0', '0', '0', '1');
INSERT INTO `war_world`.`creature_spawns` (`Guid`, `Entry`, `ZoneId`, `WorldX`, `WorldY`, `WorldZ`, `WorldO`, `Icone`, `Emote`, `Faction`, `WaypointType`, `Level`, `Oid`, `RespawnMinutes`, `Enabled`) VALUES ('861311', '6459', '104', '1433951', '751279', '13258', '2200', '18', '0', '0', '0', '0', '0', '0', '1');
INSERT INTO `war_world`.`creature_spawns` (`Guid`, `Entry`, `ZoneId`, `WorldX`, `WorldY`, `WorldZ`, `WorldO`, `Icone`, `Emote`, `Faction`, `WaypointType`, `Level`, `Oid`, `RespawnMinutes`, `Enabled`) VALUES ('861312', '6459', '104', '1433588', '750286', '13278', '1302', '18', '0', '0', '0', '0', '0', '0', '1');
INSERT INTO `war_world`.`creature_spawns` (`Guid`, `Entry`, `ZoneId`, `WorldX`, `WorldY`, `WorldZ`, `WorldO`, `Icone`, `Emote`, `Faction`, `WaypointType`, `Level`, `Oid`, `RespawnMinutes`, `Enabled`) VALUES ('861313', '6459', '104', '1432470', '749927', '13442', '1154', '18', '0', '0', '0', '0', '0', '0', '1');
INSERT INTO `war_world`.`creature_spawns` (`Guid`, `Entry`, `ZoneId`, `WorldX`, `WorldY`, `WorldZ`, `WorldO`, `Icone`, `Emote`, `Faction`, `WaypointType`, `Level`, `Oid`, `RespawnMinutes`, `Enabled`) VALUES ('861314', '6459', '104', '1431223', '749405', '13413', '1434', '18', '0', '0', '0', '0', '0', '0', '1');
INSERT INTO `war_world`.`creature_spawns` (`Guid`, `Entry`, `ZoneId`, `WorldX`, `WorldY`, `WorldZ`, `WorldO`, `Icone`, `Emote`, `Faction`, `WaypointType`, `Level`, `Oid`, `RespawnMinutes`, `Enabled`) VALUES ('861315', '6459', '104', '1430584', '748937', '13215', '1682', '18', '0', '0', '0', '0', '0', '0', '1');
INSERT INTO `war_world`.`creature_spawns` (`Guid`, `Entry`, `ZoneId`, `WorldX`, `WorldY`, `WorldZ`, `WorldO`, `Icone`, `Emote`, `Faction`, `WaypointType`, `Level`, `Oid`, `RespawnMinutes`, `Enabled`) VALUES ('861316', '6459', '104', '1429931', '747960', '13317', '908', '18', '0', '0', '0', '0', '0', '0', '1');
INSERT INTO `war_world`.`creature_spawns` (`Guid`, `Entry`, `ZoneId`, `WorldX`, `WorldY`, `WorldZ`, `WorldO`, `Icone`, `Emote`, `Faction`, `WaypointType`, `Level`, `Oid`, `RespawnMinutes`, `Enabled`) VALUES ('861317', '6459', '104', '1428652', '748627', '13289', '578', '18', '0', '0', '0', '0', '0', '0', '1');
INSERT INTO `war_world`.`creature_spawns` (`Guid`, `Entry`, `ZoneId`, `WorldX`, `WorldY`, `WorldZ`, `WorldO`, `Icone`, `Emote`, `Faction`, `WaypointType`, `Level`, `Oid`, `RespawnMinutes`, `Enabled`) VALUES ('861318', '6459', '104', '1427838', '749290', '13290', '578', '18', '0', '0', '0', '0', '0', '0', '1');
INSERT INTO `war_world`.`creature_spawns` (`Guid`, `Entry`, `ZoneId`, `WorldX`, `WorldY`, `WorldZ`, `WorldO`, `Icone`, `Emote`, `Faction`, `WaypointType`, `Level`, `Oid`, `RespawnMinutes`, `Enabled`) VALUES ('861319', '6459', '104', '1425993', '750871', '13035', '74', '18', '0', '0', '0', '0', '0', '0', '1');
INSERT INTO `war_world`.`creature_spawns` (`Guid`, `Entry`, `ZoneId`, `WorldX`, `WorldY`, `WorldZ`, `WorldO`, `Icone`, `Emote`, `Faction`, `WaypointType`, `Level`, `Oid`, `RespawnMinutes`, `Enabled`) VALUES ('861320', '6459', '104', '1427594', '751475', '13227', '3624', '18', '0', '0', '0', '0', '0', '0', '1');
INSERT INTO `war_world`.`creature_spawns` (`Guid`, `Entry`, `ZoneId`, `WorldX`, `WorldY`, `WorldZ`, `WorldO`, `Icone`, `Emote`, `Faction`, `WaypointType`, `Level`, `Oid`, `RespawnMinutes`, `Enabled`) VALUES ('861321', '6459', '104', '1428898', '751922', '13195', '3382', '18', '0', '0', '0', '0', '0', '0', '1');
INSERT INTO `war_world`.`creature_spawns` (`Guid`, `Entry`, `ZoneId`, `WorldX`, `WorldY`, `WorldZ`, `WorldO`, `Icone`, `Emote`, `Faction`, `WaypointType`, `Level`, `Oid`, `RespawnMinutes`, `Enabled`) VALUES ('861322', '6459', '104', '1430138', '751453', '13218', '3976', '18', '0', '0', '0', '0', '0', '0', '1');
INSERT INTO `war_world`.`creature_spawns` (`Guid`, `Entry`, `ZoneId`, `WorldX`, `WorldY`, `WorldZ`, `WorldO`, `Icone`, `Emote`, `Faction`, `WaypointType`, `Level`, `Oid`, `RespawnMinutes`, `Enabled`) VALUES ('861323', '6459', '104', '1431532', '751794', '13204', '3778', '18', '0', '0', '0', '0', '0', '0', '1');
INSERT INTO `war_world`.`creature_spawns` (`Guid`, `Entry`, `ZoneId`, `WorldX`, `WorldY`, `WorldZ`, `WorldO`, `Icone`, `Emote`, `Faction`, `WaypointType`, `Level`, `Oid`, `RespawnMinutes`, `Enabled`) VALUES ('862037', '28103', '104', '1429703', '740446', '16057', '4048', '18', '0', '0', '0', '0', '0', '0', '1');
INSERT INTO `war_world`.`creature_spawns` (`Guid`, `Entry`, `ZoneId`, `WorldX`, `WorldY`, `WorldZ`, `WorldO`, `Icone`, `Emote`, `Faction`, `WaypointType`, `Level`, `Oid`, `RespawnMinutes`, `Enabled`) VALUES ('861026', '38652', '104', '1435573', '742640', '13955', '3192', '18', '0', '0', '0', '0', '0', '0', '1');
INSERT INTO `war_world`.`creature_spawns` (`Guid`, `Entry`, `ZoneId`, `WorldX`, `WorldY`, `WorldZ`, `WorldO`, `Icone`, `Emote`, `Faction`, `WaypointType`, `Level`, `Oid`, `RespawnMinutes`, `Enabled`) VALUES ('861027', '38652', '104', '1436249', '745195', '14066', '676', '18', '0', '0', '0', '0', '0', '0', '1');
INSERT INTO `war_world`.`creature_spawns` (`Guid`, `Entry`, `ZoneId`, `WorldX`, `WorldY`, `WorldZ`, `WorldO`, `Icone`, `Emote`, `Faction`, `WaypointType`, `Level`, `Oid`, `RespawnMinutes`, `Enabled`) VALUES ('861031', '38652', '104', '1437205', '742089', '13978', '2774', '18', '0', '0', '0', '0', '0', '0', '1');
INSERT INTO `war_world`.`creature_spawns` (`Guid`, `Entry`, `ZoneId`, `WorldX`, `WorldY`, `WorldZ`, `WorldO`, `Icone`, `Emote`, `Faction`, `WaypointType`, `Level`, `Oid`, `RespawnMinutes`, `Enabled`) VALUES ('861041', '38652', '104', '1435132', '740218', '14024', '3674', '18', '0', '0', '0', '0', '0', '0', '1');
INSERT INTO `war_world`.`creature_spawns` (`Guid`, `Entry`, `ZoneId`, `WorldX`, `WorldY`, `WorldZ`, `WorldO`, `Icone`, `Emote`, `Faction`, `WaypointType`, `Level`, `Oid`, `RespawnMinutes`, `Enabled`) VALUES ('861042', '38652', '104', '1434900', '739561', '14037', '1890', '18', '0', '0', '0', '0', '0', '0', '1');
INSERT INTO `war_world`.`creature_spawns` (`Guid`, `Entry`, `ZoneId`, `WorldX`, `WorldY`, `WorldZ`, `WorldO`, `Icone`, `Emote`, `Faction`, `WaypointType`, `Level`, `Oid`, `RespawnMinutes`, `Enabled`) VALUES ('861032', '40341', '104', '1437275', '740862', '13938', '1340', '18', '0', '0', '0', '0', '0', '0', '1');
INSERT INTO `war_world`.`creature_spawns` (`Guid`, `Entry`, `ZoneId`, `WorldX`, `WorldY`, `WorldZ`, `WorldO`, `Icone`, `Emote`, `Faction`, `WaypointType`, `Level`, `Oid`, `RespawnMinutes`, `Enabled`) VALUES ('862035', '98569', '104', '1429468', '740824', '16057', '1956', '18', '0', '0', '0', '0', '0', '0', '1');
INSERT INTO `war_world`.`creature_spawns` (`Guid`, `Entry`, `ZoneId`, `WorldX`, `WorldY`, `WorldZ`, `WorldO`, `Icone`, `Emote`, `Faction`, `WaypointType`, `Level`, `Oid`, `RespawnMinutes`, `Enabled`) VALUES ('556556', '99448', '104', '1430090', '740139', '16084', '466', '18', '0', '0', '0', '1', '5964', '0', '1');
/* Maw - Clearing Lord Loot-Table */
DELETE FROM `war_world`.`creature_loots` WHERE (`Entry` = '34178') and (`ItemId` = '11837');
DELETE FROM `war_world`.`creature_loots` WHERE (`Entry` = '34178') and (`ItemId` = '87557');
DELETE FROM `war_world`.`creature_loots` WHERE (`Entry` = '34178') and (`ItemId` = '87558');
DELETE FROM `war_world`.`creature_loots` WHERE (`Entry` = '34178') and (`ItemId` = '87559');
DELETE FROM `war_world`.`creature_loots` WHERE (`Entry` = '34178') and (`ItemId` = '87560');
DELETE FROM `war_world`.`creature_loots` WHERE (`Entry` = '34178') and (`ItemId` = '199802');
DELETE FROM `war_world`.`creature_loots` WHERE (`Entry` = '34178') and (`ItemId` = '199803');
DELETE FROM `war_world`.`creature_loots` WHERE (`Entry` = '34178') and (`ItemId` = '199804');
DELETE FROM `war_world`.`creature_loots` WHERE (`Entry` = '34178') and (`ItemId` = '199805');
DELETE FROM `war_world`.`creature_loots` WHERE (`Entry` = '34178') and (`ItemId` = '199807');
DELETE FROM `war_world`.`creature_loots` WHERE (`Entry` = '34178') and (`ItemId` = '199809');
DELETE FROM `war_world`.`creature_loots` WHERE (`Entry` = '34178') and (`ItemId` = '207413');
DELETE FROM `war_world`.`creature_loots` WHERE (`Entry` = '34178') and (`ItemId` = '434912');


