/*
	V1.4 Changes
	Optimized NPC Levels including Lord
*/
/* Reikwald - Deleting new NPC to avoid duplicate Entrys */
DELETE FROM `war_world`.`creature_protos` WHERE (`Entry` = '778039');
DELETE FROM `war_world`.`creature_protos` WHERE (`Entry` = '10020957');
DELETE FROM `war_world`.`creature_protos` WHERE (`Entry` = '10042261');
DELETE FROM `war_world`.`creature_protos` WHERE (`Entry` = '10042260');
DELETE FROM `war_world`.`creature_protos` WHERE (`Entry` = '10020955');
DELETE FROM `war_world`.`creature_protos` WHERE (`Entry` = '10019757');
DELETE FROM `war_world`.`creature_protos` WHERE (`Entry` = '10019755');
DELETE FROM `war_world`.`creature_protos` WHERE (`Entry` = '10019759');
/* Reikwald - Generating new NPC */
INSERT INTO `war_world`.`creature_protos` (`Entry`, `Name`, `Model1`, `Model2`, `MinScale`, `MaxScale`, `MinLevel`, `MaxLevel`, `Faction`, `Ranged`, `Icone`, `Emote`, `Title`, `Unk`, `Unk1`, `Unk2`, `Unk3`, `Unk4`, `Unk5`, `Unk6`, `Flag`, `ScriptName`, `CreatureType`, `CreatureSubType`, `TokUnlock`, `LairBoss`, `VendorID`, `Career`, `PowerModifier`, `WoundsModifier`, `Invulnerable`, `WeaponDPS`, `ImmuneToCC`) VALUES ('778039', 'Rhinehardt Ortmann', '1005', '0', '75', '80', '45', '46', '71', '5', '0', '0', '30', '0', '0', '0', '0', '0', '0', '0', '0', '', '16', '91', '211', '0', '0', '0', '1.00', '1.00', '0', '0', '0');
INSERT INTO `war_world`.`creature_protos` (`Entry`, `Name`, `Model1`, `Model2`, `MinScale`, `MaxScale`, `MinLevel`, `MaxLevel`, `Faction`, `Ranged`, `Icone`, `Emote`, `Title`, `Unk`, `Unk1`, `Unk2`, `Unk3`, `Unk4`, `Unk5`, `Unk6`, `Flag`, `ScriptName`, `CreatureType`, `CreatureSubType`, `TokUnlock`, `LairBoss`, `VendorID`, `Career`, `PowerModifier`, `WoundsModifier`, `Invulnerable`, `WeaponDPS`, `ImmuneToCC`) VALUES ('10020957', 'Reikwald Castigator', '1218', '0', '52', '52', '41', '41', '67', '5', '26', '0', '0', '37', '0', '1000', '0', '0', '27964', '2', '5281558867954766', '', '16', '91', '0', '0', '0', '0', '1.00', '1.00', '0', '0', '0');
INSERT INTO `war_world`.`creature_protos` (`Entry`, `Name`, `Model1`, `Model2`, `MinScale`, `MaxScale`, `MinLevel`, `MaxLevel`, `Faction`, `Ranged`, `Icone`, `Emote`, `Title`, `Unk`, `Unk1`, `Unk2`, `Unk3`, `Unk4`, `Unk5`, `Unk6`, `Flag`, `ScriptName`, `CreatureType`, `CreatureSubType`, `TokUnlock`, `LairBoss`, `VendorID`, `Career`, `PowerModifier`, `WoundsModifier`, `Invulnerable`, `WeaponDPS`, `ImmuneToCC`) VALUES ('10042261', 'Reikwald Greatsword^m', '1218', '0', '52', '52', '40', '40', '67', '5', '18', '0', '0', '37', '1', '1000', '0', '0', '25112', '7', '60712877724550062', '', '16', '91', '0', '0', '0', '0', '1.00', '1.00', '0', '0', '0');
INSERT INTO `war_world`.`creature_protos` (`Entry`, `Name`, `Model1`, `Model2`, `MinScale`, `MaxScale`, `MinLevel`, `MaxLevel`, `Faction`, `Ranged`, `Icone`, `Emote`, `Title`, `Unk`, `Unk1`, `Unk2`, `Unk3`, `Unk4`, `Unk5`, `Unk6`, `Flag`, `ScriptName`, `CreatureType`, `CreatureSubType`, `TokUnlock`, `LairBoss`, `VendorID`, `Career`, `PowerModifier`, `WoundsModifier`, `Invulnerable`, `WeaponDPS`, `ImmuneToCC`) VALUES ('10042260', 'Reikwald Honor Guard', '1218', '0', '52', '52', '40', '40', '67', '5', '24', '0', '0', '33', '0', '1000', '0', '0', '25113', '4', '18771418305086624', '', '16', '91', '0', '0', '0', '0', '1.00', '1.00', '0', '0', '0');
INSERT INTO `war_world`.`creature_protos` (`Entry`, `Name`, `Model1`, `Model2`, `MinScale`, `MaxScale`, `MinLevel`, `MaxLevel`, `Faction`, `Ranged`, `Icone`, `Emote`, `Title`, `Unk`, `Unk1`, `Unk2`, `Unk3`, `Unk4`, `Unk5`, `Unk6`, `Flag`, `ScriptName`, `CreatureType`, `CreatureSubType`, `TokUnlock`, `LairBoss`, `VendorID`, `Career`, `PowerModifier`, `WoundsModifier`, `Invulnerable`, `WeaponDPS`, `ImmuneToCC`) VALUES ('10020955', 'Reikwald Knight', '1218', '0', '50', '50', '40', '40', '69', '5', '18', '0', '0', '33', '0', '1000', '0', '0', '28070', '0', '54014373413666891', '', '16', '91', '0', '0', '0', '0', '1.00', '1.00', '0', '0', '0');
INSERT INTO `war_world`.`creature_protos` (`Entry`, `Name`, `Model1`, `Model2`, `MinScale`, `MaxScale`, `MinLevel`, `MaxLevel`, `Faction`, `Ranged`, `Icone`, `Emote`, `Title`, `Unk`, `Unk1`, `Unk2`, `Unk3`, `Unk4`, `Unk5`, `Unk6`, `Flag`, `ScriptName`, `CreatureType`, `CreatureSubType`, `TokUnlock`, `LairBoss`, `VendorID`, `Career`, `PowerModifier`, `WoundsModifier`, `Invulnerable`, `WeaponDPS`, `ImmuneToCC`) VALUES ('10019757', 'Reikwald Defender', '1218', '0', '50', '50', '40', '40', '67', '5', '18', '0', '0', '37', '0', '1000', '0', '0', '25117', '7', '25526942275814372', '', '16', '91', '0', '0', '0', '0', '1.00', '1.00', '0', '0', '0');
INSERT INTO `war_world`.`creature_protos` (`Entry`, `Name`, `Model1`, `Model2`, `MinScale`, `MaxScale`, `MinLevel`, `MaxLevel`, `Faction`, `Ranged`, `Icone`, `Emote`, `Title`, `Unk`, `Unk1`, `Unk2`, `Unk3`, `Unk4`, `Unk5`, `Unk6`, `Flag`, `ScriptName`, `CreatureType`, `CreatureSubType`, `TokUnlock`, `LairBoss`, `VendorID`, `Career`, `PowerModifier`, `WoundsModifier`, `Invulnerable`, `WeaponDPS`, `ImmuneToCC`) VALUES ('10019755', 'Reikwald Cannoneer', '1218', '0', '50', '50', '40', '40', '67', '35', '18', '0', '0', '41', '0', '1000', '0', '0', '25115', '4', '30893039936816000', '', '16', '91', '0', '0', '0', '0', '1.00', '1.00', '0', '0', '0');
INSERT INTO `war_world`.`creature_protos` (`Entry`, `Name`, `Model1`, `Model2`, `MinScale`, `MaxScale`, `MinLevel`, `MaxLevel`, `Faction`, `Ranged`, `Icone`, `Emote`, `Title`, `Unk`, `Unk1`, `Unk2`, `Unk3`, `Unk4`, `Unk5`, `Unk6`, `Flag`, `ScriptName`, `CreatureType`, `CreatureSubType`, `TokUnlock`, `LairBoss`, `VendorID`, `Career`, `PowerModifier`, `WoundsModifier`, `Invulnerable`, `WeaponDPS`, `ImmuneToCC`) VALUES ('10019759', 'Reikwald Marksman^m', '1218', '0', '52', '52', '40', '40', '67', '35', '18', '0', '0', '37', '1', '1000', '0', '0', '25109', '5', '41014972328461300', '', '16', '91', '0', '0', '0', '0', '1.00', '1.00', '0', '0', '0');
/* Reikwald - Deleting new NPC Equip/Look - Avoiding duplicate Entrys */
DELETE FROM `war_world`.`creature_items` WHERE (`Entry` = '10019755') and (`SlotId` = '10');
DELETE FROM `war_world`.`creature_items` WHERE (`Entry` = '10019755') and (`SlotId` = '12');
DELETE FROM `war_world`.`creature_items` WHERE (`Entry` = '10019755') and (`SlotId` = '20');
DELETE FROM `war_world`.`creature_items` WHERE (`Entry` = '10019755') and (`SlotId` = '21');
DELETE FROM `war_world`.`creature_items` WHERE (`Entry` = '10019755') and (`SlotId` = '22');
DELETE FROM `war_world`.`creature_items` WHERE (`Entry` = '10019755') and (`SlotId` = '24');
DELETE FROM `war_world`.`creature_items` WHERE (`Entry` = '10019755') and (`SlotId` = '25');
DELETE FROM `war_world`.`creature_items` WHERE (`Entry` = '10019755') and (`SlotId` = '28');
DELETE FROM `war_world`.`creature_items` WHERE (`Entry` = '10019757') and (`SlotId` = '10');
DELETE FROM `war_world`.`creature_items` WHERE (`Entry` = '10019757') and (`SlotId` = '11');
DELETE FROM `war_world`.`creature_items` WHERE (`Entry` = '10019757') and (`SlotId` = '20');
DELETE FROM `war_world`.`creature_items` WHERE (`Entry` = '10019757') and (`SlotId` = '21');
DELETE FROM `war_world`.`creature_items` WHERE (`Entry` = '10019757') and (`SlotId` = '22');
DELETE FROM `war_world`.`creature_items` WHERE (`Entry` = '10019757') and (`SlotId` = '25');
DELETE FROM `war_world`.`creature_items` WHERE (`Entry` = '10019757') and (`SlotId` = '28');
DELETE FROM `war_world`.`creature_items` WHERE (`Entry` = '10019759') and (`SlotId` = '10');
DELETE FROM `war_world`.`creature_items` WHERE (`Entry` = '10019759') and (`SlotId` = '12');
DELETE FROM `war_world`.`creature_items` WHERE (`Entry` = '10019759') and (`SlotId` = '20');
DELETE FROM `war_world`.`creature_items` WHERE (`Entry` = '10019759') and (`SlotId` = '21');
DELETE FROM `war_world`.`creature_items` WHERE (`Entry` = '10019759') and (`SlotId` = '22');
DELETE FROM `war_world`.`creature_items` WHERE (`Entry` = '10019759') and (`SlotId` = '25');
DELETE FROM `war_world`.`creature_items` WHERE (`Entry` = '10019759') and (`SlotId` = '28');
DELETE FROM `war_world`.`creature_items` WHERE (`Entry` = '10042260') and (`SlotId` = '10');
DELETE FROM `war_world`.`creature_items` WHERE (`Entry` = '10042260') and (`SlotId` = '11');
DELETE FROM `war_world`.`creature_items` WHERE (`Entry` = '10042260') and (`SlotId` = '20');
DELETE FROM `war_world`.`creature_items` WHERE (`Entry` = '10042260') and (`SlotId` = '21');
DELETE FROM `war_world`.`creature_items` WHERE (`Entry` = '10042260') and (`SlotId` = '22');
DELETE FROM `war_world`.`creature_items` WHERE (`Entry` = '10042260') and (`SlotId` = '25');
DELETE FROM `war_world`.`creature_items` WHERE (`Entry` = '10042260') and (`SlotId` = '28');
DELETE FROM `war_world`.`creature_items` WHERE (`Entry` = '10042261') and (`SlotId` = '10');
DELETE FROM `war_world`.`creature_items` WHERE (`Entry` = '10042261') and (`SlotId` = '20');
DELETE FROM `war_world`.`creature_items` WHERE (`Entry` = '10042261') and (`SlotId` = '21');
DELETE FROM `war_world`.`creature_items` WHERE (`Entry` = '10042261') and (`SlotId` = '22');
DELETE FROM `war_world`.`creature_items` WHERE (`Entry` = '10042261') and (`SlotId` = '24');
DELETE FROM `war_world`.`creature_items` WHERE (`Entry` = '10042261') and (`SlotId` = '25');
DELETE FROM `war_world`.`creature_items` WHERE (`Entry` = '10042261') and (`SlotId` = '28');
DELETE FROM `war_world`.`creature_items` WHERE (`Entry` = '10020955') and (`SlotId` = '10');
DELETE FROM `war_world`.`creature_items` WHERE (`Entry` = '10020955') and (`SlotId` = '11');
DELETE FROM `war_world`.`creature_items` WHERE (`Entry` = '10020955') and (`SlotId` = '20');
DELETE FROM `war_world`.`creature_items` WHERE (`Entry` = '10020955') and (`SlotId` = '21');
DELETE FROM `war_world`.`creature_items` WHERE (`Entry` = '10020955') and (`SlotId` = '22');
DELETE FROM `war_world`.`creature_items` WHERE (`Entry` = '10020955') and (`SlotId` = '23');
DELETE FROM `war_world`.`creature_items` WHERE (`Entry` = '10020955') and (`SlotId` = '24');
DELETE FROM `war_world`.`creature_items` WHERE (`Entry` = '10020955') and (`SlotId` = '28');
DELETE FROM `war_world`.`creature_items` WHERE (`Entry` = '10020957') and (`SlotId` = '10');
DELETE FROM `war_world`.`creature_items` WHERE (`Entry` = '10020957') and (`SlotId` = '11');
DELETE FROM `war_world`.`creature_items` WHERE (`Entry` = '10020957') and (`SlotId` = '20');
DELETE FROM `war_world`.`creature_items` WHERE (`Entry` = '10020957') and (`SlotId` = '21');
DELETE FROM `war_world`.`creature_items` WHERE (`Entry` = '10020957') and (`SlotId` = '22');
DELETE FROM `war_world`.`creature_items` WHERE (`Entry` = '10020957') and (`SlotId` = '23');
DELETE FROM `war_world`.`creature_items` WHERE (`Entry` = '10020957') and (`SlotId` = '24');
DELETE FROM `war_world`.`creature_items` WHERE (`Entry` = '10020957') and (`SlotId` = '28');
DELETE FROM `war_world`.`creature_items` WHERE (`Entry` = '778039') and (`SlotId` = '10');
DELETE FROM `war_world`.`creature_items` WHERE (`Entry` = '778039') and (`SlotId` = '20');
DELETE FROM `war_world`.`creature_items` WHERE (`Entry` = '778039') and (`SlotId` = '21');
DELETE FROM `war_world`.`creature_items` WHERE (`Entry` = '778039') and (`SlotId` = '22');
DELETE FROM `war_world`.`creature_items` WHERE (`Entry` = '778039') and (`SlotId` = '23');
DELETE FROM `war_world`.`creature_items` WHERE (`Entry` = '778039') and (`SlotId` = '24');
DELETE FROM `war_world`.`creature_items` WHERE (`Entry` = '778039') and (`SlotId` = '28');
/* Reikwald - Generating new NPC Equip/Look */
INSERT INTO `war_world`.`creature_items` (`Entry`, `SlotId`, `ModelId`, `EffectId`, `PrimaryColor`, `SecondaryColor`) VALUES ('10019755', '10', '1325', '0', '0', '0');
INSERT INTO `war_world`.`creature_items` (`Entry`, `SlotId`, `ModelId`, `EffectId`, `PrimaryColor`, `SecondaryColor`) VALUES ('10019755', '12', '1386', '0', '0', '0');
INSERT INTO `war_world`.`creature_items` (`Entry`, `SlotId`, `ModelId`, `EffectId`, `PrimaryColor`, `SecondaryColor`) VALUES ('10019755', '20', '3101', '2118', '0', '0');
INSERT INTO `war_world`.`creature_items` (`Entry`, `SlotId`, `ModelId`, `EffectId`, `PrimaryColor`, `SecondaryColor`) VALUES ('10019755', '21', '3103', '0', '0', '0');
INSERT INTO `war_world`.`creature_items` (`Entry`, `SlotId`, `ModelId`, `EffectId`, `PrimaryColor`, `SecondaryColor`) VALUES ('10019755', '22', '3102', '0', '0', '0');
INSERT INTO `war_world`.`creature_items` (`Entry`, `SlotId`, `ModelId`, `EffectId`, `PrimaryColor`, `SecondaryColor`) VALUES ('10019755', '24', '3106', '0', '0', '0');
INSERT INTO `war_world`.`creature_items` (`Entry`, `SlotId`, `ModelId`, `EffectId`, `PrimaryColor`, `SecondaryColor`) VALUES ('10019755', '25', '3105', '8006', '0', '0');
INSERT INTO `war_world`.`creature_items` (`Entry`, `SlotId`, `ModelId`, `EffectId`, `PrimaryColor`, `SecondaryColor`) VALUES ('10019755', '28', '3107', '0', '0', '0');
INSERT INTO `war_world`.`creature_items` (`Entry`, `SlotId`, `ModelId`, `EffectId`, `PrimaryColor`, `SecondaryColor`) VALUES ('10019757', '10', '1616', '0', '0', '0');
INSERT INTO `war_world`.`creature_items` (`Entry`, `SlotId`, `ModelId`, `EffectId`, `PrimaryColor`, `SecondaryColor`) VALUES ('10019757', '11', '1842', '0', '0', '0');
INSERT INTO `war_world`.`creature_items` (`Entry`, `SlotId`, `ModelId`, `EffectId`, `PrimaryColor`, `SecondaryColor`) VALUES ('10019757', '20', '3094', '2118', '0', '0');
INSERT INTO `war_world`.`creature_items` (`Entry`, `SlotId`, `ModelId`, `EffectId`, `PrimaryColor`, `SecondaryColor`) VALUES ('10019757', '21', '3096', '0', '0', '0');
INSERT INTO `war_world`.`creature_items` (`Entry`, `SlotId`, `ModelId`, `EffectId`, `PrimaryColor`, `SecondaryColor`) VALUES ('10019757', '22', '3095', '0', '0', '0');
INSERT INTO `war_world`.`creature_items` (`Entry`, `SlotId`, `ModelId`, `EffectId`, `PrimaryColor`, `SecondaryColor`) VALUES ('10019757', '25', '3098', '8006', '0', '0');
INSERT INTO `war_world`.`creature_items` (`Entry`, `SlotId`, `ModelId`, `EffectId`, `PrimaryColor`, `SecondaryColor`) VALUES ('10019757', '28', '2488', '0', '0', '0');
INSERT INTO `war_world`.`creature_items` (`Entry`, `SlotId`, `ModelId`, `EffectId`, `PrimaryColor`, `SecondaryColor`) VALUES ('10019759', '10', '1325', '0', '0', '0');
INSERT INTO `war_world`.`creature_items` (`Entry`, `SlotId`, `ModelId`, `EffectId`, `PrimaryColor`, `SecondaryColor`) VALUES ('10019759', '12', '1386', '0', '0', '0');
INSERT INTO `war_world`.`creature_items` (`Entry`, `SlotId`, `ModelId`, `EffectId`, `PrimaryColor`, `SecondaryColor`) VALUES ('10019759', '20', '3094', '2118', '0', '0');
INSERT INTO `war_world`.`creature_items` (`Entry`, `SlotId`, `ModelId`, `EffectId`, `PrimaryColor`, `SecondaryColor`) VALUES ('10019759', '21', '3096', '0', '0', '0');
INSERT INTO `war_world`.`creature_items` (`Entry`, `SlotId`, `ModelId`, `EffectId`, `PrimaryColor`, `SecondaryColor`) VALUES ('10019759', '22', '3095', '0', '0', '0');
INSERT INTO `war_world`.`creature_items` (`Entry`, `SlotId`, `ModelId`, `EffectId`, `PrimaryColor`, `SecondaryColor`) VALUES ('10019759', '25', '3098', '8006', '0', '0');
INSERT INTO `war_world`.`creature_items` (`Entry`, `SlotId`, `ModelId`, `EffectId`, `PrimaryColor`, `SecondaryColor`) VALUES ('10019759', '28', '2488', '0', '0', '0');
INSERT INTO `war_world`.`creature_items` (`Entry`, `SlotId`, `ModelId`, `EffectId`, `PrimaryColor`, `SecondaryColor`) VALUES ('10042260', '10', '1473', '0', '0', '0');
INSERT INTO `war_world`.`creature_items` (`Entry`, `SlotId`, `ModelId`, `EffectId`, `PrimaryColor`, `SecondaryColor`) VALUES ('10042260', '11', '1842', '0', '0', '0');
INSERT INTO `war_world`.`creature_items` (`Entry`, `SlotId`, `ModelId`, `EffectId`, `PrimaryColor`, `SecondaryColor`) VALUES ('10042260', '20', '2515', '2118', '0', '0');
INSERT INTO `war_world`.`creature_items` (`Entry`, `SlotId`, `ModelId`, `EffectId`, `PrimaryColor`, `SecondaryColor`) VALUES ('10042260', '21', '2505', '0', '0', '0');
INSERT INTO `war_world`.`creature_items` (`Entry`, `SlotId`, `ModelId`, `EffectId`, `PrimaryColor`, `SecondaryColor`) VALUES ('10042260', '22', '2500', '0', '0', '0');
INSERT INTO `war_world`.`creature_items` (`Entry`, `SlotId`, `ModelId`, `EffectId`, `PrimaryColor`, `SecondaryColor`) VALUES ('10042260', '25', '2518', '8006', '0', '0');
INSERT INTO `war_world`.`creature_items` (`Entry`, `SlotId`, `ModelId`, `EffectId`, `PrimaryColor`, `SecondaryColor`) VALUES ('10042260', '28', '2502', '0', '0', '0');
INSERT INTO `war_world`.`creature_items` (`Entry`, `SlotId`, `ModelId`, `EffectId`, `PrimaryColor`, `SecondaryColor`) VALUES ('10042261', '10', '3370', '0', '0', '0');
INSERT INTO `war_world`.`creature_items` (`Entry`, `SlotId`, `ModelId`, `EffectId`, `PrimaryColor`, `SecondaryColor`) VALUES ('10042261', '20', '2501', '2118', '0', '0');
INSERT INTO `war_world`.`creature_items` (`Entry`, `SlotId`, `ModelId`, `EffectId`, `PrimaryColor`, `SecondaryColor`) VALUES ('10042261', '21', '2505', '0', '0', '0');
INSERT INTO `war_world`.`creature_items` (`Entry`, `SlotId`, `ModelId`, `EffectId`, `PrimaryColor`, `SecondaryColor`) VALUES ('10042261', '22', '2500', '0', '0', '0');
INSERT INTO `war_world`.`creature_items` (`Entry`, `SlotId`, `ModelId`, `EffectId`, `PrimaryColor`, `SecondaryColor`) VALUES ('10042261', '24', '2503', '0', '0', '0');
INSERT INTO `war_world`.`creature_items` (`Entry`, `SlotId`, `ModelId`, `EffectId`, `PrimaryColor`, `SecondaryColor`) VALUES ('10042261', '25', '2504', '8006', '0', '0');
INSERT INTO `war_world`.`creature_items` (`Entry`, `SlotId`, `ModelId`, `EffectId`, `PrimaryColor`, `SecondaryColor`) VALUES ('10042261', '28', '2502', '0', '0', '0');
INSERT INTO `war_world`.`creature_items` (`Entry`, `SlotId`, `ModelId`, `EffectId`, `PrimaryColor`, `SecondaryColor`) VALUES ('10020955', '10', '9100', '0', '0', '0');
INSERT INTO `war_world`.`creature_items` (`Entry`, `SlotId`, `ModelId`, `EffectId`, `PrimaryColor`, `SecondaryColor`) VALUES ('10020955', '11', '9117', '0', '0', '0');
INSERT INTO `war_world`.`creature_items` (`Entry`, `SlotId`, `ModelId`, `EffectId`, `PrimaryColor`, `SecondaryColor`) VALUES ('10020955', '20', '3060', '26471', '0', '0');
INSERT INTO `war_world`.`creature_items` (`Entry`, `SlotId`, `ModelId`, `EffectId`, `PrimaryColor`, `SecondaryColor`) VALUES ('10020955', '21', '3061', '26471', '0', '0');
INSERT INTO `war_world`.`creature_items` (`Entry`, `SlotId`, `ModelId`, `EffectId`, `PrimaryColor`, `SecondaryColor`) VALUES ('10020955', '22', '3062', '26471', '0', '0');
INSERT INTO `war_world`.`creature_items` (`Entry`, `SlotId`, `ModelId`, `EffectId`, `PrimaryColor`, `SecondaryColor`) VALUES ('10020955', '23', '4857', '26471', '0', '0');
INSERT INTO `war_world`.`creature_items` (`Entry`, `SlotId`, `ModelId`, `EffectId`, `PrimaryColor`, `SecondaryColor`) VALUES ('10020955', '24', '3063', '26471', '0', '0');
INSERT INTO `war_world`.`creature_items` (`Entry`, `SlotId`, `ModelId`, `EffectId`, `PrimaryColor`, `SecondaryColor`) VALUES ('10020955', '28', '3064', '26471', '0', '0');
INSERT INTO `war_world`.`creature_items` (`Entry`, `SlotId`, `ModelId`, `EffectId`, `PrimaryColor`, `SecondaryColor`) VALUES ('10020957', '10', '1854', '0', '0', '0');
INSERT INTO `war_world`.`creature_items` (`Entry`, `SlotId`, `ModelId`, `EffectId`, `PrimaryColor`, `SecondaryColor`) VALUES ('10020957', '11', '1871', '0', '0', '0');
INSERT INTO `war_world`.`creature_items` (`Entry`, `SlotId`, `ModelId`, `EffectId`, `PrimaryColor`, `SecondaryColor`) VALUES ('10020957', '20', '5974', '26471', '0', '0');
INSERT INTO `war_world`.`creature_items` (`Entry`, `SlotId`, `ModelId`, `EffectId`, `PrimaryColor`, `SecondaryColor`) VALUES ('10020957', '21', '6955', '26471', '0', '0');
INSERT INTO `war_world`.`creature_items` (`Entry`, `SlotId`, `ModelId`, `EffectId`, `PrimaryColor`, `SecondaryColor`) VALUES ('10020957', '22', '6948', '26471', '0', '0');
INSERT INTO `war_world`.`creature_items` (`Entry`, `SlotId`, `ModelId`, `EffectId`, `PrimaryColor`, `SecondaryColor`) VALUES ('10020957', '23', '4480', '26471', '0', '0');
INSERT INTO `war_world`.`creature_items` (`Entry`, `SlotId`, `ModelId`, `EffectId`, `PrimaryColor`, `SecondaryColor`) VALUES ('10020957', '24', '5975', '26471', '0', '0');
INSERT INTO `war_world`.`creature_items` (`Entry`, `SlotId`, `ModelId`, `EffectId`, `PrimaryColor`, `SecondaryColor`) VALUES ('10020957', '28', '6956', '0', '0', '0');
INSERT INTO `war_world`.`creature_items` (`Entry`, `SlotId`, `ModelId`, `EffectId`, `PrimaryColor`, `SecondaryColor`) VALUES ('778039', '10', '1841', '0', '0', '0');
INSERT INTO `war_world`.`creature_items` (`Entry`, `SlotId`, `ModelId`, `EffectId`, `PrimaryColor`, `SecondaryColor`) VALUES ('778039', '20', '2611', '8094', '0', '0');
INSERT INTO `war_world`.`creature_items` (`Entry`, `SlotId`, `ModelId`, `EffectId`, `PrimaryColor`, `SecondaryColor`) VALUES ('778039', '21', '2613', '0', '0', '0');
INSERT INTO `war_world`.`creature_items` (`Entry`, `SlotId`, `ModelId`, `EffectId`, `PrimaryColor`, `SecondaryColor`) VALUES ('778039', '22', '2612', '8094', '0', '0');
INSERT INTO `war_world`.`creature_items` (`Entry`, `SlotId`, `ModelId`, `EffectId`, `PrimaryColor`, `SecondaryColor`) VALUES ('778039', '23', '4891', '0', '0', '0');
INSERT INTO `war_world`.`creature_items` (`Entry`, `SlotId`, `ModelId`, `EffectId`, `PrimaryColor`, `SecondaryColor`) VALUES ('778039', '24', '5029', '0', '0', '0');
INSERT INTO `war_world`.`creature_items` (`Entry`, `SlotId`, `ModelId`, `EffectId`, `PrimaryColor`, `SecondaryColor`) VALUES ('778039', '28', '2610', '0', '0', '0');
/* Reikwald -  Deleting Spawn-Points within Keep-Table NPC, Merchants, Siege to avoid duplicate Entrys */
DELETE FROM `war_world`.`keep_creatures` WHERE (`Y` = '960353') and (`X` = '1434498') and (`Z` = '16535');
DELETE FROM `war_world`.`keep_creatures` WHERE (`Y` = '960356') and (`X` = '1437728') and (`Z` = '16535');
DELETE FROM `war_world`.`keep_creatures` WHERE (`Y` = '960359') and (`X` = '1432806') and (`Z` = '16535');
DELETE FROM `war_world`.`keep_creatures` WHERE (`Y` = '960384') and (`X` = '1424661') and (`Z` = '16535');
DELETE FROM `war_world`.`keep_creatures` WHERE (`Y` = '960386') and (`X` = '1427887') and (`Z` = '16535');
DELETE FROM `war_world`.`keep_creatures` WHERE (`Y` = '960389') and (`X` = '1429573') and (`Z` = '16535');
DELETE FROM `war_world`.`keep_creatures` WHERE (`Y` = '960913') and (`X` = '1433706') and (`Z` = '15904');
DELETE FROM `war_world`.`keep_creatures` WHERE (`Y` = '960925') and (`X` = '1435823') and (`Z` = '15944');
DELETE FROM `war_world`.`keep_creatures` WHERE (`Y` = '960929') and (`X` = '1436408') and (`Z` = '15944');
DELETE FROM `war_world`.`keep_creatures` WHERE (`Y` = '960937') and (`X` = '1430871') and (`Z` = '15978');
DELETE FROM `war_world`.`keep_creatures` WHERE (`Y` = '960940') and (`X` = '1433910') and (`Z` = '15934');
DELETE FROM `war_world`.`keep_creatures` WHERE (`Y` = '960942') and (`X` = '1425975') and (`Z` = '15944');
DELETE FROM `war_world`.`keep_creatures` WHERE (`Y` = '960951') and (`X` = '1428874') and (`Z` = '15866');
DELETE FROM `war_world`.`keep_creatures` WHERE (`Y` = '960951') and (`X` = '1431500') and (`Z` = '15976');
DELETE FROM `war_world`.`keep_creatures` WHERE (`Y` = '960953') and (`X` = '1426551') and (`Z` = '15944');
DELETE FROM `war_world`.`keep_creatures` WHERE (`Y` = '961122') and (`X` = '1431084') and (`Z` = '15962');
DELETE FROM `war_world`.`keep_creatures` WHERE (`Y` = '961122') and (`X` = '1433797') and (`Z` = '15910');
DELETE FROM `war_world`.`keep_creatures` WHERE (`Y` = '961132') and (`X` = '1431306') and (`Z` = '15952');
DELETE FROM `war_world`.`keep_creatures` WHERE (`Y` = '961153') and (`X` = '1436001') and (`Z` = '15944');
DELETE FROM `war_world`.`keep_creatures` WHERE (`Y` = '961155') and (`X` = '1436226') and (`Z` = '15944');
DELETE FROM `war_world`.`keep_creatures` WHERE (`Y` = '961183') and (`X` = '1426170') and (`Z` = '15924');
DELETE FROM `war_world`.`keep_creatures` WHERE (`Y` = '961185') and (`X` = '1426381') and (`Z` = '15927');
DELETE FROM `war_world`.`keep_creatures` WHERE (`Y` = '961513') and (`X` = '1428556') and (`Z` = '15894');
DELETE FROM `war_world`.`keep_creatures` WHERE (`Y` = '961529') and (`X` = '1432833') and (`Z` = '16535');
DELETE FROM `war_world`.`keep_creatures` WHERE (`Y` = '961532') and (`X` = '1434488') and (`Z` = '16535');
DELETE FROM `war_world`.`keep_creatures` WHERE (`Y` = '961540') and (`X` = '1437742') and (`Z` = '16535');
DELETE FROM `war_world`.`keep_creatures` WHERE (`Y` = '961555') and (`X` = '1427891') and (`Z` = '16535');
DELETE FROM `war_world`.`keep_creatures` WHERE (`Y` = '961558') and (`X` = '1424662') and (`Z` = '16535');
DELETE FROM `war_world`.`keep_creatures` WHERE (`Y` = '961558') and (`X` = '1429590') and (`Z` = '16535');
DELETE FROM `war_world`.`keep_creatures` WHERE (`Y` = '961647') and (`X` = '1436112') and (`Z` = '16549');
DELETE FROM `war_world`.`keep_creatures` WHERE (`Y` = '961666') and (`X` = '1431201') and (`Z` = '16549');
DELETE FROM `war_world`.`keep_creatures` WHERE (`Y` = '961675') and (`X` = '1426275') and (`Z` = '16549');
DELETE FROM `war_world`.`keep_creatures` WHERE (`Y` = '961766') and (`X` = '1429410') and (`Z` = '15921');
DELETE FROM `war_world`.`keep_creatures` WHERE (`Y` = '961919') and (`X` = '1436110') and (`Z` = '15912');
DELETE FROM `war_world`.`keep_creatures` WHERE (`Y` = '961979') and (`X` = '1431338') and (`Z` = '15893');
DELETE FROM `war_world`.`keep_creatures` WHERE (`Y` = '961990') and (`X` = '1431126') and (`Z` = '15891');
DELETE FROM `war_world`.`keep_creatures` WHERE (`Y` = '962048') and (`X` = '1427769') and (`Z` = '15975');
DELETE FROM `war_world`.`keep_creatures` WHERE (`Y` = '962049') and (`X` = '1426426') and (`Z` = '15911');
DELETE FROM `war_world`.`keep_creatures` WHERE (`Y` = '962087') and (`X` = '1432211') and (`Z` = '15923');
DELETE FROM `war_world`.`keep_creatures` WHERE (`Y` = '962091') and (`X` = '1426107') and (`Z` = '15942');
DELETE FROM `war_world`.`keep_creatures` WHERE (`Y` = '962101') and (`X` = '1433506') and (`Z` = '15822');
DELETE FROM `war_world`.`keep_creatures` WHERE (`Y` = '962113') and (`X` = '1430584') and (`Z` = '15944');
DELETE FROM `war_world`.`keep_creatures` WHERE (`Y` = '962118') and (`X` = '1435947') and (`Z` = '15926');
DELETE FROM `war_world`.`keep_creatures` WHERE (`Y` = '962132') and (`X` = '1436293') and (`Z` = '15896');
DELETE FROM `war_world`.`keep_creatures` WHERE (`Y` = '962246') and (`X` = '1435052') and (`Z` = '16004');
DELETE FROM `war_world`.`keep_creatures` WHERE (`Y` = '962266') and (`X` = '1426750') and (`Z` = '15914');
DELETE FROM `war_world`.`keep_creatures` WHERE (`Y` = '962267') and (`X` = '1431378') and (`Z` = '15819');
DELETE FROM `war_world`.`keep_creatures` WHERE (`Y` = '962277') and (`X` = '1431118') and (`Z` = '15828');
DELETE FROM `war_world`.`keep_creatures` WHERE (`Y` = '962358') and (`X` = '1425873') and (`Z` = '15928');
DELETE FROM `war_world`.`keep_creatures` WHERE (`Y` = '962370') and (`X` = '1435657') and (`Z` = '15948');
DELETE FROM `war_world`.`keep_creatures` WHERE (`Y` = '962415') and (`X` = '1436717') and (`Z` = '15953');
DELETE FROM `war_world`.`keep_creatures` WHERE (`Y` = '962418') and (`X` = '1436081') and (`Z` = '15940');
DELETE FROM `war_world`.`keep_creatures` WHERE (`Y` = '962473') and (`X` = '1426518') and (`Z` = '15898');
DELETE FROM `war_world`.`keep_creatures` WHERE (`Y` = '962499') and (`X` = '1429699') and (`Z` = '15744');
DELETE FROM `war_world`.`keep_creatures` WHERE (`Y` = '962501') and (`X` = '1426220') and (`Z` = '15872');
DELETE FROM `war_world`.`keep_creatures` WHERE (`Y` = '962509') and (`X` = '1430922') and (`Z` = '15787');
DELETE FROM `war_world`.`keep_creatures` WHERE (`Y` = '962555') and (`X` = '1431541') and (`Z` = '15774');
DELETE FROM `war_world`.`keep_creatures` WHERE (`Y` = '962623') and (`X` = '1435794') and (`Z` = '15922');
DELETE FROM `war_world`.`keep_creatures` WHERE (`Y` = '962688') and (`X` = '1433264') and (`Z` = '15836');
DELETE FROM `war_world`.`keep_creatures` WHERE (`Y` = '962776') and (`X` = '1431105') and (`Z` = '15692');
DELETE FROM `war_world`.`keep_creatures` WHERE (`Y` = '962797') and (`X` = '1431389') and (`Z` = '15692');
DELETE FROM `war_world`.`keep_creatures` WHERE (`Y` = '962917') and (`X` = '1427229') and (`Z` = '15891');
DELETE FROM `war_world`.`keep_creatures` WHERE (`Y` = '962999') and (`X` = '1426164') and (`Z` = '15985');
DELETE FROM `war_world`.`keep_creatures` WHERE (`Y` = '963081') and (`X` = '1434519') and (`Z` = '16089');
DELETE FROM `war_world`.`keep_creatures` WHERE (`Y` = '963116') and (`X` = '1432702') and (`Z` = '15783');
DELETE FROM `war_world`.`keep_creatures` WHERE (`Y` = '963218') and (`X` = '1427607') and (`Z` = '16016');
DELETE FROM `war_world`.`keep_creatures` WHERE (`Y` = '963225') and (`X` = '1431849') and (`Z` = '15669');
DELETE FROM `war_world`.`keep_creatures` WHERE (`Y` = '963370') and (`X` = '1434816') and (`Z` = '16045');
DELETE FROM `war_world`.`keep_creatures` WHERE (`Y` = '963560') and (`X` = '1430539') and (`Z` = '15664');
DELETE FROM `war_world`.`keep_creatures` WHERE (`Y` = '963783') and (`X` = '1434195') and (`Z` = '16044');
DELETE FROM `war_world`.`keep_creatures` WHERE (`Y` = '963807') and (`X` = '1429235') and (`Z` = '15809');
DELETE FROM `war_world`.`keep_creatures` WHERE (`Y` = '963935') and (`X` = '1430587') and (`Z` = '15664');
DELETE FROM `war_world`.`keep_creatures` WHERE (`Y` = '963940') and (`X` = '1428076') and (`Z` = '15922');
DELETE FROM `war_world`.`keep_creatures` WHERE (`Y` = '963994') and (`X` = '1431877') and (`Z` = '15664');
DELETE FROM `war_world`.`keep_creatures` WHERE (`Y` = '964092') and (`X` = '1428427') and (`Z` = '15847');
DELETE FROM `war_world`.`keep_creatures` WHERE (`Y` = '964258') and (`X` = '1428160') and (`Z` = '15871');
DELETE FROM `war_world`.`keep_creatures` WHERE (`Y` = '964615') and (`X` = '1434302') and (`Z` = '16055');
DELETE FROM `war_world`.`keep_creatures` WHERE (`Y` = '964639') and (`X` = '1429854') and (`Z` = '15691');
DELETE FROM `war_world`.`keep_creatures` WHERE (`Y` = '964788') and (`X` = '1434201') and (`Z` = '16041');
DELETE FROM `war_world`.`keep_creatures` WHERE (`Y` = '964819') and (`X` = '1434355') and (`Z` = '16046');
DELETE FROM `war_world`.`keep_creatures` WHERE (`Y` = '965015') and (`X` = '1430971') and (`Z` = '15817');
DELETE FROM `war_world`.`keep_creatures` WHERE (`Y` = '965043') and (`X` = '1431230') and (`Z` = '15809');
DELETE FROM `war_world`.`keep_creatures` WHERE (`Y` = '965210') and (`X` = '1430718') and (`Z` = '15867');
DELETE FROM `war_world`.`keep_creatures` WHERE (`Y` = '965243') and (`X` = '1431524') and (`Z` = '15878');
DELETE FROM `war_world`.`keep_creatures` WHERE (`Y` = '965249') and (`X` = '1433717') and (`Z` = '15955');
DELETE FROM `war_world`.`keep_creatures` WHERE (`Y` = '965265') and (`X` = '1432459') and (`Z` = '15882');
DELETE FROM `war_world`.`keep_creatures` WHERE (`Y` = '965502') and (`X` = '1431277') and (`Z` = '15904');
DELETE FROM `war_world`.`keep_creatures` WHERE (`Y` = '965508') and (`X` = '1431016') and (`Z` = '15904');
DELETE FROM `war_world`.`keep_creatures` WHERE (`Y` = '965592') and (`X` = '1429444') and (`Z` = '15811');
DELETE FROM `war_world`.`keep_creatures` WHERE (`Y` = '965738') and (`X` = '1428572') and (`Z` = '15881');
DELETE FROM `war_world`.`keep_creatures` WHERE (`Y` = '965791') and (`X` = '1430414') and (`Z` = '16161');
DELETE FROM `war_world`.`keep_creatures` WHERE (`Y` = '965949') and (`X` = '1430409') and (`Z` = '16161');
DELETE FROM `war_world`.`keep_creatures` WHERE (`Y` = '965958') and (`X` = '1431867') and (`Z` = '15945');
DELETE FROM `war_world`.`keep_creatures` WHERE (`Y` = '966299') and (`X` = '1433653') and (`Z` = '15908');
DELETE FROM `war_world`.`keep_creatures` WHERE (`Y` = '966311') and (`X` = '1430451') and (`Z` = '15945');
DELETE FROM `war_world`.`keep_creatures` WHERE (`Y` = '966372') and (`X` = '1433320') and (`Z` = '15912');
DELETE FROM `war_world`.`keep_creatures` WHERE (`Y` = '966559') and (`X` = '1431271') and (`Z` = '17478');
DELETE FROM `war_world`.`keep_creatures` WHERE (`Y` = '966560') and (`X` = '1431030') and (`Z` = '17478');
DELETE FROM `war_world`.`keep_creatures` WHERE (`Y` = '966584') and (`X` = '1430286') and (`Z` = '16161');
DELETE FROM `war_world`.`keep_creatures` WHERE (`Y` = '966623') and (`X` = '1430998') and (`Z` = '16983');
DELETE FROM `war_world`.`keep_creatures` WHERE (`Y` = '966623') and (`X` = '1431317') and (`Z` = '16983');
DELETE FROM `war_world`.`keep_creatures` WHERE (`Y` = '966679') and (`X` = '1431322') and (`Z` = '16488');
DELETE FROM `war_world`.`keep_creatures` WHERE (`Y` = '966681') and (`X` = '1430970') and (`Z` = '16488');
DELETE FROM `war_world`.`keep_creatures` WHERE (`Y` = '966707') and (`X` = '1430866') and (`Z` = '17478');
DELETE FROM `war_world`.`keep_creatures` WHERE (`Y` = '966795') and (`X` = '1431822') and (`Z` = '15945');
DELETE FROM `war_world`.`keep_creatures` WHERE (`Y` = '966821') and (`X` = '1429092') and (`Z` = '15894');
DELETE FROM `war_world`.`keep_creatures` WHERE (`Y` = '966823') and (`X` = '1431156') and (`Z` = '16983');
DELETE FROM `war_world`.`keep_creatures` WHERE (`Y` = '966832') and (`X` = '1435172') and (`Z` = '16344');
DELETE FROM `war_world`.`keep_creatures` WHERE (`Y` = '966908') and (`X` = '1430457') and (`Z` = '15945');
DELETE FROM `war_world`.`keep_creatures` WHERE (`Y` = '966969') and (`X` = '1430867') and (`Z` = '17478');
DELETE FROM `war_world`.`keep_creatures` WHERE (`Y` = '966996') and (`X` = '1431348') and (`Z` = '16983');
DELETE FROM `war_world`.`keep_creatures` WHERE (`Y` = '967006') and (`X` = '1430969') and (`Z` = '16983');
DELETE FROM `war_world`.`keep_creatures` WHERE (`Y` = '967012') and (`X` = '1430982') and (`Z` = '16488');
DELETE FROM `war_world`.`keep_creatures` WHERE (`Y` = '967013') and (`X` = '1431323') and (`Z` = '16488');
DELETE FROM `war_world`.`keep_creatures` WHERE (`Y` = '967151') and (`X` = '1430781') and (`Z` = '17228');
DELETE FROM `war_world`.`keep_creatures` WHERE (`Y` = '967174') and (`X` = '1430253') and (`Z` = '16161');
DELETE FROM `war_world`.`keep_creatures` WHERE (`Y` = '967207') and (`X` = '1431644') and (`Z` = '16728');
DELETE FROM `war_world`.`keep_creatures` WHERE (`Y` = '967210') and (`X` = '1433587') and (`Z` = '15926');
DELETE FROM `war_world`.`keep_creatures` WHERE (`Y` = '967369') and (`X` = '1430627') and (`Z` = '15945');
DELETE FROM `war_world`.`keep_creatures` WHERE (`Y` = '967372') and (`X` = '1431715') and (`Z` = '15945');
DELETE FROM `war_world`.`keep_creatures` WHERE (`Y` = '967378') and (`X` = '1431661') and (`Z` = '16728');
DELETE FROM `war_world`.`keep_creatures` WHERE (`Y` = '967469') and (`X` = '1430736') and (`Z` = '15945');
DELETE FROM `war_world`.`keep_creatures` WHERE (`Y` = '967484') and (`X` = '1431601') and (`Z` = '15945');
DELETE FROM `war_world`.`keep_creatures` WHERE (`Y` = '967682') and (`X` = '1428479') and (`Z` = '16023');
DELETE FROM `war_world`.`keep_creatures` WHERE (`Y` = '967723') and (`X` = '1428678') and (`Z` = '16013');
DELETE FROM `war_world`.`keep_creatures` WHERE (`Y` = '967731') and (`X` = '1432473') and (`Z` = '16194');
DELETE FROM `war_world`.`keep_creatures` WHERE (`Y` = '967806') and (`X` = '1429957') and (`Z` = '16194');
DELETE FROM `war_world`.`keep_creatures` WHERE (`Y` = '967935') and (`X` = '1428356') and (`Z` = '16000');
DELETE FROM `war_world`.`keep_creatures` WHERE (`Y` = '967964') and (`X` = '1429955') and (`Z` = '16194');
DELETE FROM `war_world`.`keep_creatures` WHERE (`Y` = '968127') and (`X` = '1430506') and (`Z` = '16445');
DELETE FROM `war_world`.`keep_creatures` WHERE (`Y` = '968210') and (`X` = '1427940') and (`Z` = '16024');
DELETE FROM `war_world`.`keep_creatures` WHERE (`Y` = '968221') and (`X` = '1428958') and (`Z` = '15916');
DELETE FROM `war_world`.`keep_creatures` WHERE (`Y` = '968377') and (`X` = '1429018') and (`Z` = '15908');
DELETE FROM `war_world`.`keep_creatures` WHERE (`Y` = '968414') and (`X` = '1428819') and (`Z` = '15935');
DELETE FROM `war_world`.`keep_creatures` WHERE (`Y` = '968499') and (`X` = '1428161') and (`Z` = '16023');
DELETE FROM `war_world`.`keep_creatures` WHERE (`Y` = '968646') and (`X` = '1431942') and (`Z` = '15911');
DELETE FROM `war_world`.`keep_creatures` WHERE (`Y` = '968686') and (`X` = '1431451') and (`Z` = '15898');
DELETE FROM `war_world`.`keep_creatures` WHERE (`Y` = '968781') and (`X` = '1428415') and (`Z` = '16024');
DELETE FROM `war_world`.`keep_creatures` WHERE (`Y` = '968801') and (`X` = '1433166') and (`Z` = '15981');
DELETE FROM `war_world`.`keep_creatures` WHERE (`Y` = '968820') and (`X` = '1428824') and (`Z` = '16011');
DELETE FROM `war_world`.`keep_creatures` WHERE (`Y` = '969036') and (`X` = '1429641') and (`Z` = '15912');
DELETE FROM `war_world`.`keep_creatures` WHERE (`Y` = '969744') and (`X` = '1429834') and (`Z` = '16140');
DELETE FROM `war_world`.`keep_creatures` WHERE (`Y` = '969891') and (`X` = '1432553') and (`Z` = '16160');
DELETE FROM `war_world`.`keep_creatures` WHERE (`Y` = '970140') and (`X` = '1431241') and (`Z` = '15883');
DELETE FROM `war_world`.`keep_creatures` WHERE (`Y` = '970173') and (`X` = '1431522') and (`Z` = '15891');
DELETE FROM `war_world`.`keep_creatures` WHERE (`Y` = '970640') and (`X` = '1431252') and (`Z` = '15946');
DELETE FROM `war_world`.`keep_creatures` WHERE (`Y` = '970643') and (`X` = '1431556') and (`Z` = '15954');
DELETE FROM `war_world`.`keep_creatures` WHERE (`Y` = '971033') and (`X` = '1431566') and (`Z` = '16032');
DELETE FROM `war_world`.`keep_creatures` WHERE (`Y` = '971052') and (`X` = '1431228') and (`Z` = '16027');
/* Reikwald - Setting Spawn-Points within Keep-Table NPC, Merchants, Siege */
INSERT INTO `war_world`.`keep_creatures` (`KeepId`, `ZoneId`, `OrderId`, `DestroId`, `X`, `Y`, `Z`, `O`, `KeepLord`, `IsPatrol`, `WaypointGUID`) VALUES ('100', '110', '13427', '0', '1434498', '960353', '16535', '2976', '0', '0', '0');
INSERT INTO `war_world`.`keep_creatures` (`KeepId`, `ZoneId`, `OrderId`, `DestroId`, `X`, `Y`, `Z`, `O`, `KeepLord`, `IsPatrol`, `WaypointGUID`) VALUES ('100', '110', '13427', '0', '1437728', '960356', '16535', '896', '0', '0', '0');
INSERT INTO `war_world`.`keep_creatures` (`KeepId`, `ZoneId`, `OrderId`, `DestroId`, `X`, `Y`, `Z`, `O`, `KeepLord`, `IsPatrol`, `WaypointGUID`) VALUES ('100', '110', '13427', '0', '1432806', '960359', '16535', '826', '0', '0', '0');
INSERT INTO `war_world`.`keep_creatures` (`KeepId`, `ZoneId`, `OrderId`, `DestroId`, `X`, `Y`, `Z`, `O`, `KeepLord`, `IsPatrol`, `WaypointGUID`) VALUES ('100', '110', '13427', '0', '1424661', '960384', '16535', '2988', '0', '0', '0');
INSERT INTO `war_world`.`keep_creatures` (`KeepId`, `ZoneId`, `OrderId`, `DestroId`, `X`, `Y`, `Z`, `O`, `KeepLord`, `IsPatrol`, `WaypointGUID`) VALUES ('100', '110', '13427', '0', '1427887', '960386', '16535', '908', '0', '0', '0');
INSERT INTO `war_world`.`keep_creatures` (`KeepId`, `ZoneId`, `OrderId`, `DestroId`, `X`, `Y`, `Z`, `O`, `KeepLord`, `IsPatrol`, `WaypointGUID`) VALUES ('100', '110', '13427', '0', '1429573', '960389', '16535', '2886', '0', '0', '0');
INSERT INTO `war_world`.`keep_creatures` (`KeepId`, `ZoneId`, `OrderId`, `DestroId`, `X`, `Y`, `Z`, `O`, `KeepLord`, `IsPatrol`, `WaypointGUID`) VALUES ('100', '110', '10019755', '0', '1433706', '960913', '15904', '3544', '0', '0', '0');
INSERT INTO `war_world`.`keep_creatures` (`KeepId`, `ZoneId`, `OrderId`, `DestroId`, `X`, `Y`, `Z`, `O`, `KeepLord`, `IsPatrol`, `WaypointGUID`) VALUES ('100', '110', '10042260', '0', '1435823', '960925', '15944', '2000', '0', '0', '0');
INSERT INTO `war_world`.`keep_creatures` (`KeepId`, `ZoneId`, `OrderId`, `DestroId`, `X`, `Y`, `Z`, `O`, `KeepLord`, `IsPatrol`, `WaypointGUID`) VALUES ('100', '110', '10042260', '0', '1436408', '960929', '15944', '2000', '0', '0', '0');
INSERT INTO `war_world`.`keep_creatures` (`KeepId`, `ZoneId`, `OrderId`, `DestroId`, `X`, `Y`, `Z`, `O`, `KeepLord`, `IsPatrol`, `WaypointGUID`) VALUES ('100', '110', '10042260', '0', '1430871', '960937', '15978', '2000', '0', '0', '0');
INSERT INTO `war_world`.`keep_creatures` (`KeepId`, `ZoneId`, `OrderId`, `DestroId`, `X`, `Y`, `Z`, `O`, `KeepLord`, `IsPatrol`, `WaypointGUID`) VALUES ('100', '110', '10019755', '0', '1433910', '960940', '15934', '280', '0', '0', '0');
INSERT INTO `war_world`.`keep_creatures` (`KeepId`, `ZoneId`, `OrderId`, `DestroId`, `X`, `Y`, `Z`, `O`, `KeepLord`, `IsPatrol`, `WaypointGUID`) VALUES ('100', '110', '10042260', '0', '1425975', '960942', '15944', '1882', '0', '0', '0');
INSERT INTO `war_world`.`keep_creatures` (`KeepId`, `ZoneId`, `OrderId`, `DestroId`, `X`, `Y`, `Z`, `O`, `KeepLord`, `IsPatrol`, `WaypointGUID`) VALUES ('100', '110', '10019759', '0', '1428874', '960951', '15866', '399', '0', '0', '0');
INSERT INTO `war_world`.`keep_creatures` (`KeepId`, `ZoneId`, `OrderId`, `DestroId`, `X`, `Y`, `Z`, `O`, `KeepLord`, `IsPatrol`, `WaypointGUID`) VALUES ('100', '110', '10042260', '0', '1431500', '960951', '15976', '2000', '0', '0', '0');
INSERT INTO `war_world`.`keep_creatures` (`KeepId`, `ZoneId`, `OrderId`, `DestroId`, `X`, `Y`, `Z`, `O`, `KeepLord`, `IsPatrol`, `WaypointGUID`) VALUES ('100', '110', '10042260', '0', '1426551', '960953', '15944', '2130', '0', '0', '0');
INSERT INTO `war_world`.`keep_creatures` (`KeepId`, `ZoneId`, `OrderId`, `DestroId`, `X`, `Y`, `Z`, `O`, `KeepLord`, `IsPatrol`, `WaypointGUID`) VALUES ('100', '110', '10042261', '0', '1431084', '961122', '15962', '2000', '0', '0', '0');
INSERT INTO `war_world`.`keep_creatures` (`KeepId`, `ZoneId`, `OrderId`, `DestroId`, `X`, `Y`, `Z`, `O`, `KeepLord`, `IsPatrol`, `WaypointGUID`) VALUES ('100', '110', '10019757', '0', '1433797', '961122', '15910', '2026', '0', '0', '0');
INSERT INTO `war_world`.`keep_creatures` (`KeepId`, `ZoneId`, `OrderId`, `DestroId`, `X`, `Y`, `Z`, `O`, `KeepLord`, `IsPatrol`, `WaypointGUID`) VALUES ('100', '110', '10042261', '0', '1431306', '961132', '15952', '2000', '0', '0', '0');
INSERT INTO `war_world`.`keep_creatures` (`KeepId`, `ZoneId`, `OrderId`, `DestroId`, `X`, `Y`, `Z`, `O`, `KeepLord`, `IsPatrol`, `WaypointGUID`) VALUES ('100', '110', '10042261', '0', '1436001', '961153', '15944', '2000', '0', '0', '0');
INSERT INTO `war_world`.`keep_creatures` (`KeepId`, `ZoneId`, `OrderId`, `DestroId`, `X`, `Y`, `Z`, `O`, `KeepLord`, `IsPatrol`, `WaypointGUID`) VALUES ('100', '110', '10042261', '0', '1436226', '961155', '15944', '2000', '0', '0', '0');
INSERT INTO `war_world`.`keep_creatures` (`KeepId`, `ZoneId`, `OrderId`, `DestroId`, `X`, `Y`, `Z`, `O`, `KeepLord`, `IsPatrol`, `WaypointGUID`) VALUES ('100', '110', '10042261', '0', '1426170', '961183', '15924', '2154', '0', '0', '0');
INSERT INTO `war_world`.`keep_creatures` (`KeepId`, `ZoneId`, `OrderId`, `DestroId`, `X`, `Y`, `Z`, `O`, `KeepLord`, `IsPatrol`, `WaypointGUID`) VALUES ('100', '110', '10042261', '0', '1426381', '961185', '15927', '1998', '0', '0', '0');
INSERT INTO `war_world`.`keep_creatures` (`KeepId`, `ZoneId`, `OrderId`, `DestroId`, `X`, `Y`, `Z`, `O`, `KeepLord`, `IsPatrol`, `WaypointGUID`) VALUES ('100', '110', '10042260', '0', '1428556', '961513', '15894', '442', '0', '0', '0');
INSERT INTO `war_world`.`keep_creatures` (`KeepId`, `ZoneId`, `OrderId`, `DestroId`, `X`, `Y`, `Z`, `O`, `KeepLord`, `IsPatrol`, `WaypointGUID`) VALUES ('100', '110', '13428', '0', '1432833', '961529', '16535', '1358', '0', '0', '0');
INSERT INTO `war_world`.`keep_creatures` (`KeepId`, `ZoneId`, `OrderId`, `DestroId`, `X`, `Y`, `Z`, `O`, `KeepLord`, `IsPatrol`, `WaypointGUID`) VALUES ('100', '110', '13428', '0', '1434488', '961532', '16535', '2654', '0', '0', '0');
INSERT INTO `war_world`.`keep_creatures` (`KeepId`, `ZoneId`, `OrderId`, `DestroId`, `X`, `Y`, `Z`, `O`, `KeepLord`, `IsPatrol`, `WaypointGUID`) VALUES ('100', '110', '13428', '0', '1437742', '961540', '16535', '1396', '0', '0', '0');
INSERT INTO `war_world`.`keep_creatures` (`KeepId`, `ZoneId`, `OrderId`, `DestroId`, `X`, `Y`, `Z`, `O`, `KeepLord`, `IsPatrol`, `WaypointGUID`) VALUES ('100', '110', '13428', '0', '1427891', '961555', '16535', '1384', '0', '0', '0');
INSERT INTO `war_world`.`keep_creatures` (`KeepId`, `ZoneId`, `OrderId`, `DestroId`, `X`, `Y`, `Z`, `O`, `KeepLord`, `IsPatrol`, `WaypointGUID`) VALUES ('100', '110', '13428', '0', '1424662', '961558', '16535', '2560', '0', '0', '0');
INSERT INTO `war_world`.`keep_creatures` (`KeepId`, `ZoneId`, `OrderId`, `DestroId`, `X`, `Y`, `Z`, `O`, `KeepLord`, `IsPatrol`, `WaypointGUID`) VALUES ('100', '110', '13428', '0', '1429590', '961558', '16535', '2550', '0', '0', '0');
INSERT INTO `war_world`.`keep_creatures` (`KeepId`, `ZoneId`, `OrderId`, `DestroId`, `X`, `Y`, `Z`, `O`, `KeepLord`, `IsPatrol`, `WaypointGUID`) VALUES ('100', '110', '1000140', '0', '1436112', '961647', '16549', '1992', '0', '0', '0');
INSERT INTO `war_world`.`keep_creatures` (`KeepId`, `ZoneId`, `OrderId`, `DestroId`, `X`, `Y`, `Z`, `O`, `KeepLord`, `IsPatrol`, `WaypointGUID`) VALUES ('100', '110', '1000140', '0', '1431201', '961666', '16549', '1983', '0', '0', '0');
INSERT INTO `war_world`.`keep_creatures` (`KeepId`, `ZoneId`, `OrderId`, `DestroId`, `X`, `Y`, `Z`, `O`, `KeepLord`, `IsPatrol`, `WaypointGUID`) VALUES ('100', '110', '1000140', '0', '1426275', '961675', '16549', '1950', '0', '0', '0');
INSERT INTO `war_world`.`keep_creatures` (`KeepId`, `ZoneId`, `OrderId`, `DestroId`, `X`, `Y`, `Z`, `O`, `KeepLord`, `IsPatrol`, `WaypointGUID`) VALUES ('100', '110', '10042261', '0', '1429410', '961766', '15921', '3830', '0', '0', '0');
INSERT INTO `war_world`.`keep_creatures` (`KeepId`, `ZoneId`, `OrderId`, `DestroId`, `X`, `Y`, `Z`, `O`, `KeepLord`, `IsPatrol`, `WaypointGUID`) VALUES ('100', '110', '10042260', '0', '1436110', '961919', '15912', '2012', '0', '0', '0');
INSERT INTO `war_world`.`keep_creatures` (`KeepId`, `ZoneId`, `OrderId`, `DestroId`, `X`, `Y`, `Z`, `O`, `KeepLord`, `IsPatrol`, `WaypointGUID`) VALUES ('100', '110', '10042260', '0', '1431338', '961979', '15893', '1970', '0', '0', '0');
INSERT INTO `war_world`.`keep_creatures` (`KeepId`, `ZoneId`, `OrderId`, `DestroId`, `X`, `Y`, `Z`, `O`, `KeepLord`, `IsPatrol`, `WaypointGUID`) VALUES ('100', '110', '10042260', '0', '1431126', '961990', '15891', '2024', '0', '0', '0');
INSERT INTO `war_world`.`keep_creatures` (`KeepId`, `ZoneId`, `OrderId`, `DestroId`, `X`, `Y`, `Z`, `O`, `KeepLord`, `IsPatrol`, `WaypointGUID`) VALUES ('100', '110', '10042261', '0', '1427769', '962048', '15975', '3912', '0', '0', '0');
INSERT INTO `war_world`.`keep_creatures` (`KeepId`, `ZoneId`, `OrderId`, `DestroId`, `X`, `Y`, `Z`, `O`, `KeepLord`, `IsPatrol`, `WaypointGUID`) VALUES ('100', '110', '10042260', '0', '1426426', '962049', '15911', '2058', '0', '0', '0');
INSERT INTO `war_world`.`keep_creatures` (`KeepId`, `ZoneId`, `OrderId`, `DestroId`, `X`, `Y`, `Z`, `O`, `KeepLord`, `IsPatrol`, `WaypointGUID`) VALUES ('100', '110', '10019759', '0', '1432211', '962087', '15923', '4054', '0', '0', '0');
INSERT INTO `war_world`.`keep_creatures` (`KeepId`, `ZoneId`, `OrderId`, `DestroId`, `X`, `Y`, `Z`, `O`, `KeepLord`, `IsPatrol`, `WaypointGUID`) VALUES ('100', '110', '10042260', '0', '1426107', '962091', '15942', '2058', '0', '0', '0');
INSERT INTO `war_world`.`keep_creatures` (`KeepId`, `ZoneId`, `OrderId`, `DestroId`, `X`, `Y`, `Z`, `O`, `KeepLord`, `IsPatrol`, `WaypointGUID`) VALUES ('100', '110', '10042261', '0', '1433506', '962101', '15822', '290', '0', '0', '0');
INSERT INTO `war_world`.`keep_creatures` (`KeepId`, `ZoneId`, `OrderId`, `DestroId`, `X`, `Y`, `Z`, `O`, `KeepLord`, `IsPatrol`, `WaypointGUID`) VALUES ('100', '110', '10019759', '0', '1430584', '962113', '15944', '0', '0', '0', '0');
INSERT INTO `war_world`.`keep_creatures` (`KeepId`, `ZoneId`, `OrderId`, `DestroId`, `X`, `Y`, `Z`, `O`, `KeepLord`, `IsPatrol`, `WaypointGUID`) VALUES ('100', '110', '10019759', '0', '1435947', '962118', '15926', '2272', '0', '0', '0');
INSERT INTO `war_world`.`keep_creatures` (`KeepId`, `ZoneId`, `OrderId`, `DestroId`, `X`, `Y`, `Z`, `O`, `KeepLord`, `IsPatrol`, `WaypointGUID`) VALUES ('100', '110', '10019757', '0', '1436293', '962132', '15896', '1130', '0', '0', '0');
INSERT INTO `war_world`.`keep_creatures` (`KeepId`, `ZoneId`, `OrderId`, `DestroId`, `X`, `Y`, `Z`, `O`, `KeepLord`, `IsPatrol`, `WaypointGUID`) VALUES ('100', '110', '10019759', '0', '1435052', '962246', '16004', '1182', '0', '0', '0');
INSERT INTO `war_world`.`keep_creatures` (`KeepId`, `ZoneId`, `OrderId`, `DestroId`, `X`, `Y`, `Z`, `O`, `KeepLord`, `IsPatrol`, `WaypointGUID`) VALUES ('100', '110', '10042261', '0', '1426750', '962266', '15914', '1408', '0', '0', '0');
INSERT INTO `war_world`.`keep_creatures` (`KeepId`, `ZoneId`, `OrderId`, `DestroId`, `X`, `Y`, `Z`, `O`, `KeepLord`, `IsPatrol`, `WaypointGUID`) VALUES ('100', '110', '10042261', '0', '1431378', '962267', '15819', '2024', '0', '0', '0');
INSERT INTO `war_world`.`keep_creatures` (`KeepId`, `ZoneId`, `OrderId`, `DestroId`, `X`, `Y`, `Z`, `O`, `KeepLord`, `IsPatrol`, `WaypointGUID`) VALUES ('100', '110', '10042261', '0', '1431118', '962277', '15828', '2024', '0', '0', '0');
INSERT INTO `war_world`.`keep_creatures` (`KeepId`, `ZoneId`, `OrderId`, `DestroId`, `X`, `Y`, `Z`, `O`, `KeepLord`, `IsPatrol`, `WaypointGUID`) VALUES ('100', '110', '10042261', '0', '1425873', '962358', '15928', '2058', '0', '0', '0');
INSERT INTO `war_world`.`keep_creatures` (`KeepId`, `ZoneId`, `OrderId`, `DestroId`, `X`, `Y`, `Z`, `O`, `KeepLord`, `IsPatrol`, `WaypointGUID`) VALUES ('100', '110', '10019757', '0', '1435657', '962370', '15948', '2508', '0', '0', '0');
INSERT INTO `war_world`.`keep_creatures` (`KeepId`, `ZoneId`, `OrderId`, `DestroId`, `X`, `Y`, `Z`, `O`, `KeepLord`, `IsPatrol`, `WaypointGUID`) VALUES ('100', '110', '10019757', '0', '1436717', '962415', '15953', '1130', '0', '0', '0');
INSERT INTO `war_world`.`keep_creatures` (`KeepId`, `ZoneId`, `OrderId`, `DestroId`, `X`, `Y`, `Z`, `O`, `KeepLord`, `IsPatrol`, `WaypointGUID`) VALUES ('100', '110', '10042260', '0', '1436081', '962418', '15940', '2068', '0', '0', '0');
INSERT INTO `war_world`.`keep_creatures` (`KeepId`, `ZoneId`, `OrderId`, `DestroId`, `X`, `Y`, `Z`, `O`, `KeepLord`, `IsPatrol`, `WaypointGUID`) VALUES ('100', '110', '10042261', '0', '1426518', '962473', '15898', '1766', '0', '0', '0');
INSERT INTO `war_world`.`keep_creatures` (`KeepId`, `ZoneId`, `OrderId`, `DestroId`, `X`, `Y`, `Z`, `O`, `KeepLord`, `IsPatrol`, `WaypointGUID`) VALUES ('100', '110', '10019759', '0', '1429699', '962499', '15744', '3584', '0', '0', '0');
INSERT INTO `war_world`.`keep_creatures` (`KeepId`, `ZoneId`, `OrderId`, `DestroId`, `X`, `Y`, `Z`, `O`, `KeepLord`, `IsPatrol`, `WaypointGUID`) VALUES ('100', '110', '10042261', '0', '1426220', '962501', '15872', '2120', '0', '0', '0');
INSERT INTO `war_world`.`keep_creatures` (`KeepId`, `ZoneId`, `OrderId`, `DestroId`, `X`, `Y`, `Z`, `O`, `KeepLord`, `IsPatrol`, `WaypointGUID`) VALUES ('100', '110', '10019759', '0', '1430922', '962509', '15787', '2846', '0', '0', '0');
INSERT INTO `war_world`.`keep_creatures` (`KeepId`, `ZoneId`, `OrderId`, `DestroId`, `X`, `Y`, `Z`, `O`, `KeepLord`, `IsPatrol`, `WaypointGUID`) VALUES ('100', '110', '10019759', '0', '1431541', '962555', '15774', '664', '0', '0', '0');
INSERT INTO `war_world`.`keep_creatures` (`KeepId`, `ZoneId`, `OrderId`, `DestroId`, `X`, `Y`, `Z`, `O`, `KeepLord`, `IsPatrol`, `WaypointGUID`) VALUES ('100', '110', '10019757', '0', '1435794', '962623', '15922', '2350', '0', '0', '0');
INSERT INTO `war_world`.`keep_creatures` (`KeepId`, `ZoneId`, `OrderId`, `DestroId`, `X`, `Y`, `Z`, `O`, `KeepLord`, `IsPatrol`, `WaypointGUID`) VALUES ('100', '110', '10042261', '0', '1433264', '962688', '15836', '1433', '0', '0', '0');
INSERT INTO `war_world`.`keep_creatures` (`KeepId`, `ZoneId`, `OrderId`, `DestroId`, `X`, `Y`, `Z`, `O`, `KeepLord`, `IsPatrol`, `WaypointGUID`) VALUES ('100', '110', '10019759', '0', '1431105', '962776', '15692', '3358', '0', '0', '0');
INSERT INTO `war_world`.`keep_creatures` (`KeepId`, `ZoneId`, `OrderId`, `DestroId`, `X`, `Y`, `Z`, `O`, `KeepLord`, `IsPatrol`, `WaypointGUID`) VALUES ('100', '110', '10019759', '0', '1431389', '962797', '15692', '664', '0', '0', '0');
INSERT INTO `war_world`.`keep_creatures` (`KeepId`, `ZoneId`, `OrderId`, `DestroId`, `X`, `Y`, `Z`, `O`, `KeepLord`, `IsPatrol`, `WaypointGUID`) VALUES ('100', '110', '10019759', '0', '1427229', '962917', '15891', '1485', '0', '0', '0');
INSERT INTO `war_world`.`keep_creatures` (`KeepId`, `ZoneId`, `OrderId`, `DestroId`, `X`, `Y`, `Z`, `O`, `KeepLord`, `IsPatrol`, `WaypointGUID`) VALUES ('100', '110', '10019759', '0', '1426164', '962999', '15985', '2112', '0', '0', '0');
INSERT INTO `war_world`.`keep_creatures` (`KeepId`, `ZoneId`, `OrderId`, `DestroId`, `X`, `Y`, `Z`, `O`, `KeepLord`, `IsPatrol`, `WaypointGUID`) VALUES ('100', '110', '10019759', '0', '1434519', '963081', '16089', '2644', '0', '0', '0');
INSERT INTO `war_world`.`keep_creatures` (`KeepId`, `ZoneId`, `OrderId`, `DestroId`, `X`, `Y`, `Z`, `O`, `KeepLord`, `IsPatrol`, `WaypointGUID`) VALUES ('100', '110', '10019755', '0', '1432702', '963116', '15783', '354', '0', '0', '0');
INSERT INTO `war_world`.`keep_creatures` (`KeepId`, `ZoneId`, `OrderId`, `DestroId`, `X`, `Y`, `Z`, `O`, `KeepLord`, `IsPatrol`, `WaypointGUID`) VALUES ('100', '110', '10042261', '0', '1427607', '963218', '16016', '3872', '0', '0', '0');
INSERT INTO `war_world`.`keep_creatures` (`KeepId`, `ZoneId`, `OrderId`, `DestroId`, `X`, `Y`, `Z`, `O`, `KeepLord`, `IsPatrol`, `WaypointGUID`) VALUES ('100', '110', '10042260', '0', '1431849', '963225', '15669', '881', '0', '0', '0');
INSERT INTO `war_world`.`keep_creatures` (`KeepId`, `ZoneId`, `OrderId`, `DestroId`, `X`, `Y`, `Z`, `O`, `KeepLord`, `IsPatrol`, `WaypointGUID`) VALUES ('100', '110', '10019759', '0', '1434816', '963370', '16045', '3930', '0', '0', '0');
INSERT INTO `war_world`.`keep_creatures` (`KeepId`, `ZoneId`, `OrderId`, `DestroId`, `X`, `Y`, `Z`, `O`, `KeepLord`, `IsPatrol`, `WaypointGUID`) VALUES ('100', '110', '10019755', '0', '1430539', '963560', '15664', '2862', '0', '0', '0');
INSERT INTO `war_world`.`keep_creatures` (`KeepId`, `ZoneId`, `OrderId`, `DestroId`, `X`, `Y`, `Z`, `O`, `KeepLord`, `IsPatrol`, `WaypointGUID`) VALUES ('100', '110', '10019755', '0', '1434195', '963783', '16044', '1210', '0', '0', '0');
INSERT INTO `war_world`.`keep_creatures` (`KeepId`, `ZoneId`, `OrderId`, `DestroId`, `X`, `Y`, `Z`, `O`, `KeepLord`, `IsPatrol`, `WaypointGUID`) VALUES ('100', '110', '10042261', '0', '1429235', '963807', '15809', '2938', '0', '0', '0');
INSERT INTO `war_world`.`keep_creatures` (`KeepId`, `ZoneId`, `OrderId`, `DestroId`, `X`, `Y`, `Z`, `O`, `KeepLord`, `IsPatrol`, `WaypointGUID`) VALUES ('100', '110', '10042260', '0', '1430587', '963935', '15664', '2308', '0', '0', '0');
INSERT INTO `war_world`.`keep_creatures` (`KeepId`, `ZoneId`, `OrderId`, `DestroId`, `X`, `Y`, `Z`, `O`, `KeepLord`, `IsPatrol`, `WaypointGUID`) VALUES ('100', '110', '10042261', '0', '1428076', '963940', '15922', '3438', '0', '0', '0');
INSERT INTO `war_world`.`keep_creatures` (`KeepId`, `ZoneId`, `OrderId`, `DestroId`, `X`, `Y`, `Z`, `O`, `KeepLord`, `IsPatrol`, `WaypointGUID`) VALUES ('100', '110', '10019757', '0', '1431877', '963994', '15664', '1088', '0', '0', '0');
INSERT INTO `war_world`.`keep_creatures` (`KeepId`, `ZoneId`, `OrderId`, `DestroId`, `X`, `Y`, `Z`, `O`, `KeepLord`, `IsPatrol`, `WaypointGUID`) VALUES ('100', '110', '10019759', '0', '1428427', '964092', '15847', '1076', '0', '0', '0');
INSERT INTO `war_world`.`keep_creatures` (`KeepId`, `ZoneId`, `OrderId`, `DestroId`, `X`, `Y`, `Z`, `O`, `KeepLord`, `IsPatrol`, `WaypointGUID`) VALUES ('100', '110', '10019759', '0', '1428160', '964258', '15871', '2134', '0', '0', '0');
INSERT INTO `war_world`.`keep_creatures` (`KeepId`, `ZoneId`, `OrderId`, `DestroId`, `X`, `Y`, `Z`, `O`, `KeepLord`, `IsPatrol`, `WaypointGUID`) VALUES ('100', '110', '10019759', '0', '1434302', '964615', '16055', '204', '0', '0', '0');
INSERT INTO `war_world`.`keep_creatures` (`KeepId`, `ZoneId`, `OrderId`, `DestroId`, `X`, `Y`, `Z`, `O`, `KeepLord`, `IsPatrol`, `WaypointGUID`) VALUES ('100', '110', '10019759', '0', '1429854', '964639', '15691', '166', '0', '0', '0');
INSERT INTO `war_world`.`keep_creatures` (`KeepId`, `ZoneId`, `OrderId`, `DestroId`, `X`, `Y`, `Z`, `O`, `KeepLord`, `IsPatrol`, `WaypointGUID`) VALUES ('100', '110', '10042260', '0', '1434201', '964788', '16041', '2612', '0', '0', '0');
INSERT INTO `war_world`.`keep_creatures` (`KeepId`, `ZoneId`, `OrderId`, `DestroId`, `X`, `Y`, `Z`, `O`, `KeepLord`, `IsPatrol`, `WaypointGUID`) VALUES ('100', '110', '10042261', '0', '1434355', '964819', '16046', '1516', '0', '0', '0');
INSERT INTO `war_world`.`keep_creatures` (`KeepId`, `ZoneId`, `OrderId`, `DestroId`, `X`, `Y`, `Z`, `O`, `KeepLord`, `IsPatrol`, `WaypointGUID`) VALUES ('100', '110', '10042261', '0', '1430971', '965015', '15817', '2988', '0', '0', '0');
INSERT INTO `war_world`.`keep_creatures` (`KeepId`, `ZoneId`, `OrderId`, `DestroId`, `X`, `Y`, `Z`, `O`, `KeepLord`, `IsPatrol`, `WaypointGUID`) VALUES ('100', '110', '10042261', '0', '1431230', '965043', '15809', '1064', '0', '0', '0');
INSERT INTO `war_world`.`keep_creatures` (`KeepId`, `ZoneId`, `OrderId`, `DestroId`, `X`, `Y`, `Z`, `O`, `KeepLord`, `IsPatrol`, `WaypointGUID`) VALUES ('100', '110', '10019759', '0', '1430718', '965210', '15867', '2438', '0', '0', '0');
INSERT INTO `war_world`.`keep_creatures` (`KeepId`, `ZoneId`, `OrderId`, `DestroId`, `X`, `Y`, `Z`, `O`, `KeepLord`, `IsPatrol`, `WaypointGUID`) VALUES ('100', '110', '10019759', '0', '1431524', '965243', '15878', '1894', '0', '0', '0');
INSERT INTO `war_world`.`keep_creatures` (`KeepId`, `ZoneId`, `OrderId`, `DestroId`, `X`, `Y`, `Z`, `O`, `KeepLord`, `IsPatrol`, `WaypointGUID`) VALUES ('100', '110', '10042261', '0', '1433717', '965249', '15955', '262', '0', '0', '0');
INSERT INTO `war_world`.`keep_creatures` (`KeepId`, `ZoneId`, `OrderId`, `DestroId`, `X`, `Y`, `Z`, `O`, `KeepLord`, `IsPatrol`, `WaypointGUID`) VALUES ('100', '110', '10042260', '0', '1432459', '965265', '15882', '1368', '0', '0', '0');
INSERT INTO `war_world`.`keep_creatures` (`KeepId`, `ZoneId`, `OrderId`, `DestroId`, `X`, `Y`, `Z`, `O`, `KeepLord`, `IsPatrol`, `WaypointGUID`) VALUES ('100', '110', '10042261', '0', '1431277', '965502', '15904', '2034', '0', '0', '0');
INSERT INTO `war_world`.`keep_creatures` (`KeepId`, `ZoneId`, `OrderId`, `DestroId`, `X`, `Y`, `Z`, `O`, `KeepLord`, `IsPatrol`, `WaypointGUID`) VALUES ('100', '110', '10042261', '0', '1431016', '965508', '15904', '2142', '0', '0', '0');
INSERT INTO `war_world`.`keep_creatures` (`KeepId`, `ZoneId`, `OrderId`, `DestroId`, `X`, `Y`, `Z`, `O`, `KeepLord`, `IsPatrol`, `WaypointGUID`) VALUES ('100', '110', '10042260', '0', '1429444', '965592', '15811', '394', '0', '0', '0');
INSERT INTO `war_world`.`keep_creatures` (`KeepId`, `ZoneId`, `OrderId`, `DestroId`, `X`, `Y`, `Z`, `O`, `KeepLord`, `IsPatrol`, `WaypointGUID`) VALUES ('100', '110', '10019759', '0', '1428572', '965738', '15881', '734', '0', '0', '0');
INSERT INTO `war_world`.`keep_creatures` (`KeepId`, `ZoneId`, `OrderId`, `DestroId`, `X`, `Y`, `Z`, `O`, `KeepLord`, `IsPatrol`, `WaypointGUID`) VALUES ('100', '110', '10042261', '0', '1430414', '965791', '16161', '3032', '0', '0', '0');
INSERT INTO `war_world`.`keep_creatures` (`KeepId`, `ZoneId`, `OrderId`, `DestroId`, `X`, `Y`, `Z`, `O`, `KeepLord`, `IsPatrol`, `WaypointGUID`) VALUES ('100', '110', '10042261', '0', '1430409', '965949', '16161', '3018', '0', '0', '0');
INSERT INTO `war_world`.`keep_creatures` (`KeepId`, `ZoneId`, `OrderId`, `DestroId`, `X`, `Y`, `Z`, `O`, `KeepLord`, `IsPatrol`, `WaypointGUID`) VALUES ('100', '110', '10042260', '0', '1431867', '965958', '15945', '966', '0', '0', '0');
INSERT INTO `war_world`.`keep_creatures` (`KeepId`, `ZoneId`, `OrderId`, `DestroId`, `X`, `Y`, `Z`, `O`, `KeepLord`, `IsPatrol`, `WaypointGUID`) VALUES ('100', '110', '10042261', '0', '1433653', '966299', '15908', '1922', '0', '0', '0');
INSERT INTO `war_world`.`keep_creatures` (`KeepId`, `ZoneId`, `OrderId`, `DestroId`, `X`, `Y`, `Z`, `O`, `KeepLord`, `IsPatrol`, `WaypointGUID`) VALUES ('100', '110', '10042260', '0', '1430451', '966311', '15945', '3024', '0', '0', '0');
INSERT INTO `war_world`.`keep_creatures` (`KeepId`, `ZoneId`, `OrderId`, `DestroId`, `X`, `Y`, `Z`, `O`, `KeepLord`, `IsPatrol`, `WaypointGUID`) VALUES ('100', '110', '10042260', '0', '1433320', '966372', '15912', '1922', '0', '0', '0');
INSERT INTO `war_world`.`keep_creatures` (`KeepId`, `ZoneId`, `OrderId`, `DestroId`, `X`, `Y`, `Z`, `O`, `KeepLord`, `IsPatrol`, `WaypointGUID`) VALUES ('100', '110', '1336', '0', '1431271', '966559', '17478', '3986', '0', '0', '0');
INSERT INTO `war_world`.`keep_creatures` (`KeepId`, `ZoneId`, `OrderId`, `DestroId`, `X`, `Y`, `Z`, `O`, `KeepLord`, `IsPatrol`, `WaypointGUID`) VALUES ('100', '110', '98894', '0', '1431030', '966560', '17478', '3936', '0', '0', '0');
INSERT INTO `war_world`.`keep_creatures` (`KeepId`, `ZoneId`, `OrderId`, `DestroId`, `X`, `Y`, `Z`, `O`, `KeepLord`, `IsPatrol`, `WaypointGUID`) VALUES ('100', '110', '10019759', '0', '1430286', '966584', '16161', '4020', '0', '0', '0');
INSERT INTO `war_world`.`keep_creatures` (`KeepId`, `ZoneId`, `OrderId`, `DestroId`, `X`, `Y`, `Z`, `O`, `KeepLord`, `IsPatrol`, `WaypointGUID`) VALUES ('100', '110', '10020955', '0', '1430998', '966623', '16983', '2962', '0', '0', '0');
INSERT INTO `war_world`.`keep_creatures` (`KeepId`, `ZoneId`, `OrderId`, `DestroId`, `X`, `Y`, `Z`, `O`, `KeepLord`, `IsPatrol`, `WaypointGUID`) VALUES ('100', '110', '10020955', '0', '1431317', '966623', '16983', '918', '0', '0', '0');
INSERT INTO `war_world`.`keep_creatures` (`KeepId`, `ZoneId`, `OrderId`, `DestroId`, `X`, `Y`, `Z`, `O`, `KeepLord`, `IsPatrol`, `WaypointGUID`) VALUES ('100', '110', '10020957', '0', '1431322', '966679', '16488', '1864', '0', '0', '0');
INSERT INTO `war_world`.`keep_creatures` (`KeepId`, `ZoneId`, `OrderId`, `DestroId`, `X`, `Y`, `Z`, `O`, `KeepLord`, `IsPatrol`, `WaypointGUID`) VALUES ('100', '110', '10020955', '0', '1430970', '966681', '16488', '2278', '0', '0', '0');
INSERT INTO `war_world`.`keep_creatures` (`KeepId`, `ZoneId`, `OrderId`, `DestroId`, `X`, `Y`, `Z`, `O`, `KeepLord`, `IsPatrol`, `WaypointGUID`) VALUES ('100', '110', '900', '0', '1430866', '966707', '17478', '3012', '0', '0', '0');
INSERT INTO `war_world`.`keep_creatures` (`KeepId`, `ZoneId`, `OrderId`, `DestroId`, `X`, `Y`, `Z`, `O`, `KeepLord`, `IsPatrol`, `WaypointGUID`) VALUES ('100', '110', '10042260', '0', '1431822', '966795', '15945', '860', '0', '0', '0');
INSERT INTO `war_world`.`keep_creatures` (`KeepId`, `ZoneId`, `OrderId`, `DestroId`, `X`, `Y`, `Z`, `O`, `KeepLord`, `IsPatrol`, `WaypointGUID`) VALUES ('100', '110', '10042261', '0', '1429092', '966821', '15894', '3992', '0', '0', '0');
INSERT INTO `war_world`.`keep_creatures` (`KeepId`, `ZoneId`, `OrderId`, `DestroId`, `X`, `Y`, `Z`, `O`, `KeepLord`, `IsPatrol`, `WaypointGUID`) VALUES ('100', '110', '778039', '0', '1431156', '966823', '16983', '3804', '1', '0', '0');
INSERT INTO `war_world`.`keep_creatures` (`KeepId`, `ZoneId`, `OrderId`, `DestroId`, `X`, `Y`, `Z`, `O`, `KeepLord`, `IsPatrol`, `WaypointGUID`) VALUES ('100', '110', '10042260', '0', '1435172', '966832', '16344', '2158', '0', '0', '0');
INSERT INTO `war_world`.`keep_creatures` (`KeepId`, `ZoneId`, `OrderId`, `DestroId`, `X`, `Y`, `Z`, `O`, `KeepLord`, `IsPatrol`, `WaypointGUID`) VALUES ('100', '110', '10042260', '0', '1430457', '966908', '15945', '3042', '0', '0', '0');
INSERT INTO `war_world`.`keep_creatures` (`KeepId`, `ZoneId`, `OrderId`, `DestroId`, `X`, `Y`, `Z`, `O`, `KeepLord`, `IsPatrol`, `WaypointGUID`) VALUES ('100', '110', '1434', '0', '1430867', '966969', '17478', '2926', '0', '0', '0');
INSERT INTO `war_world`.`keep_creatures` (`KeepId`, `ZoneId`, `OrderId`, `DestroId`, `X`, `Y`, `Z`, `O`, `KeepLord`, `IsPatrol`, `WaypointGUID`) VALUES ('100', '110', '10020955', '0', '1431348', '966996', '16983', '864', '0', '0', '0');
INSERT INTO `war_world`.`keep_creatures` (`KeepId`, `ZoneId`, `OrderId`, `DestroId`, `X`, `Y`, `Z`, `O`, `KeepLord`, `IsPatrol`, `WaypointGUID`) VALUES ('100', '110', '10020955', '0', '1430969', '967006', '16983', '2996', '0', '0', '0');
INSERT INTO `war_world`.`keep_creatures` (`KeepId`, `ZoneId`, `OrderId`, `DestroId`, `X`, `Y`, `Z`, `O`, `KeepLord`, `IsPatrol`, `WaypointGUID`) VALUES ('100', '110', '10020957', '0', '1430982', '967012', '16488', '190', '0', '0', '0');
INSERT INTO `war_world`.`keep_creatures` (`KeepId`, `ZoneId`, `OrderId`, `DestroId`, `X`, `Y`, `Z`, `O`, `KeepLord`, `IsPatrol`, `WaypointGUID`) VALUES ('100', '110', '10020955', '0', '1431323', '967013', '16488', '190', '0', '0', '0');
INSERT INTO `war_world`.`keep_creatures` (`KeepId`, `ZoneId`, `OrderId`, `DestroId`, `X`, `Y`, `Z`, `O`, `KeepLord`, `IsPatrol`, `WaypointGUID`) VALUES ('100', '110', '10019759', '0', '1430781', '967151', '17228', '4072', '0', '0', '0');
INSERT INTO `war_world`.`keep_creatures` (`KeepId`, `ZoneId`, `OrderId`, `DestroId`, `X`, `Y`, `Z`, `O`, `KeepLord`, `IsPatrol`, `WaypointGUID`) VALUES ('100', '110', '10019759', '0', '1430253', '967174', '16161', '12', '0', '0', '0');
INSERT INTO `war_world`.`keep_creatures` (`KeepId`, `ZoneId`, `OrderId`, `DestroId`, `X`, `Y`, `Z`, `O`, `KeepLord`, `IsPatrol`, `WaypointGUID`) VALUES ('100', '110', '10020957', '0', '1431644', '967207', '16728', '2618', '0', '0', '0');
INSERT INTO `war_world`.`keep_creatures` (`KeepId`, `ZoneId`, `OrderId`, `DestroId`, `X`, `Y`, `Z`, `O`, `KeepLord`, `IsPatrol`, `WaypointGUID`) VALUES ('100', '110', '10019759', '0', '1433587', '967210', '15926', '1490', '0', '0', '0');
INSERT INTO `war_world`.`keep_creatures` (`KeepId`, `ZoneId`, `OrderId`, `DestroId`, `X`, `Y`, `Z`, `O`, `KeepLord`, `IsPatrol`, `WaypointGUID`) VALUES ('100', '110', '10042260', '0', '1430627', '967369', '15945', '2500', '0', '0', '0');
INSERT INTO `war_world`.`keep_creatures` (`KeepId`, `ZoneId`, `OrderId`, `DestroId`, `X`, `Y`, `Z`, `O`, `KeepLord`, `IsPatrol`, `WaypointGUID`) VALUES ('100', '110', '10042261', '0', '1431715', '967372', '15945', '1570', '0', '0', '0');
INSERT INTO `war_world`.`keep_creatures` (`KeepId`, `ZoneId`, `OrderId`, `DestroId`, `X`, `Y`, `Z`, `O`, `KeepLord`, `IsPatrol`, `WaypointGUID`) VALUES ('100', '110', '10042261', '0', '1431661', '967378', '16728', '1010', '0', '0', '0');
INSERT INTO `war_world`.`keep_creatures` (`KeepId`, `ZoneId`, `OrderId`, `DestroId`, `X`, `Y`, `Z`, `O`, `KeepLord`, `IsPatrol`, `WaypointGUID`) VALUES ('100', '110', '10042261', '0', '1430736', '967469', '15945', '2410', '0', '0', '0');
INSERT INTO `war_world`.`keep_creatures` (`KeepId`, `ZoneId`, `OrderId`, `DestroId`, `X`, `Y`, `Z`, `O`, `KeepLord`, `IsPatrol`, `WaypointGUID`) VALUES ('100', '110', '10019759', '0', '1431601', '967484', '15945', '1550', '0', '0', '0');
INSERT INTO `war_world`.`keep_creatures` (`KeepId`, `ZoneId`, `OrderId`, `DestroId`, `X`, `Y`, `Z`, `O`, `KeepLord`, `IsPatrol`, `WaypointGUID`) VALUES ('100', '110', '10042261', '0', '1428479', '967682', '16023', '252', '0', '0', '0');
INSERT INTO `war_world`.`keep_creatures` (`KeepId`, `ZoneId`, `OrderId`, `DestroId`, `X`, `Y`, `Z`, `O`, `KeepLord`, `IsPatrol`, `WaypointGUID`) VALUES ('100', '110', '10019759', '0', '1428678', '967723', '16013', '252', '0', '0', '0');
INSERT INTO `war_world`.`keep_creatures` (`KeepId`, `ZoneId`, `OrderId`, `DestroId`, `X`, `Y`, `Z`, `O`, `KeepLord`, `IsPatrol`, `WaypointGUID`) VALUES ('100', '110', '10042261', '0', '1432473', '967731', '16194', '930', '0', '0', '0');
INSERT INTO `war_world`.`keep_creatures` (`KeepId`, `ZoneId`, `OrderId`, `DestroId`, `X`, `Y`, `Z`, `O`, `KeepLord`, `IsPatrol`, `WaypointGUID`) VALUES ('100', '110', '10019759', '0', '1429957', '967806', '16194', '3018', '0', '0', '0');
INSERT INTO `war_world`.`keep_creatures` (`KeepId`, `ZoneId`, `OrderId`, `DestroId`, `X`, `Y`, `Z`, `O`, `KeepLord`, `IsPatrol`, `WaypointGUID`) VALUES ('100', '110', '10042260', '0', '1428356', '967935', '16000', '2714', '0', '0', '0');
INSERT INTO `war_world`.`keep_creatures` (`KeepId`, `ZoneId`, `OrderId`, `DestroId`, `X`, `Y`, `Z`, `O`, `KeepLord`, `IsPatrol`, `WaypointGUID`) VALUES ('100', '110', '10042260', '0', '1429955', '967964', '16194', '3010', '0', '0', '0');
INSERT INTO `war_world`.`keep_creatures` (`KeepId`, `ZoneId`, `OrderId`, `DestroId`, `X`, `Y`, `Z`, `O`, `KeepLord`, `IsPatrol`, `WaypointGUID`) VALUES ('100', '110', '10042261', '0', '1430506', '968127', '16445', '976', '0', '0', '0');
INSERT INTO `war_world`.`keep_creatures` (`KeepId`, `ZoneId`, `OrderId`, `DestroId`, `X`, `Y`, `Z`, `O`, `KeepLord`, `IsPatrol`, `WaypointGUID`) VALUES ('100', '110', '10042261', '0', '1427940', '968210', '16024', '2948', '0', '0', '0');
INSERT INTO `war_world`.`keep_creatures` (`KeepId`, `ZoneId`, `OrderId`, `DestroId`, `X`, `Y`, `Z`, `O`, `KeepLord`, `IsPatrol`, `WaypointGUID`) VALUES ('100', '110', '10042260', '0', '1428958', '968221', '15916', '3560', '0', '0', '0');
INSERT INTO `war_world`.`keep_creatures` (`KeepId`, `ZoneId`, `OrderId`, `DestroId`, `X`, `Y`, `Z`, `O`, `KeepLord`, `IsPatrol`, `WaypointGUID`) VALUES ('100', '110', '10019759', '0', '1429018', '968377', '15908', '1776', '0', '0', '0');
INSERT INTO `war_world`.`keep_creatures` (`KeepId`, `ZoneId`, `OrderId`, `DestroId`, `X`, `Y`, `Z`, `O`, `KeepLord`, `IsPatrol`, `WaypointGUID`) VALUES ('100', '110', '10019759', '0', '1428819', '968414', '15935', '3560', '0', '0', '0');
INSERT INTO `war_world`.`keep_creatures` (`KeepId`, `ZoneId`, `OrderId`, `DestroId`, `X`, `Y`, `Z`, `O`, `KeepLord`, `IsPatrol`, `WaypointGUID`) VALUES ('100', '110', '10019759', '0', '1428161', '968499', '16023', '2618', '0', '0', '0');
INSERT INTO `war_world`.`keep_creatures` (`KeepId`, `ZoneId`, `OrderId`, `DestroId`, `X`, `Y`, `Z`, `O`, `KeepLord`, `IsPatrol`, `WaypointGUID`) VALUES ('100', '110', '10042261', '0', '1431942', '968646', '15911', '2810', '0', '0', '0');
INSERT INTO `war_world`.`keep_creatures` (`KeepId`, `ZoneId`, `OrderId`, `DestroId`, `X`, `Y`, `Z`, `O`, `KeepLord`, `IsPatrol`, `WaypointGUID`) VALUES ('100', '110', '10019755', '0', '1431451', '968686', '15898', '2810', '0', '0', '0');
INSERT INTO `war_world`.`keep_creatures` (`KeepId`, `ZoneId`, `OrderId`, `DestroId`, `X`, `Y`, `Z`, `O`, `KeepLord`, `IsPatrol`, `WaypointGUID`) VALUES ('100', '110', '10042260', '0', '1428415', '968781', '16024', '2514', '0', '0', '0');
INSERT INTO `war_world`.`keep_creatures` (`KeepId`, `ZoneId`, `OrderId`, `DestroId`, `X`, `Y`, `Z`, `O`, `KeepLord`, `IsPatrol`, `WaypointGUID`) VALUES ('100', '110', '10042260', '0', '1433166', '968801', '15981', '2958', '0', '0', '0');
INSERT INTO `war_world`.`keep_creatures` (`KeepId`, `ZoneId`, `OrderId`, `DestroId`, `X`, `Y`, `Z`, `O`, `KeepLord`, `IsPatrol`, `WaypointGUID`) VALUES ('100', '110', '10042261', '0', '1428824', '968820', '16011', '3560', '0', '0', '0');
INSERT INTO `war_world`.`keep_creatures` (`KeepId`, `ZoneId`, `OrderId`, `DestroId`, `X`, `Y`, `Z`, `O`, `KeepLord`, `IsPatrol`, `WaypointGUID`) VALUES ('100', '110', '10019759', '0', '1429641', '969036', '15912', '3560', '0', '0', '0');
INSERT INTO `war_world`.`keep_creatures` (`KeepId`, `ZoneId`, `OrderId`, `DestroId`, `X`, `Y`, `Z`, `O`, `KeepLord`, `IsPatrol`, `WaypointGUID`) VALUES ('100', '110', '10019755', '0', '1429834', '969744', '16140', '1954', '0', '0', '0');
INSERT INTO `war_world`.`keep_creatures` (`KeepId`, `ZoneId`, `OrderId`, `DestroId`, `X`, `Y`, `Z`, `O`, `KeepLord`, `IsPatrol`, `WaypointGUID`) VALUES ('100', '110', '10019759', '0', '1432553', '969891', '16160', '1362', '0', '0', '0');
INSERT INTO `war_world`.`keep_creatures` (`KeepId`, `ZoneId`, `OrderId`, `DestroId`, `X`, `Y`, `Z`, `O`, `KeepLord`, `IsPatrol`, `WaypointGUID`) VALUES ('100', '110', '10042261', '0', '1431241', '970140', '15883', '2024', '0', '0', '0');
INSERT INTO `war_world`.`keep_creatures` (`KeepId`, `ZoneId`, `OrderId`, `DestroId`, `X`, `Y`, `Z`, `O`, `KeepLord`, `IsPatrol`, `WaypointGUID`) VALUES ('100', '110', '10042261', '0', '1431522', '970173', '15891', '2024', '0', '0', '0');
INSERT INTO `war_world`.`keep_creatures` (`KeepId`, `ZoneId`, `OrderId`, `DestroId`, `X`, `Y`, `Z`, `O`, `KeepLord`, `IsPatrol`, `WaypointGUID`) VALUES ('100', '110', '10042260', '0', '1431252', '970640', '15946', '108', '0', '0', '0');
INSERT INTO `war_world`.`keep_creatures` (`KeepId`, `ZoneId`, `OrderId`, `DestroId`, `X`, `Y`, `Z`, `O`, `KeepLord`, `IsPatrol`, `WaypointGUID`) VALUES ('100', '110', '10042260', '0', '1431556', '970643', '15954', '108', '0', '0', '0');
INSERT INTO `war_world`.`keep_creatures` (`KeepId`, `ZoneId`, `OrderId`, `DestroId`, `X`, `Y`, `Z`, `O`, `KeepLord`, `IsPatrol`, `WaypointGUID`) VALUES ('100', '110', '10019759', '0', '1431566', '971033', '16032', '1998', '0', '0', '0');
INSERT INTO `war_world`.`keep_creatures` (`KeepId`, `ZoneId`, `OrderId`, `DestroId`, `X`, `Y`, `Z`, `O`, `KeepLord`, `IsPatrol`, `WaypointGUID`) VALUES ('100', '110', '10019755', '0', '1431228', '971052', '16027', '1960', '0', '0', '0');
