#creature proto

INSERT INTO `war_world`.`creature_protos` (`Entry`, `Name`, `Model1`, `Model2`, `MinScale`, `MaxScale`, `MinLevel`, `MaxLevel`, `Faction`, `Ranged`, `Icone`, `Emote`, `Title`, `Unk`, `Unk1`, `Unk2`, `Unk3`, `Unk4`, `Unk5`, `Unk6`, `Flag`, `ScriptName`, `CreatureType`, `CreatureSubType`, `TokUnlock`, `LairBoss`, `VendorID`, `States`, `FigLeafData`, `BaseRadiusUnits`, `Career`, `PowerModifier`, `WoundsModifier`, `Invulnerable`, `WeaponDPS`, `ImmuneToCC`) VALUES ('10505158', 'Raelle Mournfire', '1223', '0', '50', '50', '40', '40', '68', '5', '18', '0', '0', '39', '1', '1001', '0', '0', '63000', '0', '21254933021595368', '', '14', '73', '0', '0', '0', NULL, NULL, NULL, '0', '1.00', '1.00', '0', '0', '0');
INSERT INTO `war_world`.`creature_protos` (`Entry`, `Name`, `Model1`, `Model2`, `MinScale`, `MaxScale`, `MinLevel`, `MaxLevel`, `Faction`, `Ranged`, `Icone`, `Emote`, `Title`, `Unk`, `Unk1`, `Unk2`, `Unk3`, `Unk4`, `Unk5`, `Unk6`, `Flag`, `ScriptName`, `CreatureType`, `CreatureSubType`, `TokUnlock`, `LairBoss`, `VendorID`, `States`, `FigLeafData`, `BaseRadiusUnits`, `Career`, `PowerModifier`, `WoundsModifier`, `Invulnerable`, `WeaponDPS`, `ImmuneToCC`) VALUES ('10505159', 'Caledor Mournfire', '1223', '0', '50', '50', '40', '40', '68', '5', '18', '0', '0', '39', '1', '1001', '0', '0', '63000', '0', '21254933021595368', '', '14', '73', '0', '0', '0', NULL, NULL, NULL, '0', '1.00', '1.00', '0', '0', '0');
INSERT INTO `war_world`.`creature_protos` (`Entry`, `Name`, `Model1`, `Model2`, `MinScale`, `MaxScale`, `MinLevel`, `MaxLevel`, `Faction`, `Ranged`, `Icone`, `Emote`, `Title`, `Unk`, `Unk1`, `Unk2`, `Unk3`, `Unk4`, `Unk5`, `Unk6`, `Flag`, `ScriptName`, `CreatureType`, `CreatureSubType`, `TokUnlock`, `LairBoss`, `VendorID`, `States`, `FigLeafData`, `BaseRadiusUnits`, `Career`, `PowerModifier`, `WoundsModifier`, `Invulnerable`, `WeaponDPS`, `ImmuneToCC`) VALUES ('10505160', 'Alarielle the Everqueen', '1607', '0', '57', '57', '40', '40', '68', '5', '18', '0', '0', '0', '0', '0', '0', '0', '0', '0', '', '', '14', '73', '0', '0', '0', NULL, NULL, NULL, '0', '1.00', '1.00', '0', '0', '0');



# creature update LV

INSERT INTO `war_world`.`instance_creature_spawns` (`Entry`, `WorldX`, `WorldY`, `WorldZ`, `WorldO`, `Instance_spawns_ID`, `Realm`, `Level`, `Emote`, `ZoneID`, `ConnectedBossID`, `SpawnGroupID`) VALUES ('44583', '1410301', '1588149', '5888', '254', '44583', '1', '42', '51', '260', '0', NULL);
UPDATE `war_world`.`instance_creature_spawns` SET `Entry`='4284', `WorldX`='1410301', `WorldY`='1588149', `WorldZ`='5888', `WorldO`='254', `Instance_spawns_ID`='564211', `Realm`='2', `Level`='42', `Emote`='51', `ZoneID`='260', `ConnectedBossID`='0', `SpawnGroupID`=NULL WHERE (`Instance_spawns_ID`='564211');
INSERT INTO `war_world`.`instance_creature_spawns` (`Entry`, `WorldX`, `WorldY`, `WorldZ`, `WorldO`, `Instance_spawns_ID`, `Realm`, `Level`, `Emote`, `ZoneID`, `ConnectedBossID`, `SpawnGroupID`) VALUES ('10505158', '1410082', '1582892', '6088', '26', '10505158', '1', '42', '0', '260', '0', NULL);
UPDATE `war_world`.`instance_creature_spawns` SET `Entry`='6858', `WorldX`='1394499', `WorldY`='1583059', `WorldZ`='5864', `WorldO`='2912', `Instance_spawns_ID`='260000057', `Realm`='1', `Level`='40', `Emote`='123', `ZoneID`='260', `ConnectedBossID`='0', `SpawnGroupID`=NULL WHERE (`Instance_spawns_ID`='260000057');
UPDATE `war_world`.`instance_creature_spawns` SET `Entry`='6858', `WorldX`='1401071', `WorldY`='1583453', `WorldZ`='7826', `WorldO`='2218', `Instance_spawns_ID`='260000113', `Realm`='1', `Level`='40', `Emote`='123', `ZoneID`='260', `ConnectedBossID`='0', `SpawnGroupID`=NULL WHERE (`Instance_spawns_ID`='260000113');
UPDATE `war_world`.`instance_creature_spawns` SET `Entry`='6858', `WorldX`='1395208', `WorldY`='1570205', `WorldZ`='6792', `WorldO`='1308', `Instance_spawns_ID`='260000177', `Realm`='1', `Level`='40', `Emote`='123', `ZoneID`='260', `ConnectedBossID`='0', `SpawnGroupID`=NULL WHERE (`Instance_spawns_ID`='260000177');
UPDATE `war_world`.`instance_creature_spawns` SET `Entry`='6858', `WorldX`='1410035', `WorldY`='1550303', `WorldZ`='7612', `WorldO`='2525', `Instance_spawns_ID`='260000434', `Realm`='1', `Level`='40', `Emote`='123', `ZoneID`='260', `ConnectedBossID`='0', `SpawnGroupID`=NULL WHERE (`Instance_spawns_ID`='260000434');
UPDATE `war_world`.`instance_creature_spawns` SET `Entry`='6858', `WorldX`='1418430', `WorldY`='1543692', `WorldZ`='8546', `WorldO`='955', `Instance_spawns_ID`='260000443', `Realm`='1', `Level`='40', `Emote`='123', `ZoneID`='260', `ConnectedBossID`='0', `SpawnGroupID`=NULL WHERE (`Instance_spawns_ID`='260000443');
UPDATE `war_world`.`instance_creature_spawns` SET `Entry`='6858', `WorldX`='1422029', `WorldY`='1587780', `WorldZ`='8358', `WorldO`='1786', `Instance_spawns_ID`='260000554', `Realm`='1', `Level`='40', `Emote`='123', `ZoneID`='260', `ConnectedBossID`='0', `SpawnGroupID`=NULL WHERE (`Instance_spawns_ID`='260000554');
UPDATE `war_world`.`instance_creature_spawns` SET `Entry`='6858', `WorldX`='1417660', `WorldY`='1572899', `WorldZ`='7984', `WorldO`='3310', `Instance_spawns_ID`='260000555', `Realm`='1', `Level`='40', `Emote`='123', `ZoneID`='260', `ConnectedBossID`='0', `SpawnGroupID`=NULL WHERE (`Instance_spawns_ID`='260000555');
UPDATE `war_world`.`instance_creature_spawns` SET `Entry`='6858', `WorldX`='1430001', `WorldY`='1574558', `WorldZ`='6810', `WorldO`='409', `Instance_spawns_ID`='260000559', `Realm`='1', `Level`='40', `Emote`='123', `ZoneID`='260', `ConnectedBossID`='0', `SpawnGroupID`=NULL WHERE (`Instance_spawns_ID`='260000559');
UPDATE `war_world`.`instance_creature_spawns` SET `Entry`='6858', `WorldX`='1417739', `WorldY`='1580066', `WorldZ`='8397', `WorldO`='2842', `Instance_spawns_ID`='260000741', `Realm`='1', `Level`='40', `Emote`='123', `ZoneID`='260', `ConnectedBossID`='0', `SpawnGroupID`=NULL WHERE (`Instance_spawns_ID`='260000741');
UPDATE `war_world`.`creature_protos` SET `Entry`='6858', `Name`='Everqueen\'s Spirit', `Model1`='1607', `Model2`='0', `MinScale`='57', `MaxScale`='57', `MinLevel`='40', `MaxLevel`='40', `Faction`='68', `Ranged`='5', `Icone`='18', `Emote`='0', `Title`='0', `Unk`='5', `Unk1`='1', `Unk2`='0', `Unk3`='0', `Unk4`='0', `Unk5`='63301', `Unk6`='6', `Flag`='55346922116947760', `ScriptName`='', `CreatureType`='14', `CreatureSubType`='73', `TokUnlock`='0', `LairBoss`='0', `VendorID`='0', `States`=NULL, `FigLeafData`=NULL, `BaseRadiusUnits`=NULL, `Career`='0', `PowerModifier`='1.00', `WoundsModifier`='1.00', `Invulnerable`='0', `WeaponDPS`='0', `ImmuneToCC`='0' WHERE (`Entry`='6858');
INSERT INTO `war_world`.`instance_creature_spawns` (`Entry`, `WorldX`, `WorldY`, `WorldZ`, `WorldO`, `Instance_spawns_ID`, `Realm`, `Level`, `Emote`, `ZoneID`, `ConnectedBossID`, `SpawnGroupID`) VALUES ('10505159', '1409886', '1559525', '7800', '68', '10505159', '1', '40', '0', '260', '0', NULL);



#creature items

INSERT INTO `war_world`.`creature_items` (`Entry`, `SlotId`, `ModelId`, `EffectId`, `PrimaryColor`, `SecondaryColor`) VALUES ('10505158', '10', '3317', '0', '0', '0');
INSERT INTO `war_world`.`creature_items` (`Entry`, `SlotId`, `ModelId`, `EffectId`, `PrimaryColor`, `SecondaryColor`) VALUES ('10505158', '20', '6164', '0', '0', '0');
INSERT INTO `war_world`.`creature_items` (`Entry`, `SlotId`, `ModelId`, `EffectId`, `PrimaryColor`, `SecondaryColor`) VALUES ('10505158', '21', '6166', '0', '0', '0');
INSERT INTO `war_world`.`creature_items` (`Entry`, `SlotId`, `ModelId`, `EffectId`, `PrimaryColor`, `SecondaryColor`) VALUES ('10505158', '22', '6165', '0', '0', '0');
INSERT INTO `war_world`.`creature_items` (`Entry`, `SlotId`, `ModelId`, `EffectId`, `PrimaryColor`, `SecondaryColor`) VALUES ('10505158', '23', '6168', '0', '0', '0');
INSERT INTO `war_world`.`creature_items` (`Entry`, `SlotId`, `ModelId`, `EffectId`, `PrimaryColor`, `SecondaryColor`) VALUES ('10505158', '24', '6167', '0', '0', '0');
INSERT INTO `war_world`.`creature_items` (`Entry`, `SlotId`, `ModelId`, `EffectId`, `PrimaryColor`, `SecondaryColor`) VALUES ('10505158', '27', '1952', '23390', '0', '0');
INSERT INTO `war_world`.`creature_items` (`Entry`, `SlotId`, `ModelId`, `EffectId`, `PrimaryColor`, `SecondaryColor`) VALUES ('10505158', '28', '6163', '0', '0', '0');
INSERT INTO `war_world`.`creature_items` (`Entry`, `SlotId`, `ModelId`, `EffectId`, `PrimaryColor`, `SecondaryColor`) VALUES ('10505159', '10', '3317', '0', '0', '0');
INSERT INTO `war_world`.`creature_items` (`Entry`, `SlotId`, `ModelId`, `EffectId`, `PrimaryColor`, `SecondaryColor`) VALUES ('10505159', '20', '6164', '0', '0', '0');
INSERT INTO `war_world`.`creature_items` (`Entry`, `SlotId`, `ModelId`, `EffectId`, `PrimaryColor`, `SecondaryColor`) VALUES ('10505159', '21', '6166', '0', '0', '0');
INSERT INTO `war_world`.`creature_items` (`Entry`, `SlotId`, `ModelId`, `EffectId`, `PrimaryColor`, `SecondaryColor`) VALUES ('10505159', '22', '6165', '0', '0', '0');
INSERT INTO `war_world`.`creature_items` (`Entry`, `SlotId`, `ModelId`, `EffectId`, `PrimaryColor`, `SecondaryColor`) VALUES ('10505159', '23', '6168', '0', '0', '0');
INSERT INTO `war_world`.`creature_items` (`Entry`, `SlotId`, `ModelId`, `EffectId`, `PrimaryColor`, `SecondaryColor`) VALUES ('10505159', '24', '6167', '0', '0', '0');
INSERT INTO `war_world`.`creature_items` (`Entry`, `SlotId`, `ModelId`, `EffectId`, `PrimaryColor`, `SecondaryColor`) VALUES ('10505159', '27', '1952', '23390', '0', '0');
INSERT INTO `war_world`.`creature_items` (`Entry`, `SlotId`, `ModelId`, `EffectId`, `PrimaryColor`, `SecondaryColor`) VALUES ('10505159', '28', '6163', '0', '0', '0');
INSERT INTO `war_world`.`creature_items` (`Entry`, `SlotId`, `ModelId`, `EffectId`, `PrimaryColor`, `SecondaryColor`) VALUES ('10505160', '10', '4555', '0', '0', '0');


# quest update 


UPDATE `war_world`.`quests` SET `Entry`='47300', `Name`='Pure of Heart', `Type`='0', `MinLevel`='40', `MaxLevel`='40', `MinRenown`='0', `MaxRenown`='100', `Description`='Suspended at the core of our world is a single vine that stretches from north to south. Balanced upon it lay a single fragile gem. This precious stone ebbs and flows, always threatening to fall. It is the High Elves\' ever diligent guard that ensures it does not. If ever we falter in that duty, this world, it\'s reality, would simply cease to exist. The Everqueen is the heart of this diligent guard. Our people must not lose their heart. It is our greatest asset in these dire times. Her safety is of the utmost concern. On the eve of Malekith\'s attacks, the noble Mournfire bloodline quickly committed themselves to this duty. Word of their success or, dare I think it, failure has not reached me since. You have proven yourself a champion of Order, |n. I must entrust the paramount duty of the Everqueen\'s safety to you and the strongest of your allies. Travel to the Lost Vale. Learn the Mournfires\' fate, and rescue the Everqueen at all costs.', `Particular`='Set sail for the Lost Vale from the docks in Avelorn. Find and speak with Lanorith Mournfire on the Lost Vale beach.', `XP`='11103', `Gold`='40', `Given`='', `Choice`='', `ChoiceCount`='1', `PrevQuest`='0', `ProgressText`='', `OnCompletionQuest`='', `Repeatable`='0', `Active`='1', `Shareable`='1' WHERE (`Entry`='47300');
UPDATE `war_world`.`quests` SET `Entry`='47301', `Name`='Pure of Heart', `Type`='0', `MinLevel`='40', `MaxLevel`='40', `MinRenown`='0', `MaxRenown`='100', `Description`='Soon as the Phoenix King bestowed the honor of protecting the Everqueen upon my bloodline, we assembled in Averlorn. Once there we learned her highness retreated into the vale with her court. We followed. As we approached these shores we felt the dark horizon. All was not well. We quickly split up to comb the vale. I set out for the Thornvale Wilds seeking council from the Whitefire Matron. A long time ally of our queen. Alas, I did not make it far before I was waylayed by abominations of Chaos. Beastmen |n! I dare not think how the primitive beasts found their way here, or what else may be lurking about in our once sacred vale. Raelle set out for the Everqueen\'s gardens. Isha willing, she should be returning at any moment. Rendezvous with her, |n. Let us pray she met with more success than I. ', `Particular`='Rendezvous with Raelle Mournfire on the north side of the Lost Vale beach. Return to Lanorith Mournfire on the south side of the same beach afterward.', `XP`='12667', `Gold`='40', `Given`='', `Choice`='', `ChoiceCount`='1', `PrevQuest`='47300', `ProgressText`='', `OnCompletionQuest`='', `Repeatable`='0', `Active`='1', `Shareable`='1' WHERE (`Entry`='47301');
UPDATE `war_world`.`quests` SET `Entry`='47302', `Name`='Pure of Heart', `Type`='0', `MinLevel`='40', `MaxLevel`='40', `MinRenown`='0', `MaxRenown`='100', `Description`='The Mournfires do not relent. We will find the Everqueen yet. Though, I fear you and your allies must bear the torch, |n. My wounds are too great to continue. I will offer you what council I can through the trials ahead. Find the source of this evil, and I have no doubt you will find the Everqueen. My journey into the wilds was subverted by a magical barrier. I surmise the evil presence twists the exotic creatures of the vale to extend its reach. Slay those twisted creatures and the barriers will fall. Start your journey in the Thornvale Wilds. Carve a swathe through the beastmen ranks en route to the Whitefire Matron\'s lair. She and her kind are allies of the Everqueen. We must solicit their help in the search.', `Particular`='Enter the Thornvale Wilds of the Lost Vale. Find and slay Ahzranok to bypass the first barrier. Speak with the Everqueen\'s Spirit that appears near Ahzranok\'s Lair afterwards.', `XP`='15834', `Gold`='40', `Given`='', `Choice`='', `ChoiceCount`='1', `PrevQuest`='47301', `ProgressText`='', `OnCompletionQuest`='', `Repeatable`='0', `Active`='1', `Shareable`='1' WHERE (`Entry`='47302');
UPDATE `war_world`.`quests` SET `Entry`='47303', `Name`='Pure of Heart', `Type`='0', `MinLevel`='40', `MaxLevel`='40', `MinRenown`='0', `MaxRenown`='100', `Description`='Heroes? Yes, heroes you must be. Though, I can see you not. The darkness closes in. It means to use me... I must not. I will not let it take me! Please, hurry...', `Particular`='Venture deeper into the Thornvale Wilds. Find and defeat Malghor Greathorn to bypass the next Keeper\'s Barrier. Speak with the Everqueen\'s Spirit afterwards once it reappears near the Writhing Herd\'s camp afterwards.', `XP`='15834', `Gold`='40', `Given`='[640154,1]', `Choice`='[1005021,1],[1005022,1],[1005023,1],[1005024,1]', `ChoiceCount`='1', `PrevQuest`='47302', `ProgressText`='', `OnCompletionQuest`='', `Repeatable`='0', `Active`='1', `Shareable`='1' WHERE (`Entry`='47303');
UPDATE `war_world`.`quests` SET `Entry`='47304', `Name`='Pure of Heart', `Type`='0', `MinLevel`='40', `MaxLevel`='40', `MinRenown`='0', `MaxRenown`='100', `Description`='The ether so clouded. Madness fills the void. How? The Menhir Stone. Shattered? ! The ley line must be restored. If for but only a moment, and my essence will flow through it.', `Particular`='Find and collect the Menhir Shards throughout the Thornvale Wilds. Use them near the base of the destroyed Menhir Stone to restore the ley line for a moment. Speak with Everqueen\'s Spirit that appears there afterwards. ', `XP`='12667', `Gold`='40', `Given`='', `Choice`='', `ChoiceCount`='1', `PrevQuest`='47303', `ProgressText`='', `OnCompletionQuest`='', `Repeatable`='0', `Active`='1', `Shareable`='1' WHERE (`Entry`='47304');
UPDATE `war_world`.`quests` SET `Entry`='47305', `Name`='Pure of Heart', `Type`='0', `MinLevel`='40', `MaxLevel`='40', `MinRenown`='0', `MaxRenown`='100', `Description`='You seek out the Whitefire Matron for aid. Tears cover nature\'s heart, for she has fallen to the perverse powers. Aid you she will, but not by will. Only the fire of our ancestors will purge her silks. Bear sword and spell, and may her memory be all that lives on within the Whitefire den. Do this and win the Worldbearer\'s blessing. And as the wind does strength\'s moment pass. My hold fades. To the trials of pain I return...', `Particular`='Defeat Dralel the Whitefire Matron in her den on the Lost Vale. Loot her corpse to recover a Branch of Sarthain. Return to Lanorith Mournfire on the Lost Vale beach', `XP`='15834', `Gold`='5', `Given`='[640154,1]', `Choice`='[1005021,1],[1005022,1],[1005023,1],[1005024,1]', `ChoiceCount`='1', `PrevQuest`='47304', `ProgressText`='', `OnCompletionQuest`='', `Repeatable`='0', `Active`='1', `Shareable`='1' WHERE (`Entry`='47305');
UPDATE `war_world`.`quests` SET `Entry`='47306', `Name`='Pure of Heart', `Type`='0', `MinLevel`='40', `MaxLevel`='40', `MinRenown`='0', `MaxRenown`='100', `Description`='The branch you recovered from the Whitefire Queen was plucked from Sarthain the Worldbearer. The most aged of beings in the vale. He is a Treeman, the last of his kind here. The ancient forest spirit gifted the Whitefire Spiders with a branch from his own bark as a symbol of the harmony the vale once knew. It is clear then. The Everqueen means for you to venture into the Blackwillow Forest. Be warned, |n. The spirits of the forest have grown restless. They are twisted beyond repair. They will know not friend from foe. Your hand will be forced in defense. As you did in the Wilds, fight your way through the mightiest of Chaos\' victims. Weaken this presence\'s hold, and Isha willing the Everqueen guide you further. Keep Sarthain\'s Branch close with you always. Its use will become known in time.', `Particular`='Find and defeat Chul Earthkeeper within Blackwillow Forest of the Lost Vale. Speak with Everqueen\'s Spirit that appears afterwards.', `XP`='15834', `Gold`='40', `Given`='', `Choice`='', `ChoiceCount`='1', `PrevQuest`='47305', `ProgressText`='', `OnCompletionQuest`='', `Repeatable`='0', `Active`='1', `Shareable`='1' WHERE (`Entry`='47306');
UPDATE `war_world`.`quests` SET `Entry`='47307', `Name`='Pure of Heart', `Type`='0', `MinLevel`='40', `MaxLevel`='40', `MinRenown`='0', `MaxRenown`='100', `Description`='Pound of flesh. Pounds of flesh. Savage desires met. Unto Darkpromise did they follow. They have devoured all that remained true. Savage desires met. Ogres. Their savage magic wards my spirit.', `Particular`='Defeat Butcher Gutbeater in the Blackwillow Forest of the Lost Vale. Speak with the Everqueen\'s Spirit afterwards.', `XP`='15834', `Gold`='40', `Given`='[640154,1]', `Choice`='[1005021,1],[1005022,1],[1005023,1],[1005024,1]', `ChoiceCount`='1', `PrevQuest`='47306', `ProgressText`='', `OnCompletionQuest`='', `Repeatable`='0', `Active`='1', `Shareable`='1' WHERE (`Entry`='47307');
UPDATE `war_world`.`quests` SET `Entry`='47308', `Name`='Pure of Heart', `Type`='0', `MinLevel`='40', `MaxLevel`='40', `MinRenown`='0', `MaxRenown`='100', `Description`='They have found you! You are in great danger. You too will fall to this power. Through twisted extremes you will suffer. Darkpromise will fall upon your mind. No, I will not let it! Isha\'s power unite us. Together we will purge their hex. Respect the ancient ruins as I once did and...', `Particular`='Find the Ruins of Isha in Blackwillow Forest of the Lost Vale. Work together with a full group to manage a way to activate the ruins. Speak with the Everqueen\'s Spirit afterwards.', `XP`='12667', `Gold`='40', `Given`='', `Choice`='', `ChoiceCount`='1', `PrevQuest`='47307', `ProgressText`='', `OnCompletionQuest`='', `Repeatable`='0', `Active`='1', `Shareable`='1' WHERE (`Entry`='47308');
UPDATE `war_world`.`quests` SET `Entry`='47309', `Name`='Pure of Heart', `Type`='0', `MinLevel`='40', `MaxLevel`='40', `MinRenown`='0', `MaxRenown`='100', `Description`='I must conserve my strength. Hear me whilst we have the moment. The woes of this age were too many for the Vale - Black Arks, maelstrom in the north, the red moon. The Menhir Stones have splintered. Ley lines sway. Evil tears through the very air. From it comes man, beast, Ogre and daemon. Together they pray to desire, and here they believe it to be their promise land. They pave the way for a greater evil still. One whose presence already flows through the temple. An evil from before time. An evil that ancients will follow. A Dragon Ogre bends the ley lines in its name!', `Particular`='Defeat Gorak the Ancient in Blackwillow Forest of the Lost Vale. Speak with the Everqueen\'s Spirit that appears afterwards.', `XP`='15834', `Gold`='40', `Given`='[640154,1]', `Choice`='[1005021,1],[1005022,1],[1005023,1],[1005024,1]', `ChoiceCount`='1', `PrevQuest`='47308', `ProgressText`='', `OnCompletionQuest`='', `Repeatable`='0', `Active`='1', `Shareable`='1' WHERE (`Entry`='47309');
UPDATE `war_world`.`quests` SET `Entry`='47310', `Name`='Pure of Heart', `Type`='0', `MinLevel`='40', `MaxLevel`='40', `MinRenown`='0', `MaxRenown`='100', `Description`='My mind\'s eye restored for the moment and the anchor of the Darkpromise summoning is revealed to me. My heart shall mourn my next words for eternity be it in this world or the next. Sarthain the Worldbearer has fallen to ritual. They harness his essence as they mean to mine. My being to be the fuel for the summoning, his being the anchor. We cannot allow them to succeed. The woes of this age are many when a Treeman must be laid to rest.', `Particular`='Defeat Sarthain the Worldbearer in the Lost Vale. Speak with Lanorith Mournfire afterwards.', `XP`='15834', `Gold`='5', `Given`='[640154,1]', `Choice`='[1005021,1],[1005022,1],[1005023,1],[1005024,1]', `ChoiceCount`='1', `PrevQuest`='47309', `ProgressText`='', `OnCompletionQuest`='', `Repeatable`='0', `Active`='1', `Shareable`='1' WHERE (`Entry`='47310');
UPDATE `war_world`.`quests` SET `Entry`='47311', `Name`='Pure of Heart', `Type`='0', `MinLevel`='40', `MaxLevel`='40', `MinRenown`='0', `MaxRenown`='100', `Description`='Thanks to you and your allies, the power behind these whispers in the vale weakens, but the fight is far from over. Your noble quest approaches its apex, and the climb will be arduous. Passage to the Everqueen\'s Palace lay before you, |n. Make way beyond the statue of our queen into the pass. From where Raelle fled. From where that daemonic beast followed. In your quest, keep a keen eye about for my kin. Others accompanied Raelle en route to the palace, but none of them have returned. ', `Particular`='Find Caledor Mournfire in The Everqueen\'s Pass of the Lost Vale.', `XP`='12667', `Gold`='40', `Given`='', `Choice`='', `ChoiceCount`='1', `PrevQuest`='47310', `ProgressText`='', `OnCompletionQuest`='', `Repeatable`='0', `Active`='1', `Shareable`='1' WHERE (`Entry`='47311');
UPDATE `war_world`.`quests` SET `Entry`='47312', `Name`='Pure of Heart', `Type`='0', `MinLevel`='40', `MaxLevel`='40', `MinRenown`='0', `MaxRenown`='100', `Description`='Claim yourself a friend? Such are the lies of daemons! I shall hear no more of your words, denizens. I do not need my eyes to cut you down. Suffer the prowess of a Mournfire Bladelord!', `Particular`='Caledor Mournfire has been blinded. Unable to see you for who you are, he believes you of the daemons who wounded him. Defend yourself against him until he is convinced otherwise.', `XP`='12667', `Gold`='40', `Given`='', `Choice`='', `ChoiceCount`='1', `PrevQuest`='47311', `ProgressText`='', `OnCompletionQuest`='', `Repeatable`='0', `Active`='1', `Shareable`='1' WHERE (`Entry`='47312');
UPDATE `war_world`.`quests` SET `Entry`='47313', `Name`='Pure of Heart', `Type`='0', `MinLevel`='40', `MaxLevel`='40', `MinRenown`='0', `MaxRenown`='100', `Description`='Your galleon managed the troubled waters? Lanorith lives? Isha has shown mercy this day! I must meet with him right away. The magic of our bloodline will preserve his life. Yes, but first I owe you assistance. As I stated, I have indeed warded this pass. The Mournfire ward prevents the lesser daemons from spreading further throughout the Vale, but as I can sense you already know, the coming of a much greater evil power draws near. I fear the Everqueen suffers this unspeakable presence even now. Here, take this talisman adorned with my family\'s mark. It shall grant you passage through the ward. Continue to defeat those touched by the Darkpromise Cult, see this Greater Daemon\'s tether shorten, and find your way to our queen.', `Particular`='Defeat the first two Darkpromise Cult leaders, Zaar the Painseeker and The Darkpromise Beast. Speak with the Everqueen\'s Spirit afterwards.', `XP`='15834', `Gold`='40', `Given`='', `Choice`='', `ChoiceCount`='1', `PrevQuest`='47312', `ProgressText`='', `OnCompletionQuest`='', `Repeatable`='0', `Active`='1', `Shareable`='1' WHERE (`Entry`='47313');
UPDATE `war_world`.`quests` SET `Entry`='47314', `Name`='Pure of Heart', `Type`='0', `MinLevel`='40', `MaxLevel`='40', `MinRenown`='0', `MaxRenown`='100', `Description`='It is a Greater Daemon of Slaanesh! N\'Kari threatens her return. She seeks revenge, and now she follows no mortal. She commands them! Through the promise of power and unspeakable indulgences she has assembled a devout army led by her chosen thrall, Sechar the Darkpromise Chieftain. It is he who bolsters her following. Even now he uses the maelstrom\'s shard found in the north to bring more into the vale. It is he who commands my spirit sapped to empower the ritual for N\'Kari\'s return!', `Particular`='Find a way to close the Darkpromise Portal in the Lost Vale. Defeat Sechar, the Darkpromise Chieftain. Speak with Caledor Mournfire', `XP`='15834', `Gold`='240', `Given`='[640154,1]', `Choice`='[1005021,1],[1005022,1],[1005023,1],[1005024,1]', `ChoiceCount`='1', `PrevQuest`='47313', `ProgressText`='', `OnCompletionQuest`='', `Repeatable`='0', `Active`='1', `Shareable`='1' WHERE (`Entry`='47314');
UPDATE `war_world`.`quests` SET `Entry`='47315', `Name`='Pure of Heart', `Type`='0', `MinLevel`='40', `MaxLevel`='40', `MinRenown`='0', `MaxRenown`='100', `Description`='Thank you for your kind words, |n. It was an honor to fight by your side, but you must not concern yourself with my pride. The Everqueen is all that matters. Should we, the High Elves, lose our queen, then so shall our people lose their will to fight. You must press on. May Aenarion\'s strength fill you and your allies. For it is your fate to face this Greater Daemon...', `Particular`='Enter the Everqueen\'s Palace in the Lost Vale. Defeat N\'Kari, Keeper of Secrets. Rescue Alarielle the Everqueen. Then speak with Phoenix King Finubar in Altdorf.', `XP`='19001', `Gold`='5', `Given`='', `Choice`='', `ChoiceCount`='1', `PrevQuest`='47314', `ProgressText`='', `OnCompletionQuest`='', `Repeatable`='0', `Active`='1', `Shareable`='1' WHERE (`Entry`='47315');


UPDATE `war_world`.`quests_objectives` SET `Guid`='5831', `Entry`='47300', `ObjType`='1', `ObjCount`='1', `Description`='Lanorith Mournfire', `ObjID`='44583', `PQArea`=NULL, `inZones`=NULL, `PreviousObj`='0' WHERE (`Guid`='5831');
UPDATE `war_world`.`quests_objectives` SET `Guid`='4230', `Entry`='47301', `ObjType`='1', `ObjCount`='1', `Description`='Rendezvous with Raelle Mournfire', `ObjID`='10505158', `PQArea`=NULL, `inZones`=NULL, `PreviousObj`='0' WHERE (`Guid`='4230');
UPDATE `war_world`.`quests_objectives` SET `Guid`='6490', `Entry`='47302', `ObjType`='1', `ObjCount`='1', `Description`='Everqueen\'s Spirit', `ObjID`='6858', `PQArea`=NULL, `inZones`=NULL, `PreviousObj`='0' WHERE (`Guid`='6490');
UPDATE `war_world`.`quests_objectives` SET `Guid`='4231', `Entry`='47303', `ObjType`='2', `ObjCount`='1', `Description`='Malghor Greathorn Slain', `ObjID`='6821', `PQArea`=NULL, `inZones`=NULL, `PreviousObj`='0' WHERE (`Guid`='4231');
UPDATE `war_world`.`quests_objectives` SET `Guid`='4232', `Entry`='47304', `ObjType`='2', `ObjCount`='1', `Description`='Empower Menhir Stone', `ObjID`='6858', `PQArea`=NULL, `inZones`=NULL, `PreviousObj`='0' WHERE (`Guid`='4232');
UPDATE `war_world`.`quests_objectives` SET `Guid`='4233', `Entry`='47305', `ObjType`='4', `ObjCount`='1', `Description`='Worldbearer Branch', `ObjID`='8519', `PQArea`=NULL, `inZones`=NULL, `PreviousObj`='0' WHERE (`Guid`='4233');
UPDATE `war_world`.`quests_objectives` SET `Guid`='4234', `Entry`='47305', `ObjType`='2', `ObjCount`='1', `Description`='Dralel the Whitefire Queen Slain', `ObjID`='6843', `PQArea`=NULL, `inZones`=NULL, `PreviousObj`='0' WHERE (`Guid`='4234');
UPDATE `war_world`.`quests_objectives` SET `Guid`='4235', `Entry`='47306', `ObjType`='2', `ObjCount`='1', `Description`='Chul Earthkeeper Slain', `ObjID`='6807', `PQArea`=NULL, `inZones`=NULL, `PreviousObj`='0' WHERE (`Guid`='4235');
UPDATE `war_world`.`quests_objectives` SET `Guid`='4236', `Entry`='47307', `ObjType`='2', `ObjCount`='1', `Description`='Gutbeater Slain', `ObjID`='6834', `PQArea`=NULL, `inZones`=NULL, `PreviousObj`='0' WHERE (`Guid`='4236');
UPDATE `war_world`.`quests_objectives` SET `Guid`='4237', `Entry`='47308', `ObjType`='2', `ObjCount`='1', `Description`='Ruins of Isha Power Discovered', `ObjID`='6818', `PQArea`=NULL, `inZones`=NULL, `PreviousObj`='0' WHERE (`Guid`='4237');
UPDATE `war_world`.`quests_objectives` SET `Guid`='4238', `Entry`='47309', `ObjType`='2', `ObjCount`='1', `Description`='Gorak the Ancient Slain', `ObjID`='6850', `PQArea`=NULL, `inZones`=NULL, `PreviousObj`='0' WHERE (`Guid`='4238');
UPDATE `war_world`.`quests_objectives` SET `Guid`='4239', `Entry`='47310', `ObjType`='2', `ObjCount`='1', `Description`='Sarthain the Worldbearer Slain', `ObjID`='6842', `PQArea`=NULL, `inZones`=NULL, `PreviousObj`='0' WHERE (`Guid`='4239');
UPDATE `war_world`.`quests_objectives` SET `Guid`='4240', `Entry`='47312', `ObjType`='1', `ObjCount`='1', `Description`='Caledor Mournfire Convinced', `ObjID`='10505159', `PQArea`=NULL, `inZones`=NULL, `PreviousObj`='0' WHERE (`Guid`='4240');
UPDATE `war_world`.`quests_objectives` SET `Guid`='4241', `Entry`='47313', `ObjType`='2', `ObjCount`='1', `Description`='The Darkpromise Beast Slain', `ObjID`='4276', `PQArea`=NULL, `inZones`=NULL, `PreviousObj`='0' WHERE (`Guid`='4241');
UPDATE `war_world`.`quests_objectives` SET `Guid`='4242', `Entry`='47313', `ObjType`='2', `ObjCount`='1', `Description`='Zaar the Painseeker Slain', `ObjID`='61601', `PQArea`=NULL, `inZones`=NULL, `PreviousObj`='0' WHERE (`Guid`='4242');
UPDATE `war_world`.`quests_objectives` SET `Guid`='4243', `Entry`='47314', `ObjType`='2', `ObjCount`='1', `Description`='Sechar, the Darkpromise Chieftain Slain', `ObjID`='61598', `PQArea`=NULL, `inZones`=NULL, `PreviousObj`='0' WHERE (`Guid`='4243');
UPDATE `war_world`.`quests_objectives` SET `Guid`='4244', `Entry`='47315', `ObjType`='1', `ObjCount`='1', `Description`='Everqueen Rescued', `ObjID`='10505160', `PQArea`=NULL, `inZones`=NULL, `PreviousObj`='0' WHERE (`Guid`='4244');
UPDATE `war_world`.`quests_objectives` SET `Guid`='4245', `Entry`='47315', `ObjType`='2', `ObjCount`='1', `Description`='N\'Kari, Keeper of Secrets Defeated', `ObjID`='62147', `PQArea`=NULL, `inZones`=NULL, `PreviousObj`='0' WHERE (`Guid`='4245');



UPDATE `war_world`.`quests_creature_starter` SET `Entry`='47300', `CreatureID`='870' WHERE (`Entry`='47300');
UPDATE `war_world`.`quests_creature_starter` SET `Entry`='47301', `CreatureID`='44583' WHERE (`Entry`='47301');
UPDATE `war_world`.`quests_creature_starter` SET `Entry`='47302', `CreatureID`='44583' WHERE (`Entry`='47302');
UPDATE `war_world`.`quests_creature_starter` SET `Entry`='47303', `CreatureID`='6858' WHERE (`Entry`='47303');
UPDATE `war_world`.`quests_creature_starter` SET `Entry`='47304', `CreatureID`='6858' WHERE (`Entry`='47304');
UPDATE `war_world`.`quests_creature_starter` SET `Entry`='47305', `CreatureID`='6858' WHERE (`Entry`='47305');
UPDATE `war_world`.`quests_creature_starter` SET `Entry`='47306', `CreatureID`='44583' WHERE (`Entry`='47306');
UPDATE `war_world`.`quests_creature_starter` SET `Entry`='47307', `CreatureID`='6858' WHERE (`Entry`='47307');
UPDATE `war_world`.`quests_creature_starter` SET `Entry`='47308', `CreatureID`='6858' WHERE (`Entry`='47308');
UPDATE `war_world`.`quests_creature_starter` SET `Entry`='47309', `CreatureID`='6858' WHERE (`Entry`='47309');
UPDATE `war_world`.`quests_creature_starter` SET `Entry`='47310', `CreatureID`='6858' WHERE (`Entry`='47310');
UPDATE `war_world`.`quests_creature_starter` SET `Entry`='47311', `CreatureID`='44583' WHERE (`Entry`='47311');
UPDATE `war_world`.`quests_creature_starter` SET `Entry`='47312', `CreatureID`='10505159' WHERE (`Entry`='47312');
UPDATE `war_world`.`quests_creature_starter` SET `Entry`='47313', `CreatureID`='10505159' WHERE (`Entry`='47313');
UPDATE `war_world`.`quests_creature_starter` SET `Entry`='47314', `CreatureID`='6858' WHERE (`Entry`='47314');
UPDATE `war_world`.`quests_creature_starter` SET `Entry`='47315', `CreatureID`='10505159' WHERE (`Entry`='47315');




UPDATE `war_world`.`quests_creature_finisher` SET `Entry`='47300', `CreatureID`='44583' WHERE (`Entry`='47300');
UPDATE `war_world`.`quests_creature_finisher` SET `Entry`='47301', `CreatureID`='44583' WHERE (`Entry`='47301');
UPDATE `war_world`.`quests_creature_finisher` SET `Entry`='47302', `CreatureID`='6858' WHERE (`Entry`='47302');
UPDATE `war_world`.`quests_creature_finisher` SET `Entry`='47303', `CreatureID`='6858' WHERE (`Entry`='47303');
UPDATE `war_world`.`quests_creature_finisher` SET `Entry`='47304', `CreatureID`='6858' WHERE (`Entry`='47304');
UPDATE `war_world`.`quests_creature_finisher` SET `Entry`='47305', `CreatureID`='44583' WHERE (`Entry`='47305');
UPDATE `war_world`.`quests_creature_finisher` SET `Entry`='47306', `CreatureID`='6858' WHERE (`Entry`='47306');
UPDATE `war_world`.`quests_creature_finisher` SET `Entry`='47307', `CreatureID`='6858' WHERE (`Entry`='47307');
UPDATE `war_world`.`quests_creature_finisher` SET `Entry`='47308', `CreatureID`='6858' WHERE (`Entry`='47308');
UPDATE `war_world`.`quests_creature_finisher` SET `Entry`='47309', `CreatureID`='6858' WHERE (`Entry`='47309');
UPDATE `war_world`.`quests_creature_finisher` SET `Entry`='47310', `CreatureID`='44583' WHERE (`Entry`='47310');
UPDATE `war_world`.`quests_creature_finisher` SET `Entry`='47311', `CreatureID`='10505159' WHERE (`Entry`='47311');
UPDATE `war_world`.`quests_creature_finisher` SET `Entry`='47312', `CreatureID`='10505159' WHERE (`Entry`='47312');
UPDATE `war_world`.`quests_creature_finisher` SET `Entry`='47313', `CreatureID`='6858' WHERE (`Entry`='47313');
UPDATE `war_world`.`quests_creature_finisher` SET `Entry`='47314', `CreatureID`='10505159' WHERE (`Entry`='47314');
UPDATE `war_world`.`quests_creature_finisher` SET `Entry`='47315', `CreatureID`='870' WHERE (`Entry`='47315');
