AreaKey,AreaTitle,Rank,GlobalRank,PriorityBucket,PriorityScore,SubjectKind,SubjectKey,Title,Summary,Evidence,RecommendedAction,ExampleAbilityId,ReferencePath,ReferenceLocation
Coverage,Coverage Gaps,1,1,Critical,190,MissingPattern,"csv, bin, effect-text, effect-row, components","Common missing pattern: csv, bin, effect-text, effect-row, components",1203 abilities still share this extracted-client gap pattern.,"Statuses: StringsOnly. Samples: 40, 53, 62, 80, 82, 90, 92, 93, 94, 95, 135, 145.",Resolve the missing root effect link so ability flow can be traced through the client effect chain.,40,,
Coverage,Coverage Gaps,2,2,Critical,175,MissingPattern,"csv, effect-text, effect-row","Common missing pattern: csv, effect-text, effect-row",1570 abilities still share this extracted-client gap pattern.,"Statuses: Partial. Samples: 38, 71, 251, 252, 253, 254, 255, 256, 257, 259, 261, 262.",Resolve the missing root effect link so ability flow can be traced through the client effect chain.,38,,
Coverage,Coverage Gaps,3,3,Critical,175,MissingPattern,"effect-text, effect-row","Common missing pattern: effect-text, effect-row",355 abilities still share this extracted-client gap pattern.,"Statuses: Partial. Samples: 609, 612, 632, 634, 654, 655, 675, 676, 691, 693, 739, 760.",Resolve the missing root effect link so ability flow can be traced through the client effect chain.,609,,
Coverage,Coverage Gaps,4,4,High,167,MissingPattern,"csv, effect-text, effect-row, components","Common missing pattern: csv, effect-text, effect-row, components",22 abilities still share this extracted-client gap pattern.,"Statuses: Partial. Samples: 5979, 14059, 23500, 23639, 23689, 23690, 23691, 23692, 23693, 23696, 24598, 24855.",Resolve the missing root effect link so ability flow can be traced through the client effect chain.,5979,,
Coverage,Coverage Gaps,5,5,High,166,MissingPattern,"csv, bin, effect-row, components","Common missing pattern: csv, bin, effect-row, components",6 abilities still share this extracted-client gap pattern.,"Statuses: StringsOnly. Samples: 20, 121, 126, 999, 1000, 1003.",Resolve the missing root effect link so ability flow can be traced through the client effect chain.,20,,
Coverage,Coverage Gaps,6,6,High,160,CoverageStatus,StringsOnly,StringsOnly ability bucket,1209 abilities still sit in `StringsOnly` coverage instead of a fully mapped state.,"Samples: 20, 40, 53, 62, 80, 82, 90, 92, 93, 94, 95, 121. Common missing pieces: csv, bin, effect-row, components, csv, bin, effect-text, effect-row, components.","Find the missing BIN, effect, and component evidence so this stops being a text-only ability shell.",20,,
Coverage,Coverage Gaps,7,7,High,154,MissingPattern,"effect-text, components","Common missing pattern: effect-text, components",9 abilities still share this extracted-client gap pattern.,"Statuses: Partial. Samples: 13761, 15554, 15558, 22915, 23701, 23702, 23779, 24700, 27951.",Recover the missing component linkage before trying to interpret operation semantics.,13761,,
Coverage,Coverage Gaps,8,8,High,151,MissingPattern,"csv, effect-row","Common missing pattern: csv, effect-row",6 abilities still share this extracted-client gap pattern.,"Statuses: Partial. Samples: 23, 26, 29, 992, 993, 994.",Resolve the missing root effect link so ability flow can be traced through the client effect chain.,23,,
Coverage,Coverage Gaps,9,9,High,145,CoverageStatus,Partial,Partial ability bucket,1962 abilities still sit in `Partial` coverage instead of a fully mapped state.,"Samples: 23, 26, 29, 38, 71, 251, 252, 253, 254, 255, 256, 257. Common missing pieces: csv, effect-row, csv, effect-text, effect-row, effect-text, effect-row.",Close the missing extracted-client pieces called out in the pattern list before spending time on deeper semantic decoding.,23,,
