/*
	V1.0 Baseversion
*/
/* ButchersPass - Deleting new NPC to avoid duplicate Entrys */
DELETE FROM `war_world`.`creature_protos` WHERE (`Entry` = '1025550');
DELETE FROM `war_world`.`creature_protos` WHERE (`Entry` = '1025551');
DELETE FROM `war_world`.`creature_protos` WHERE (`Entry` = '1025552');
DELETE FROM `war_world`.`creature_protos` WHERE (`Entry` = '1025553');
DELETE FROM `war_world`.`creature_protos` WHERE (`Entry` = '1025554');
DELETE FROM `war_world`.`creature_protos` WHERE (`Entry` = '1025555');
DELETE FROM `war_world`.`creature_protos` WHERE (`Entry` = '1025556');
DELETE FROM `war_world`.`creature_protos` WHERE (`Entry` = '1025557');
DELETE FROM `war_world`.`creature_protos` WHERE (`Entry` = '1025558');
DELETE FROM `war_world`.`creature_protos` WHERE (`Entry` = '1025559');
DELETE FROM `war_world`.`creature_protos` WHERE (`Entry` = '1025560');
DELETE FROM `war_world`.`creature_protos` WHERE (`Entry` = '1025561');
/* ButchersPass - Generating new NPC */
INSERT INTO `war_world`.`creature_protos` (`Entry`, `Name`, `Model1`, `Model2`, `MinScale`, `MaxScale`, `MinLevel`, `MaxLevel`, `Faction`, `Ranged`, `Icone`, `Emote`, `Title`, `Unk`, `Unk1`, `Unk2`, `Unk3`, `Unk4`, `Unk5`, `Unk6`, `Flag`, `ScriptName`, `CreatureType`, `CreatureSubType`, `TokUnlock`, `LairBoss`, `VendorID`, `Career`, `PowerModifier`, `WoundsModifier`, `Invulnerable`, `WeaponDPS`, `ImmuneToCC`) VALUES ('1025550', 'Butcher\'s Thumper', '1216', '0', '50', '50', '40', '40', '131', '5', '18', '0', '0', '49', '0', '1000', '0', '0', '9159', '3', '46789528991377823', '', '15', '82', '0', '0', '0', '0', '1.00', '1.00', '0', '0', '0');
INSERT INTO `war_world`.`creature_protos` (`Entry`, `Name`, `Model1`, `Model2`, `MinScale`, `MaxScale`, `MinLevel`, `MaxLevel`, `Faction`, `Ranged`, `Icone`, `Emote`, `Title`, `Unk`, `Unk1`, `Unk2`, `Unk3`, `Unk4`, `Unk5`, `Unk6`, `Flag`, `ScriptName`, `CreatureType`, `CreatureSubType`, `TokUnlock`, `LairBoss`, `VendorID`, `Career`, `PowerModifier`, `WoundsModifier`, `Invulnerable`, `WeaponDPS`, `ImmuneToCC`) VALUES ('1025551', 'Butcher\'s Pyro Git', '1217', '0', '50', '50', '40', '40', '131', '5', '18', '0', '0', '33', '0', '1000', '0', '0', '9712', '5', '19060197167148344', '', '15', '80', '0', '0', '0', '0', '1.00', '1.00', '0', '0', '0');
INSERT INTO `war_world`.`creature_protos` (`Entry`, `Name`, `Model1`, `Model2`, `MinScale`, `MaxScale`, `MinLevel`, `MaxLevel`, `Faction`, `Ranged`, `Icone`, `Emote`, `Title`, `Unk`, `Unk1`, `Unk2`, `Unk3`, `Unk4`, `Unk5`, `Unk6`, `Flag`, `ScriptName`, `CreatureType`, `CreatureSubType`, `TokUnlock`, `LairBoss`, `VendorID`, `Career`, `PowerModifier`, `WoundsModifier`, `Invulnerable`, `WeaponDPS`, `ImmuneToCC`) VALUES ('1025552', 'Butcher\'s Roarer', '1217', '0', '50', '50', '40', '40', '131', '35', '20', '0', '0', '37', '0', '1000', '0', '0', '9699', '7', '44981518317335376', '', '15', '80', '0', '0', '0', '0', '1.00', '1.00', '0', '0', '0');
INSERT INTO `war_world`.`creature_protos` (`Entry`, `Name`, `Model1`, `Model2`, `MinScale`, `MaxScale`, `MinLevel`, `MaxLevel`, `Faction`, `Ranged`, `Icone`, `Emote`, `Title`, `Unk`, `Unk1`, `Unk2`, `Unk3`, `Unk4`, `Unk5`, `Unk6`, `Flag`, `ScriptName`, `CreatureType`, `CreatureSubType`, `TokUnlock`, `LairBoss`, `VendorID`, `Career`, `PowerModifier`, `WoundsModifier`, `Invulnerable`, `WeaponDPS`, `ImmuneToCC`) VALUES ('1025553', 'Butcher\'s Killa', '1216', '0', '50', '50', '40', '40', '131', '5', '18', '0', '0', '37', '0', '1000', '0', '0', '9714', '0', '21912566492050044', '', '15', '82', '0', '0', '0', '0', '1.00', '1.00', '0', '0', '0');
INSERT INTO `war_world`.`creature_protos` (`Entry`, `Name`, `Model1`, `Model2`, `MinScale`, `MaxScale`, `MinLevel`, `MaxLevel`, `Faction`, `Ranged`, `Icone`, `Emote`, `Title`, `Unk`, `Unk1`, `Unk2`, `Unk3`, `Unk4`, `Unk5`, `Unk6`, `Flag`, `ScriptName`, `CreatureType`, `CreatureSubType`, `TokUnlock`, `LairBoss`, `VendorID`, `FigLeafData`, `Career`, `PowerModifier`, `WoundsModifier`, `Invulnerable`, `WeaponDPS`, `ImmuneToCC`) VALUES ('1025554', 'Butcher\'s Shoota', '1216', '0', '50', '51', '40', '40', '131', '35', '18', '0', '0', '37', '0', '1000', '0', '0', '10136', '8', '4833706116851290', '', '15', '82', '0', '0', '0', '0 0 0 16 1 10', '0', '1.00', '1.00', '0', '0', '0');
INSERT INTO `war_world`.`creature_protos` (`Entry`, `Name`, `Model1`, `Model2`, `MinScale`, `MaxScale`, `MinLevel`, `MaxLevel`, `Faction`, `Ranged`, `Icone`, `Emote`, `Title`, `Unk`, `Unk1`, `Unk2`, `Unk3`, `Unk4`, `Unk5`, `Unk6`, `Flag`, `ScriptName`, `CreatureType`, `CreatureSubType`, `TokUnlock`, `LairBoss`, `VendorID`, `Career`, `PowerModifier`, `WoundsModifier`, `Invulnerable`, `WeaponDPS`, `ImmuneToCC`) VALUES ('1025555', 'Butcher\'s Bonebreaker', '1216', '0', '50', '50', '40', '40', '131', '5', '18', '0', '0', '37', '0', '1000', '0', '0', '9699', '8', '45541289954980833', '', '15', '82', '0', '0', '0', '0', '1.00', '1.00', '0', '0', '0');
INSERT INTO `war_world`.`creature_protos` (`Entry`, `Name`, `Model1`, `Model2`, `MinScale`, `MaxScale`, `MinLevel`, `MaxLevel`, `Faction`, `Ranged`, `Icone`, `Emote`, `Title`, `Unk`, `Unk1`, `Unk2`, `Unk3`, `Unk4`, `Unk5`, `Unk6`, `Flag`, `ScriptName`, `CreatureType`, `CreatureSubType`, `TokUnlock`, `LairBoss`, `VendorID`, `Career`, `PowerModifier`, `WoundsModifier`, `Invulnerable`, `WeaponDPS`, `ImmuneToCC`) VALUES ('1025556', 'Butcher\'s Black Orc', '1216', '0', '50', '57', '40', '40', '131', '5', '18', '0', '0', '41', '0', '1000', '0', '1', '4608', '2', '40891561332384240', '', '15', '82', '0', '0', '0', '0', '1.00', '1.00', '0', '0', '0');
INSERT INTO `war_world`.`creature_protos` (`Entry`, `Name`, `Model1`, `Model2`, `MinScale`, `MaxScale`, `MinLevel`, `MaxLevel`, `Faction`, `Ranged`, `Icone`, `Emote`, `Title`, `Unk`, `Unk1`, `Unk2`, `Unk3`, `Unk4`, `Unk5`, `Unk6`, `Flag`, `ScriptName`, `CreatureType`, `CreatureSubType`, `TokUnlock`, `LairBoss`, `VendorID`, `Career`, `PowerModifier`, `WoundsModifier`, `Invulnerable`, `WeaponDPS`, `ImmuneToCC`) VALUES ('1025557', 'Butcher\'s Boy', '1216', '0', '50', '50', '40', '40', '131', '5', '18', '0', '0', '42', '0', '1000', '0', '0', '9397', '6', '7222449194215000', '', '15', '82', '0', '0', '0', '0', '1.00', '1.00', '0', '0', '0');
INSERT INTO `war_world`.`creature_protos` (`Entry`, `Name`, `Model1`, `Model2`, `MinScale`, `MaxScale`, `MinLevel`, `MaxLevel`, `Faction`, `Ranged`, `Icone`, `Emote`, `Title`, `Unk`, `Unk1`, `Unk2`, `Unk3`, `Unk4`, `Unk5`, `Unk6`, `Flag`, `ScriptName`, `CreatureType`, `CreatureSubType`, `TokUnlock`, `LairBoss`, `VendorID`, `Career`, `PowerModifier`, `WoundsModifier`, `Invulnerable`, `WeaponDPS`, `ImmuneToCC`) VALUES ('1025558', 'Butcher\'s Grimgork', '1217', '0', '60', '60', '40', '40', '133', '5', '18', '0', '0', '33', '0', '1000', '0', '0', '9810', '0', '53082954597936228', '', '15', '80', '0', '0', '0', '0', '1.00', '1.00', '0', '0', '0');
INSERT INTO `war_world`.`creature_protos` (`Entry`, `Name`, `Model1`, `Model2`, `MinScale`, `MaxScale`, `MinLevel`, `MaxLevel`, `Faction`, `Ranged`, `Icone`, `Emote`, `Title`, `Unk`, `Unk1`, `Unk2`, `Unk3`, `Unk4`, `Unk5`, `Unk6`, `Flag`, `ScriptName`, `CreatureType`, `CreatureSubType`, `TokUnlock`, `LairBoss`, `VendorID`, `Career`, `PowerModifier`, `WoundsModifier`, `Invulnerable`, `WeaponDPS`, `ImmuneToCC`) VALUES ('1025559', 'Butcher\'s Squig', '1074', '0', '50', '50', '40', '40', '129', '5', '26', '0', '0', '5', '0', '1000', '0', '0', '9472', '1', '55913080385513018', '', '15', '86', '0', '0', '0', '0', '1.00', '1.00', '0', '0', '0');
INSERT INTO `war_world`.`creature_protos` (`Entry`, `Name`, `Model1`, `Model2`, `MinScale`, `MaxScale`, `MinLevel`, `MaxLevel`, `Faction`, `Ranged`, `Icone`, `Emote`, `Title`, `Unk`, `Unk1`, `Unk2`, `Unk3`, `Unk4`, `Unk5`, `Unk6`, `Flag`, `ScriptName`, `CreatureType`, `CreatureSubType`, `TokUnlock`, `LairBoss`, `VendorID`, `Career`, `PowerModifier`, `WoundsModifier`, `Invulnerable`, `WeaponDPS`, `ImmuneToCC`) VALUES ('1025560', 'Butcher\'s Git', '1079', '0', '50', '50', '40', '40', '128', '5', '18', '0', '0', '5', '0', '1000', '0', '0', '0', '0', '6092511089012686', '', '15', '85', '0', '0', '0', '0', '1.00', '1.00', '0', '0', '0');
INSERT INTO `war_world`.`creature_protos` (`Entry`, `Name`, `Model1`, `Model2`, `MinScale`, `MaxScale`, `MinLevel`, `MaxLevel`, `Faction`, `Ranged`, `Icone`, `Emote`, `Title`, `Unk`, `Unk1`, `Unk2`, `Unk3`, `Unk4`, `Unk5`, `Unk6`, `Flag`, `ScriptName`, `CreatureType`, `CreatureSubType`, `TokUnlock`, `LairBoss`, `VendorID`, `Career`, `PowerModifier`, `WoundsModifier`, `Invulnerable`, `WeaponDPS`, `ImmuneToCC`) VALUES ('1025561', 'Butcher\'s Ironhide', '1216', '0', '52', '55', '40', '40', '131', '5', '18', '0', '0', '41', '0', '1000', '0', '1', '4608', '2', '40891561332384240', '', '15', '82', '0', '0', '0', '0', '1.00', '1.00', '0', '0', '0');
/* ButchersPass - Deleting new NPC Equip/Look - Avoiding duplicate Entrys */
DELETE FROM `war_world`.`creature_items` WHERE (`Entry` = '1025550') and (`SlotId` = '10');
DELETE FROM `war_world`.`creature_items` WHERE (`Entry` = '1025550') and (`SlotId` = '11');
DELETE FROM `war_world`.`creature_items` WHERE (`Entry` = '1025550') and (`SlotId` = '20');
DELETE FROM `war_world`.`creature_items` WHERE (`Entry` = '1025550') and (`SlotId` = '21');
DELETE FROM `war_world`.`creature_items` WHERE (`Entry` = '1025550') and (`SlotId` = '22');
DELETE FROM `war_world`.`creature_items` WHERE (`Entry` = '1025550') and (`SlotId` = '23');
DELETE FROM `war_world`.`creature_items` WHERE (`Entry` = '1025550') and (`SlotId` = '24');
DELETE FROM `war_world`.`creature_items` WHERE (`Entry` = '1025550') and (`SlotId` = '28');
DELETE FROM `war_world`.`creature_items` WHERE (`Entry` = '1025551') and (`SlotId` = '10');
DELETE FROM `war_world`.`creature_items` WHERE (`Entry` = '1025551') and (`SlotId` = '20');
DELETE FROM `war_world`.`creature_items` WHERE (`Entry` = '1025551') and (`SlotId` = '21');
DELETE FROM `war_world`.`creature_items` WHERE (`Entry` = '1025551') and (`SlotId` = '22');
DELETE FROM `war_world`.`creature_items` WHERE (`Entry` = '1025551') and (`SlotId` = '23');
DELETE FROM `war_world`.`creature_items` WHERE (`Entry` = '1025551') and (`SlotId` = '24');
DELETE FROM `war_world`.`creature_items` WHERE (`Entry` = '1025551') and (`SlotId` = '28');
DELETE FROM `war_world`.`creature_items` WHERE (`Entry` = '1025552') and (`SlotId` = '10');
DELETE FROM `war_world`.`creature_items` WHERE (`Entry` = '1025552') and (`SlotId` = '12');
DELETE FROM `war_world`.`creature_items` WHERE (`Entry` = '1025552') and (`SlotId` = '20');
DELETE FROM `war_world`.`creature_items` WHERE (`Entry` = '1025552') and (`SlotId` = '21');
DELETE FROM `war_world`.`creature_items` WHERE (`Entry` = '1025552') and (`SlotId` = '22');
DELETE FROM `war_world`.`creature_items` WHERE (`Entry` = '1025552') and (`SlotId` = '23');
DELETE FROM `war_world`.`creature_items` WHERE (`Entry` = '1025552') and (`SlotId` = '24');
DELETE FROM `war_world`.`creature_items` WHERE (`Entry` = '1025552') and (`SlotId` = '28');
DELETE FROM `war_world`.`creature_items` WHERE (`Entry` = '1025553') and (`SlotId` = '10');
DELETE FROM `war_world`.`creature_items` WHERE (`Entry` = '1025553') and (`SlotId` = '11');
DELETE FROM `war_world`.`creature_items` WHERE (`Entry` = '1025553') and (`SlotId` = '20');
DELETE FROM `war_world`.`creature_items` WHERE (`Entry` = '1025553') and (`SlotId` = '21');
DELETE FROM `war_world`.`creature_items` WHERE (`Entry` = '1025553') and (`SlotId` = '22');
DELETE FROM `war_world`.`creature_items` WHERE (`Entry` = '1025553') and (`SlotId` = '23');
DELETE FROM `war_world`.`creature_items` WHERE (`Entry` = '1025553') and (`SlotId` = '24');
DELETE FROM `war_world`.`creature_items` WHERE (`Entry` = '1025553') and (`SlotId` = '28');
DELETE FROM `war_world`.`creature_items` WHERE (`Entry` = '1025554') and (`SlotId` = '10');
DELETE FROM `war_world`.`creature_items` WHERE (`Entry` = '1025554') and (`SlotId` = '12');
DELETE FROM `war_world`.`creature_items` WHERE (`Entry` = '1025554') and (`SlotId` = '20');
DELETE FROM `war_world`.`creature_items` WHERE (`Entry` = '1025554') and (`SlotId` = '21');
DELETE FROM `war_world`.`creature_items` WHERE (`Entry` = '1025554') and (`SlotId` = '22');
DELETE FROM `war_world`.`creature_items` WHERE (`Entry` = '1025554') and (`SlotId` = '24');
DELETE FROM `war_world`.`creature_items` WHERE (`Entry` = '1025554') and (`SlotId` = '25');
DELETE FROM `war_world`.`creature_items` WHERE (`Entry` = '1025554') and (`SlotId` = '28');
DELETE FROM `war_world`.`creature_items` WHERE (`Entry` = '1025555') and (`SlotId` = '10');
DELETE FROM `war_world`.`creature_items` WHERE (`Entry` = '1025555') and (`SlotId` = '12');
DELETE FROM `war_world`.`creature_items` WHERE (`Entry` = '1025555') and (`SlotId` = '20');
DELETE FROM `war_world`.`creature_items` WHERE (`Entry` = '1025555') and (`SlotId` = '21');
DELETE FROM `war_world`.`creature_items` WHERE (`Entry` = '1025555') and (`SlotId` = '22');
DELETE FROM `war_world`.`creature_items` WHERE (`Entry` = '1025555') and (`SlotId` = '24');
DELETE FROM `war_world`.`creature_items` WHERE (`Entry` = '1025555') and (`SlotId` = '25');
DELETE FROM `war_world`.`creature_items` WHERE (`Entry` = '1025555') and (`SlotId` = '28');
DELETE FROM `war_world`.`creature_items` WHERE (`Entry` = '1025556') and (`SlotId` = '10');
DELETE FROM `war_world`.`creature_items` WHERE (`Entry` = '1025556') and (`SlotId` = '11');
DELETE FROM `war_world`.`creature_items` WHERE (`Entry` = '1025556') and (`SlotId` = '20');
DELETE FROM `war_world`.`creature_items` WHERE (`Entry` = '1025556') and (`SlotId` = '21');
DELETE FROM `war_world`.`creature_items` WHERE (`Entry` = '1025556') and (`SlotId` = '22');
DELETE FROM `war_world`.`creature_items` WHERE (`Entry` = '1025556') and (`SlotId` = '23');
DELETE FROM `war_world`.`creature_items` WHERE (`Entry` = '1025556') and (`SlotId` = '24');
DELETE FROM `war_world`.`creature_items` WHERE (`Entry` = '1025556') and (`SlotId` = '25');
DELETE FROM `war_world`.`creature_items` WHERE (`Entry` = '1025556') and (`SlotId` = '28');
DELETE FROM `war_world`.`creature_items` WHERE (`Entry` = '1025557') and (`SlotId` = '10');
DELETE FROM `war_world`.`creature_items` WHERE (`Entry` = '1025557') and (`SlotId` = '11');
DELETE FROM `war_world`.`creature_items` WHERE (`Entry` = '1025557') and (`SlotId` = '20');
DELETE FROM `war_world`.`creature_items` WHERE (`Entry` = '1025557') and (`SlotId` = '21');
DELETE FROM `war_world`.`creature_items` WHERE (`Entry` = '1025557') and (`SlotId` = '22');
DELETE FROM `war_world`.`creature_items` WHERE (`Entry` = '1025557') and (`SlotId` = '23');
DELETE FROM `war_world`.`creature_items` WHERE (`Entry` = '1025557') and (`SlotId` = '24');
DELETE FROM `war_world`.`creature_items` WHERE (`Entry` = '1025557') and (`SlotId` = '27');
DELETE FROM `war_world`.`creature_items` WHERE (`Entry` = '1025557') and (`SlotId` = '28');
DELETE FROM `war_world`.`creature_items` WHERE (`Entry` = '1025558') and (`SlotId` = '10');
DELETE FROM `war_world`.`creature_items` WHERE (`Entry` = '1025558') and (`SlotId` = '20');
DELETE FROM `war_world`.`creature_items` WHERE (`Entry` = '1025558') and (`SlotId` = '21');
DELETE FROM `war_world`.`creature_items` WHERE (`Entry` = '1025558') and (`SlotId` = '22');
DELETE FROM `war_world`.`creature_items` WHERE (`Entry` = '1025558') and (`SlotId` = '23');
DELETE FROM `war_world`.`creature_items` WHERE (`Entry` = '1025558') and (`SlotId` = '24');
DELETE FROM `war_world`.`creature_items` WHERE (`Entry` = '1025558') and (`SlotId` = '28');
DELETE FROM `war_world`.`creature_items` WHERE (`Entry` = '1025561') and (`SlotId` = '10');
DELETE FROM `war_world`.`creature_items` WHERE (`Entry` = '1025561') and (`SlotId` = '11');
DELETE FROM `war_world`.`creature_items` WHERE (`Entry` = '1025561') and (`SlotId` = '20');
DELETE FROM `war_world`.`creature_items` WHERE (`Entry` = '1025561') and (`SlotId` = '21');
DELETE FROM `war_world`.`creature_items` WHERE (`Entry` = '1025561') and (`SlotId` = '22');
DELETE FROM `war_world`.`creature_items` WHERE (`Entry` = '1025561') and (`SlotId` = '23');
DELETE FROM `war_world`.`creature_items` WHERE (`Entry` = '1025561') and (`SlotId` = '24');
DELETE FROM `war_world`.`creature_items` WHERE (`Entry` = '1025561') and (`SlotId` = '25');
DELETE FROM `war_world`.`creature_items` WHERE (`Entry` = '1025561') and (`SlotId` = '28');
/* ButchersPass - Generating new NPC Equip/Look */
INSERT INTO `war_world`.`creature_items` (`Entry`, `SlotId`, `ModelId`, `EffectId`, `PrimaryColor`, `SecondaryColor`) VALUES ('1025550', '10', '1001', '0', '0', '0');
INSERT INTO `war_world`.`creature_items` (`Entry`, `SlotId`, `ModelId`, `EffectId`, `PrimaryColor`, `SecondaryColor`) VALUES ('1025550', '11', '1116', '0', '0', '0');
INSERT INTO `war_world`.`creature_items` (`Entry`, `SlotId`, `ModelId`, `EffectId`, `PrimaryColor`, `SecondaryColor`) VALUES ('1025550', '20', '2385', '15675', '0', '0');
INSERT INTO `war_world`.`creature_items` (`Entry`, `SlotId`, `ModelId`, `EffectId`, `PrimaryColor`, `SecondaryColor`) VALUES ('1025550', '21', '2387', '15675', '0', '0');
INSERT INTO `war_world`.`creature_items` (`Entry`, `SlotId`, `ModelId`, `EffectId`, `PrimaryColor`, `SecondaryColor`) VALUES ('1025550', '22', '2386', '15675', '0', '0');
INSERT INTO `war_world`.`creature_items` (`Entry`, `SlotId`, `ModelId`, `EffectId`, `PrimaryColor`, `SecondaryColor`) VALUES ('1025550', '23', '3243', '15675', '0', '0');
INSERT INTO `war_world`.`creature_items` (`Entry`, `SlotId`, `ModelId`, `EffectId`, `PrimaryColor`, `SecondaryColor`) VALUES ('1025550', '24', '2388', '15675', '0', '0');
INSERT INTO `war_world`.`creature_items` (`Entry`, `SlotId`, `ModelId`, `EffectId`, `PrimaryColor`, `SecondaryColor`) VALUES ('1025550', '28', '2384', '15675', '0', '0');
INSERT INTO `war_world`.`creature_items` (`Entry`, `SlotId`, `ModelId`, `EffectId`, `PrimaryColor`, `SecondaryColor`) VALUES ('1025551', '10', '1097', '0', '0', '0');
INSERT INTO `war_world`.`creature_items` (`Entry`, `SlotId`, `ModelId`, `EffectId`, `PrimaryColor`, `SecondaryColor`) VALUES ('1025551', '20', '2331', '0', '0', '0');
INSERT INTO `war_world`.`creature_items` (`Entry`, `SlotId`, `ModelId`, `EffectId`, `PrimaryColor`, `SecondaryColor`) VALUES ('1025551', '21', '2333', '0', '0', '0');
INSERT INTO `war_world`.`creature_items` (`Entry`, `SlotId`, `ModelId`, `EffectId`, `PrimaryColor`, `SecondaryColor`) VALUES ('1025551', '22', '2332', '0', '0', '0');
INSERT INTO `war_world`.`creature_items` (`Entry`, `SlotId`, `ModelId`, `EffectId`, `PrimaryColor`, `SecondaryColor`) VALUES ('1025551', '23', '2335', '0', '0', '0');
INSERT INTO `war_world`.`creature_items` (`Entry`, `SlotId`, `ModelId`, `EffectId`, `PrimaryColor`, `SecondaryColor`) VALUES ('1025551', '24', '2334', '0', '0', '0');
INSERT INTO `war_world`.`creature_items` (`Entry`, `SlotId`, `ModelId`, `EffectId`, `PrimaryColor`, `SecondaryColor`) VALUES ('1025551', '28', '2330', '0', '0', '0');
INSERT INTO `war_world`.`creature_items` (`Entry`, `SlotId`, `ModelId`, `EffectId`, `PrimaryColor`, `SecondaryColor`) VALUES ('1025552', '10', '1060', '0', '0', '0');
INSERT INTO `war_world`.`creature_items` (`Entry`, `SlotId`, `ModelId`, `EffectId`, `PrimaryColor`, `SecondaryColor`) VALUES ('1025552', '12', '1078', '0', '0', '0');
INSERT INTO `war_world`.`creature_items` (`Entry`, `SlotId`, `ModelId`, `EffectId`, `PrimaryColor`, `SecondaryColor`) VALUES ('1025552', '20', '2271', '0', '0', '0');
INSERT INTO `war_world`.`creature_items` (`Entry`, `SlotId`, `ModelId`, `EffectId`, `PrimaryColor`, `SecondaryColor`) VALUES ('1025552', '21', '2273', '0', '0', '0');
INSERT INTO `war_world`.`creature_items` (`Entry`, `SlotId`, `ModelId`, `EffectId`, `PrimaryColor`, `SecondaryColor`) VALUES ('1025552', '22', '2272', '0', '0', '0');
INSERT INTO `war_world`.`creature_items` (`Entry`, `SlotId`, `ModelId`, `EffectId`, `PrimaryColor`, `SecondaryColor`) VALUES ('1025552', '23', '2275', '0', '0', '0');
INSERT INTO `war_world`.`creature_items` (`Entry`, `SlotId`, `ModelId`, `EffectId`, `PrimaryColor`, `SecondaryColor`) VALUES ('1025552', '24', '2274', '0', '0', '0');
INSERT INTO `war_world`.`creature_items` (`Entry`, `SlotId`, `ModelId`, `EffectId`, `PrimaryColor`, `SecondaryColor`) VALUES ('1025552', '28', '2270', '0', '0', '0');
INSERT INTO `war_world`.`creature_items` (`Entry`, `SlotId`, `ModelId`, `EffectId`, `PrimaryColor`, `SecondaryColor`) VALUES ('1025553', '10', '1024', '0', '0', '0');
INSERT INTO `war_world`.`creature_items` (`Entry`, `SlotId`, `ModelId`, `EffectId`, `PrimaryColor`, `SecondaryColor`) VALUES ('1025553', '11', '1024', '0', '0', '0');
INSERT INTO `war_world`.`creature_items` (`Entry`, `SlotId`, `ModelId`, `EffectId`, `PrimaryColor`, `SecondaryColor`) VALUES ('1025553', '20', '2451', '0', '0', '0');
INSERT INTO `war_world`.`creature_items` (`Entry`, `SlotId`, `ModelId`, `EffectId`, `PrimaryColor`, `SecondaryColor`) VALUES ('1025553', '21', '2453', '0', '0', '0');
INSERT INTO `war_world`.`creature_items` (`Entry`, `SlotId`, `ModelId`, `EffectId`, `PrimaryColor`, `SecondaryColor`) VALUES ('1025553', '22', '2452', '0', '0', '0');
INSERT INTO `war_world`.`creature_items` (`Entry`, `SlotId`, `ModelId`, `EffectId`, `PrimaryColor`, `SecondaryColor`) VALUES ('1025553', '23', '2455', '0', '0', '0');
INSERT INTO `war_world`.`creature_items` (`Entry`, `SlotId`, `ModelId`, `EffectId`, `PrimaryColor`, `SecondaryColor`) VALUES ('1025553', '24', '2454', '0', '0', '0');
INSERT INTO `war_world`.`creature_items` (`Entry`, `SlotId`, `ModelId`, `EffectId`, `PrimaryColor`, `SecondaryColor`) VALUES ('1025553', '28', '2450', '0', '0', '0');
INSERT INTO `war_world`.`creature_items` (`Entry`, `SlotId`, `ModelId`, `EffectId`, `PrimaryColor`, `SecondaryColor`) VALUES ('1025554', '10', '1102', '0', '0', '0');
INSERT INTO `war_world`.`creature_items` (`Entry`, `SlotId`, `ModelId`, `EffectId`, `PrimaryColor`, `SecondaryColor`) VALUES ('1025554', '12', '1104', '0', '0', '0');
INSERT INTO `war_world`.`creature_items` (`Entry`, `SlotId`, `ModelId`, `EffectId`, `PrimaryColor`, `SecondaryColor`) VALUES ('1025554', '20', '3101', '0', '0', '0');
INSERT INTO `war_world`.`creature_items` (`Entry`, `SlotId`, `ModelId`, `EffectId`, `PrimaryColor`, `SecondaryColor`) VALUES ('1025554', '21', '3103', '0', '0', '0');
INSERT INTO `war_world`.`creature_items` (`Entry`, `SlotId`, `ModelId`, `EffectId`, `PrimaryColor`, `SecondaryColor`) VALUES ('1025554', '22', '3102', '0', '0', '0');
INSERT INTO `war_world`.`creature_items` (`Entry`, `SlotId`, `ModelId`, `EffectId`, `PrimaryColor`, `SecondaryColor`) VALUES ('1025554', '24', '3106', '0', '0', '0');
INSERT INTO `war_world`.`creature_items` (`Entry`, `SlotId`, `ModelId`, `EffectId`, `PrimaryColor`, `SecondaryColor`) VALUES ('1025554', '25', '3105', '0', '0', '0');
INSERT INTO `war_world`.`creature_items` (`Entry`, `SlotId`, `ModelId`, `EffectId`, `PrimaryColor`, `SecondaryColor`) VALUES ('1025554', '28', '3107', '0', '0', '0');
INSERT INTO `war_world`.`creature_items` (`Entry`, `SlotId`, `ModelId`, `EffectId`, `PrimaryColor`, `SecondaryColor`) VALUES ('1025555', '10', '1102', '0', '0', '0');
INSERT INTO `war_world`.`creature_items` (`Entry`, `SlotId`, `ModelId`, `EffectId`, `PrimaryColor`, `SecondaryColor`) VALUES ('1025555', '12', '1104', '0', '0', '0');
INSERT INTO `war_world`.`creature_items` (`Entry`, `SlotId`, `ModelId`, `EffectId`, `PrimaryColor`, `SecondaryColor`) VALUES ('1025555', '20', '3101', '0', '0', '0');
INSERT INTO `war_world`.`creature_items` (`Entry`, `SlotId`, `ModelId`, `EffectId`, `PrimaryColor`, `SecondaryColor`) VALUES ('1025555', '21', '3103', '0', '0', '0');
INSERT INTO `war_world`.`creature_items` (`Entry`, `SlotId`, `ModelId`, `EffectId`, `PrimaryColor`, `SecondaryColor`) VALUES ('1025555', '22', '3102', '0', '0', '0');
INSERT INTO `war_world`.`creature_items` (`Entry`, `SlotId`, `ModelId`, `EffectId`, `PrimaryColor`, `SecondaryColor`) VALUES ('1025555', '24', '3106', '0', '0', '0');
INSERT INTO `war_world`.`creature_items` (`Entry`, `SlotId`, `ModelId`, `EffectId`, `PrimaryColor`, `SecondaryColor`) VALUES ('1025555', '25', '3105', '0', '0', '0');
INSERT INTO `war_world`.`creature_items` (`Entry`, `SlotId`, `ModelId`, `EffectId`, `PrimaryColor`, `SecondaryColor`) VALUES ('1025555', '28', '3107', '0', '0', '0');
INSERT INTO `war_world`.`creature_items` (`Entry`, `SlotId`, `ModelId`, `EffectId`, `PrimaryColor`, `SecondaryColor`) VALUES ('1025556', '10', '8415', '0', '0', '0');
INSERT INTO `war_world`.`creature_items` (`Entry`, `SlotId`, `ModelId`, `EffectId`, `PrimaryColor`, `SecondaryColor`) VALUES ('1025556', '11', '8291', '0', '0', '0');
INSERT INTO `war_world`.`creature_items` (`Entry`, `SlotId`, `ModelId`, `EffectId`, `PrimaryColor`, `SecondaryColor`) VALUES ('1025556', '20', '2404', '0', '0', '0');
INSERT INTO `war_world`.`creature_items` (`Entry`, `SlotId`, `ModelId`, `EffectId`, `PrimaryColor`, `SecondaryColor`) VALUES ('1025556', '21', '2406', '0', '0', '0');
INSERT INTO `war_world`.`creature_items` (`Entry`, `SlotId`, `ModelId`, `EffectId`, `PrimaryColor`, `SecondaryColor`) VALUES ('1025556', '22', '2392', '0', '0', '0');
INSERT INTO `war_world`.`creature_items` (`Entry`, `SlotId`, `ModelId`, `EffectId`, `PrimaryColor`, `SecondaryColor`) VALUES ('1025556', '23', '5782', '0', '0', '0');
INSERT INTO `war_world`.`creature_items` (`Entry`, `SlotId`, `ModelId`, `EffectId`, `PrimaryColor`, `SecondaryColor`) VALUES ('1025556', '24', '2941', '0', '0', '0');
INSERT INTO `war_world`.`creature_items` (`Entry`, `SlotId`, `ModelId`, `EffectId`, `PrimaryColor`, `SecondaryColor`) VALUES ('1025556', '25', '664', '0', '0', '0');
INSERT INTO `war_world`.`creature_items` (`Entry`, `SlotId`, `ModelId`, `EffectId`, `PrimaryColor`, `SecondaryColor`) VALUES ('1025556', '28', '2403', '0', '0', '0');
INSERT INTO `war_world`.`creature_items` (`Entry`, `SlotId`, `ModelId`, `EffectId`, `PrimaryColor`, `SecondaryColor`) VALUES ('1025557', '10', '4954', '0', '0', '0');
INSERT INTO `war_world`.`creature_items` (`Entry`, `SlotId`, `ModelId`, `EffectId`, `PrimaryColor`, `SecondaryColor`) VALUES ('1025557', '11', '1024', '0', '0', '0');
INSERT INTO `war_world`.`creature_items` (`Entry`, `SlotId`, `ModelId`, `EffectId`, `PrimaryColor`, `SecondaryColor`) VALUES ('1025557', '20', '2458', '0', '0', '0');
INSERT INTO `war_world`.`creature_items` (`Entry`, `SlotId`, `ModelId`, `EffectId`, `PrimaryColor`, `SecondaryColor`) VALUES ('1025557', '21', '2466', '0', '0', '0');
INSERT INTO `war_world`.`creature_items` (`Entry`, `SlotId`, `ModelId`, `EffectId`, `PrimaryColor`, `SecondaryColor`) VALUES ('1025557', '22', '2465', '0', '0', '0');
INSERT INTO `war_world`.`creature_items` (`Entry`, `SlotId`, `ModelId`, `EffectId`, `PrimaryColor`, `SecondaryColor`) VALUES ('1025557', '23', '2467', '0', '0', '0');
INSERT INTO `war_world`.`creature_items` (`Entry`, `SlotId`, `ModelId`, `EffectId`, `PrimaryColor`, `SecondaryColor`) VALUES ('1025557', '24', '2462', '0', '0', '0');
INSERT INTO `war_world`.`creature_items` (`Entry`, `SlotId`, `ModelId`, `EffectId`, `PrimaryColor`, `SecondaryColor`) VALUES ('1025557', '27', '1960', '0', '0', '0');
INSERT INTO `war_world`.`creature_items` (`Entry`, `SlotId`, `ModelId`, `EffectId`, `PrimaryColor`, `SecondaryColor`) VALUES ('1025557', '28', '2463', '0', '0', '0');
INSERT INTO `war_world`.`creature_items` (`Entry`, `SlotId`, `ModelId`, `EffectId`, `PrimaryColor`, `SecondaryColor`) VALUES ('1025558', '10', '5381', '0', '0', '0');
INSERT INTO `war_world`.`creature_items` (`Entry`, `SlotId`, `ModelId`, `EffectId`, `PrimaryColor`, `SecondaryColor`) VALUES ('1025558', '20', '2331', '0', '0', '0');
INSERT INTO `war_world`.`creature_items` (`Entry`, `SlotId`, `ModelId`, `EffectId`, `PrimaryColor`, `SecondaryColor`) VALUES ('1025558', '21', '2333', '0', '0', '0');
INSERT INTO `war_world`.`creature_items` (`Entry`, `SlotId`, `ModelId`, `EffectId`, `PrimaryColor`, `SecondaryColor`) VALUES ('1025558', '22', '2332', '0', '0', '0');
INSERT INTO `war_world`.`creature_items` (`Entry`, `SlotId`, `ModelId`, `EffectId`, `PrimaryColor`, `SecondaryColor`) VALUES ('1025558', '23', '6388', '0', '0', '0');
INSERT INTO `war_world`.`creature_items` (`Entry`, `SlotId`, `ModelId`, `EffectId`, `PrimaryColor`, `SecondaryColor`) VALUES ('1025558', '24', '2334', '0', '0', '0');
INSERT INTO `war_world`.`creature_items` (`Entry`, `SlotId`, `ModelId`, `EffectId`, `PrimaryColor`, `SecondaryColor`) VALUES ('1025558', '28', '2330', '0', '0', '0');
INSERT INTO `war_world`.`creature_items` (`Entry`, `SlotId`, `ModelId`, `EffectId`, `PrimaryColor`, `SecondaryColor`) VALUES ('1025561', '10', '8415', '0', '0', '0');
INSERT INTO `war_world`.`creature_items` (`Entry`, `SlotId`, `ModelId`, `EffectId`, `PrimaryColor`, `SecondaryColor`) VALUES ('1025561', '11', '8291', '0', '0', '0');
INSERT INTO `war_world`.`creature_items` (`Entry`, `SlotId`, `ModelId`, `EffectId`, `PrimaryColor`, `SecondaryColor`) VALUES ('1025561', '20', '2404', '0', '0', '0');
INSERT INTO `war_world`.`creature_items` (`Entry`, `SlotId`, `ModelId`, `EffectId`, `PrimaryColor`, `SecondaryColor`) VALUES ('1025561', '21', '2406', '0', '0', '0');
INSERT INTO `war_world`.`creature_items` (`Entry`, `SlotId`, `ModelId`, `EffectId`, `PrimaryColor`, `SecondaryColor`) VALUES ('1025561', '22', '2392', '0', '0', '0');
INSERT INTO `war_world`.`creature_items` (`Entry`, `SlotId`, `ModelId`, `EffectId`, `PrimaryColor`, `SecondaryColor`) VALUES ('1025561', '23', '5782', '0', '0', '0');
INSERT INTO `war_world`.`creature_items` (`Entry`, `SlotId`, `ModelId`, `EffectId`, `PrimaryColor`, `SecondaryColor`) VALUES ('1025561', '24', '2941', '0', '0', '0');
INSERT INTO `war_world`.`creature_items` (`Entry`, `SlotId`, `ModelId`, `EffectId`, `PrimaryColor`, `SecondaryColor`) VALUES ('1025561', '25', '664', '0', '0', '0');
INSERT INTO `war_world`.`creature_items` (`Entry`, `SlotId`, `ModelId`, `EffectId`, `PrimaryColor`, `SecondaryColor`) VALUES ('1025561', '28', '2403', '0', '0', '0');
/* ButchersPass -  Deleting Spawn-Points within Keep-Table NPC, Merchants, Siege to avoid duplicate Entrys */
DELETE FROM `war_world`.`keep_creatures` WHERE (`Y` = '1040075') and (`X` = '1398970') and (`Z` = '10498');
DELETE FROM `war_world`.`keep_creatures` WHERE (`Y` = '1040067') and (`X` = '1398772') and (`Z` = '10498');
DELETE FROM `war_world`.`keep_creatures` WHERE (`Y` = '1033336') and (`X` = '1397377') and (`Z` = '8868');
DELETE FROM `war_world`.`keep_creatures` WHERE (`Y` = '1033447') and (`X` = '1400822') and (`Z` = '8868');
DELETE FROM `war_world`.`keep_creatures` WHERE (`Y` = '1036935') and (`X` = '1394769') and (`Z` = '8868');
DELETE FROM `war_world`.`keep_creatures` WHERE (`Y` = '1037061') and (`X` = '1403648') and (`Z` = '8868');
DELETE FROM `war_world`.`keep_creatures` WHERE (`Y` = '1039638') and (`X` = '1392639') and (`Z` = '8868');
DELETE FROM `war_world`.`keep_creatures` WHERE (`Y` = '1040018') and (`X` = '1405423') and (`Z` = '8868');
DELETE FROM `war_world`.`keep_creatures` WHERE (`Y` = '1034828') and (`X` = '1397307') and (`Z` = '8867');
DELETE FROM `war_world`.`keep_creatures` WHERE (`Y` = '1034951') and (`X` = '1400799') and (`Z` = '8868');
DELETE FROM `war_world`.`keep_creatures` WHERE (`Y` = '1037789') and (`X` = '1395980') and (`Z` = '8868');
DELETE FROM `war_world`.`keep_creatures` WHERE (`Y` = '1037828') and (`X` = '1402372') and (`Z` = '8867');
DELETE FROM `war_world`.`keep_creatures` WHERE (`Y` = '1040550') and (`X` = '1393808') and (`Z` = '8867');
DELETE FROM `war_world`.`keep_creatures` WHERE (`Y` = '1040822') and (`X` = '1404159') and (`Z` = '8868');
DELETE FROM `war_world`.`keep_creatures` WHERE (`Y` = '1040304') and (`X` = '1398875') and (`Z` = '10053');
DELETE FROM `war_world`.`keep_creatures` WHERE (`Y` = '1040488') and (`X` = '1398742') and (`Z` = '10498');
DELETE FROM `war_world`.`keep_creatures` WHERE (`Y` = '1040488') and (`X` = '1398943') and (`Z` = '10498');
DELETE FROM `war_world`.`keep_creatures` WHERE (`Y` = '1034946') and (`X` = '1399045') and (`Z` = '8764');
DELETE FROM `war_world`.`keep_creatures` WHERE (`Y` = '1039224') and (`X` = '1394939') and (`Z` = '8764');
DELETE FROM `war_world`.`keep_creatures` WHERE (`Y` = '1039351') and (`X` = '1403212') and (`Z` = '8764');
DELETE FROM `war_world`.`keep_creatures` WHERE (`Y` = '1034405') and (`X` = '1398928') and (`Z` = '8264');
DELETE FROM `war_world`.`keep_creatures` WHERE (`Y` = '1034434') and (`X` = '1399186') and (`Z` = '8264');
DELETE FROM `war_world`.`keep_creatures` WHERE (`Y` = '1035437') and (`X` = '1398904') and (`Z` = '8261');
DELETE FROM `war_world`.`keep_creatures` WHERE (`Y` = '1035444') and (`X` = '1399159') and (`Z` = '8256');
DELETE FROM `war_world`.`keep_creatures` WHERE (`Y` = '1036929') and (`X` = '1402486') and (`Z` = '8264');
DELETE FROM `war_world`.`keep_creatures` WHERE (`Y` = '1037257') and (`X` = '1399812') and (`Z` = '8811');
DELETE FROM `war_world`.`keep_creatures` WHERE (`Y` = '1037405') and (`X` = '1398320') and (`Z` = '8761');
DELETE FROM `war_world`.`keep_creatures` WHERE (`Y` = '1038745') and (`X` = '1398750') and (`Z` = '8908');
DELETE FROM `war_world`.`keep_creatures` WHERE (`Y` = '1038774') and (`X` = '1398971') and (`Z` = '8894');
DELETE FROM `war_world`.`keep_creatures` WHERE (`Y` = '1038781') and (`X` = '1394605') and (`Z` = '8264');
DELETE FROM `war_world`.`keep_creatures` WHERE (`Y` = '1038956') and (`X` = '1403593') and (`Z` = '8264');
DELETE FROM `war_world`.`keep_creatures` WHERE (`Y` = '1039019') and (`X` = '1394416') and (`Z` = '8264');
DELETE FROM `war_world`.`keep_creatures` WHERE (`Y` = '1039203') and (`X` = '1403788') and (`Z` = '8264');
DELETE FROM `war_world`.`keep_creatures` WHERE (`Y` = '1039209') and (`X` = '1398098') and (`Z` = '9175');
DELETE FROM `war_world`.`keep_creatures` WHERE (`Y` = '1039364') and (`X` = '1398721') and (`Z` = '8956');
DELETE FROM `war_world`.`keep_creatures` WHERE (`Y` = '1039397') and (`X` = '1398927') and (`Z` = '8955');
DELETE FROM `war_world`.`keep_creatures` WHERE (`Y` = '1039398') and (`X` = '1395376') and (`Z` = '8264');
DELETE FROM `war_world`.`keep_creatures` WHERE (`Y` = '1039501') and (`X` = '1402761') and (`Z` = '8264');
DELETE FROM `war_world`.`keep_creatures` WHERE (`Y` = '1039586') and (`X` = '1395206') and (`Z` = '8253');
DELETE FROM `war_world`.`keep_creatures` WHERE (`Y` = '1039680') and (`X` = '1402876') and (`Z` = '8264');
DELETE FROM `war_world`.`keep_creatures` WHERE (`Y` = '1039947') and (`X` = '1400816') and (`Z` = '8928');
DELETE FROM `war_world`.`keep_creatures` WHERE (`Y` = '1039981') and (`X` = '1398682') and (`Z` = '9516');
DELETE FROM `war_world`.`keep_creatures` WHERE (`Y` = '1040145') and (`X` = '1400074') and (`Z` = '8955');
DELETE FROM `war_world`.`keep_creatures` WHERE (`Y` = '1040151') and (`X` = '1399433') and (`Z` = '8951');
DELETE FROM `war_world`.`keep_creatures` WHERE (`Y` = '1040151') and (`X` = '1400859') and (`Z` = '8916');
DELETE FROM `war_world`.`keep_creatures` WHERE (`Y` = '1040472') and (`X` = '1400213') and (`Z` = '9516');
DELETE FROM `war_world`.`keep_creatures` WHERE (`Y` = '1041156') and (`X` = '1396353') and (`Z` = '8840');
DELETE FROM `war_world`.`keep_creatures` WHERE (`Y` = '1041164') and (`X` = '1398584') and (`Z` = '9527');
DELETE FROM `war_world`.`keep_creatures` WHERE (`Y` = '1041435') and (`X` = '1399222') and (`Z` = '8909');
DELETE FROM `war_world`.`keep_creatures` WHERE (`Y` = '1041674') and (`X` = '1399159') and (`Z` = '8912');
DELETE FROM `war_world`.`keep_creatures` WHERE (`Y` = '1041724') and (`X` = '1398210') and (`Z` = '9518');
DELETE FROM `war_world`.`keep_creatures` WHERE (`Y` = '1043108') and (`X` = '1400466') and (`Z` = '8398');
DELETE FROM `war_world`.`keep_creatures` WHERE (`Y` = '1043155') and (`X` = '1399850') and (`Z` = '8417');
DELETE FROM `war_world`.`keep_creatures` WHERE (`Y` = '1043205') and (`X` = '1395562') and (`Z` = '8264');
DELETE FROM `war_world`.`keep_creatures` WHERE (`Y` = '1043956') and (`X` = '1402978') and (`Z` = '8344');
DELETE FROM `war_world`.`keep_creatures` WHERE (`Y` = '1044281') and (`X` = '1398522') and (`Z` = '8263');
DELETE FROM `war_world`.`keep_creatures` WHERE (`Y` = '1044307') and (`X` = '1398747') and (`Z` = '8285');
DELETE FROM `war_world`.`keep_creatures` WHERE (`Y` = '1028126') and (`X` = '1399199') and (`Z` = '8168');
DELETE FROM `war_world`.`keep_creatures` WHERE (`Y` = '1035241') and (`X` = '1401496') and (`Z` = '8264');
DELETE FROM `war_world`.`keep_creatures` WHERE (`Y` = '1035750') and (`X` = '1399476') and (`Z` = '8278');
DELETE FROM `war_world`.`keep_creatures` WHERE (`Y` = '1036231') and (`X` = '1401512') and (`Z` = '8306');
DELETE FROM `war_world`.`keep_creatures` WHERE (`Y` = '1036362') and (`X` = '1396432') and (`Z` = '8523');
DELETE FROM `war_world`.`keep_creatures` WHERE (`Y` = '1038425') and (`X` = '1396794') and (`Z` = '8261');
DELETE FROM `war_world`.`keep_creatures` WHERE (`Y` = '1038601') and (`X` = '1400957') and (`Z` = '8881');
DELETE FROM `war_world`.`keep_creatures` WHERE (`Y` = '1039604') and (`X` = '1395990') and (`Z` = '8346');
DELETE FROM `war_world`.`keep_creatures` WHERE (`Y` = '1039755') and (`X` = '1399272') and (`Z` = '8961');
DELETE FROM `war_world`.`keep_creatures` WHERE (`Y` = '1039878') and (`X` = '1398193') and (`Z` = '8956');
DELETE FROM `war_world`.`keep_creatures` WHERE (`Y` = '1039922') and (`X` = '1402295') and (`Z` = '8264');
DELETE FROM `war_world`.`keep_creatures` WHERE (`Y` = '1040032') and (`X` = '1395594') and (`Z` = '8342');
DELETE FROM `war_world`.`keep_creatures` WHERE (`Y` = '1040444') and (`X` = '1398809') and (`Z` = '8911');
DELETE FROM `war_world`.`keep_creatures` WHERE (`Y` = '1040618') and (`X` = '1399028') and (`Z` = '9523');
DELETE FROM `war_world`.`keep_creatures` WHERE (`Y` = '1040858') and (`X` = '1399324') and (`Z` = '9781');
DELETE FROM `war_world`.`keep_creatures` WHERE (`Y` = '1041182') and (`X` = '1400121') and (`Z` = '9206');
DELETE FROM `war_world`.`keep_creatures` WHERE (`Y` = '1041236') and (`X` = '1401954') and (`Z` = '8253');
DELETE FROM `war_world`.`keep_creatures` WHERE (`Y` = '1041425') and (`X` = '1402029') and (`Z` = '8263');
DELETE FROM `war_world`.`keep_creatures` WHERE (`Y` = '1041438') and (`X` = '1397609') and (`Z` = '9186');
DELETE FROM `war_world`.`keep_creatures` WHERE (`Y` = '1043376') and (`X` = '1398667') and (`Z` = '8254');
DELETE FROM `war_world`.`keep_creatures` WHERE (`Y` = '1043549') and (`X` = '1402472') and (`Z` = '8344');
DELETE FROM `war_world`.`keep_creatures` WHERE (`Y` = '1044289') and (`X` = '1400174') and (`Z` = '8341');
DELETE FROM `war_world`.`keep_creatures` WHERE (`Y` = '1044580') and (`X` = '1402539') and (`Z` = '8328');
DELETE FROM `war_world`.`keep_creatures` WHERE (`Y` = '1031719') and (`X` = '1400484') and (`Z` = '8194');
DELETE FROM `war_world`.`keep_creatures` WHERE (`Y` = '1031775') and (`X` = '1397819') and (`Z` = '8270');
DELETE FROM `war_world`.`keep_creatures` WHERE (`Y` = '1032165') and (`X` = '1395396') and (`Z` = '8208');
DELETE FROM `war_world`.`keep_creatures` WHERE (`Y` = '1032965') and (`X` = '1397258') and (`Z` = '8307');
DELETE FROM `war_world`.`keep_creatures` WHERE (`Y` = '1033024') and (`X` = '1400926') and (`Z` = '8256');
DELETE FROM `war_world`.`keep_creatures` WHERE (`Y` = '1033371') and (`X` = '1402806') and (`Z` = '8077');
DELETE FROM `war_world`.`keep_creatures` WHERE (`Y` = '1034977') and (`X` = '1401423') and (`Z` = '8264');
DELETE FROM `war_world`.`keep_creatures` WHERE (`Y` = '1035099') and (`X` = '1401215') and (`Z` = '8272');
DELETE FROM `war_world`.`keep_creatures` WHERE (`Y` = '1035943') and (`X` = '1399113') and (`Z` = '8347');
DELETE FROM `war_world`.`keep_creatures` WHERE (`Y` = '1036076') and (`X` = '1396497') and (`Z` = '8459');
DELETE FROM `war_world`.`keep_creatures` WHERE (`Y` = '1036329') and (`X` = '1396762') and (`Z` = '8449');
DELETE FROM `war_world`.`keep_creatures` WHERE (`Y` = '1036381') and (`X` = '1396212') and (`Z` = '8477');
DELETE FROM `war_world`.`keep_creatures` WHERE (`Y` = '1036634') and (`X` = '1396433') and (`Z` = '8457');
DELETE FROM `war_world`.`keep_creatures` WHERE (`Y` = '1037149') and (`X` = '1393507') and (`Z` = '8224');
DELETE FROM `war_world`.`keep_creatures` WHERE (`Y` = '1037188') and (`X` = '1404125') and (`Z` = '8280');
DELETE FROM `war_world`.`keep_creatures` WHERE (`Y` = '1037760') and (`X` = '1402013') and (`Z` = '8310');
DELETE FROM `war_world`.`keep_creatures` WHERE (`Y` = '1038059') and (`X` = '1396269') and (`Z` = '8273');
DELETE FROM `war_world`.`keep_creatures` WHERE (`Y` = '1038063') and (`X` = '1399738') and (`Z` = '8941');
DELETE FROM `war_world`.`keep_creatures` WHERE (`Y` = '1038196') and (`X` = '1398176') and (`Z` = '8914');
DELETE FROM `war_world`.`keep_creatures` WHERE (`Y` = '1039315') and (`X` = '1396875') and (`Z` = '8912');
DELETE FROM `war_world`.`keep_creatures` WHERE (`Y` = '1039334') and (`X` = '1391895') and (`Z` = '8142');
DELETE FROM `war_world`.`keep_creatures` WHERE (`Y` = '1039353') and (`X` = '1399541') and (`Z` = '8970');
DELETE FROM `war_world`.`keep_creatures` WHERE (`Y` = '1039602') and (`X` = '1398009') and (`Z` = '9175');
DELETE FROM `war_world`.`keep_creatures` WHERE (`Y` = '1039638') and (`X` = '1406040') and (`Z` = '8264');
DELETE FROM `war_world`.`keep_creatures` WHERE (`Y` = '1040191') and (`X` = '1398351') and (`Z` = '9521');
DELETE FROM `war_world`.`keep_creatures` WHERE (`Y` = '1040318') and (`X` = '1399340') and (`Z` = '9520');
DELETE FROM `war_world`.`keep_creatures` WHERE (`Y` = '1040387') and (`X` = '1397975') and (`Z` = '9175');
DELETE FROM `war_world`.`keep_creatures` WHERE (`Y` = '1040766') and (`X` = '1397655') and (`Z` = '8952');
DELETE FROM `war_world`.`keep_creatures` WHERE (`Y` = '1040943') and (`X` = '1401214') and (`Z` = '8886');
DELETE FROM `war_world`.`keep_creatures` WHERE (`Y` = '1041038') and (`X` = '1393028') and (`Z` = '8264');
DELETE FROM `war_world`.`keep_creatures` WHERE (`Y` = '1041353') and (`X` = '1398134') and (`Z` = '9524');
DELETE FROM `war_world`.`keep_creatures` WHERE (`Y` = '1041482') and (`X` = '1402217') and (`Z` = '8264');
DELETE FROM `war_world`.`keep_creatures` WHERE (`Y` = '1041656') and (`X` = '1403793') and (`Z` = '8256');
DELETE FROM `war_world`.`keep_creatures` WHERE (`Y` = '1042550') and (`X` = '1400080') and (`Z` = '8703');
DELETE FROM `war_world`.`keep_creatures` WHERE (`Y` = '1042634') and (`X` = '1398170') and (`Z` = '8920');
DELETE FROM `war_world`.`keep_creatures` WHERE (`Y` = '1043901') and (`X` = '1400826') and (`Z` = '8400');
DELETE FROM `war_world`.`keep_creatures` WHERE (`Y` = '1044446') and (`X` = '1403966') and (`Z` = '8344');
DELETE FROM `war_world`.`keep_creatures` WHERE (`Y` = '1044455') and (`X` = '1396210') and (`Z` = '8264');
DELETE FROM `war_world`.`keep_creatures` WHERE (`Y` = '1044506') and (`X` = '1407658') and (`Z` = '6656');
DELETE FROM `war_world`.`keep_creatures` WHERE (`Y` = '1044570') and (`X` = '1395945') and (`Z` = '8264');
DELETE FROM `war_world`.`keep_creatures` WHERE (`Y` = '1035914') and (`X` = '1402575') and (`Z` = '8351');
DELETE FROM `war_world`.`keep_creatures` WHERE (`Y` = '1037310') and (`X` = '1400105') and (`Z` = '8868');
DELETE FROM `war_world`.`keep_creatures` WHERE (`Y` = '1038673') and (`X` = '1401585') and (`Z` = '8264');
DELETE FROM `war_world`.`keep_creatures` WHERE (`Y` = '1039408') and (`X` = '1402445') and (`Z` = '8264');
DELETE FROM `war_world`.`keep_creatures` WHERE (`Y` = '1039875') and (`X` = '1398899') and (`Z` = '8883');
DELETE FROM `war_world`.`keep_creatures` WHERE (`Y` = '1039969') and (`X` = '1397417') and (`Z` = '8941');
DELETE FROM `war_world`.`keep_creatures` WHERE (`Y` = '1040108') and (`X` = '1402831') and (`Z` = '8264');
DELETE FROM `war_world`.`keep_creatures` WHERE (`Y` = '1040636') and (`X` = '1394222') and (`Z` = '8264');
DELETE FROM `war_world`.`keep_creatures` WHERE (`Y` = '1040677') and (`X` = '1394221') and (`Z` = '8264');
DELETE FROM `war_world`.`keep_creatures` WHERE (`Y` = '1041077') and (`X` = '1395775') and (`Z` = '8669');
DELETE FROM `war_world`.`keep_creatures` WHERE (`Y` = '1042189') and (`X` = '1396751') and (`Z` = '8891');
DELETE FROM `war_world`.`keep_creatures` WHERE (`Y` = '1042333') and (`X` = '1395258') and (`Z` = '8264');
DELETE FROM `war_world`.`keep_creatures` WHERE (`Y` = '1042912') and (`X` = '1402454') and (`Z` = '8333');
DELETE FROM `war_world`.`keep_creatures` WHERE (`Y` = '1043796') and (`X` = '1395522') and (`Z` = '8264');
DELETE FROM `war_world`.`keep_creatures` WHERE (`Y` = '1043835') and (`X` = '1401792') and (`Z` = '8320');
DELETE FROM `war_world`.`keep_creatures` WHERE (`Y` = '1045373') and (`X` = '1400991') and (`Z` = '8427');
DELETE FROM `war_world`.`keep_creatures` WHERE (`Y` = '1045562') and (`X` = '1403287') and (`Z` = '8344');
DELETE FROM `war_world`.`keep_creatures` WHERE (`Y` = '1045570') and (`X` = '1400994') and (`Z` = '8443');
DELETE FROM `war_world`.`keep_creatures` WHERE (`Y` = '1034194') and (`X` = '1398791') and (`Z` = '8264');
DELETE FROM `war_world`.`keep_creatures` WHERE (`Y` = '1034266') and (`X` = '1399391') and (`Z` = '8264');
DELETE FROM `war_world`.`keep_creatures` WHERE (`Y` = '1035909') and (`X` = '1398906') and (`Z` = '8352');
DELETE FROM `war_world`.`keep_creatures` WHERE (`Y` = '1037107') and (`X` = '1402676') and (`Z` = '8264');
DELETE FROM `war_world`.`keep_creatures` WHERE (`Y` = '1038568') and (`X` = '1394603') and (`Z` = '8264');
DELETE FROM `war_world`.`keep_creatures` WHERE (`Y` = '1038688') and (`X` = '1403626') and (`Z` = '8264');
DELETE FROM `war_world`.`keep_creatures` WHERE (`Y` = '1039097') and (`X` = '1394204') and (`Z` = '8264');
DELETE FROM `war_world`.`keep_creatures` WHERE (`Y` = '1039308') and (`X` = '1403975') and (`Z` = '8264');
DELETE FROM `war_world`.`keep_creatures` WHERE (`Y` = '1039900') and (`X` = '1398574') and (`Z` = '8928');
DELETE FROM `war_world`.`keep_creatures` WHERE (`Y` = '1041594') and (`X` = '1400950') and (`Z` = '8926');
DELETE FROM `war_world`.`keep_creatures` WHERE (`Y` = '1043039') and (`X` = '1396337') and (`Z` = '8264');
DELETE FROM `war_world`.`keep_creatures` WHERE (`Y` = '1044118') and (`X` = '1398301') and (`Z` = '8264');
DELETE FROM `war_world`.`keep_creatures` WHERE (`Y` = '1044215') and (`X` = '1398892') and (`Z` = '8277');
DELETE FROM `war_world`.`keep_creatures` WHERE (`Y` = '1035748') and (`X` = '1398544') and (`Z` = '8322');
DELETE FROM `war_world`.`keep_creatures` WHERE (`Y` = '1036630') and (`X` = '1398467') and (`Z` = '8533');
DELETE FROM `war_world`.`keep_creatures` WHERE (`Y` = '1036676') and (`X` = '1399573') and (`Z` = '8570');
DELETE FROM `war_world`.`keep_creatures` WHERE (`Y` = '1037104') and (`X` = '1398955') and (`Z` = '8614');
DELETE FROM `war_world`.`keep_creatures` WHERE (`Y` = '1038167') and (`X` = '1399084') and (`Z` = '8904');
DELETE FROM `war_world`.`keep_creatures` WHERE (`Y` = '1039361') and (`X` = '1401605') and (`Z` = '8256');
DELETE FROM `war_world`.`keep_creatures` WHERE (`Y` = '1039585') and (`X` = '1398082') and (`Z` = '8954');
DELETE FROM `war_world`.`keep_creatures` WHERE (`Y` = '1039665') and (`X` = '1402455') and (`Z` = '8264');
DELETE FROM `war_world`.`keep_creatures` WHERE (`Y` = '1039695') and (`X` = '1395582') and (`Z` = '8289');
DELETE FROM `war_world`.`keep_creatures` WHERE (`Y` = '1039940') and (`X` = '1402624') and (`Z` = '8264');
DELETE FROM `war_world`.`keep_creatures` WHERE (`Y` = '1040240') and (`X` = '1398062') and (`Z` = '8956');
DELETE FROM `war_world`.`keep_creatures` WHERE (`Y` = '1040602') and (`X` = '1398727') and (`Z` = '9524');
DELETE FROM `war_world`.`keep_creatures` WHERE (`Y` = '1040710') and (`X` = '1398797') and (`Z` = '8950');
DELETE FROM `war_world`.`keep_creatures` WHERE (`Y` = '1040776') and (`X` = '1403461') and (`Z` = '8264');
DELETE FROM `war_world`.`keep_creatures` WHERE (`Y` = '1040788') and (`X` = '1398251') and (`Z` = '8962');
DELETE FROM `war_world`.`keep_creatures` WHERE (`Y` = '1040805') and (`X` = '1399266') and (`Z` = '8952');
DELETE FROM `war_world`.`keep_creatures` WHERE (`Y` = '1041209') and (`X` = '1397488') and (`Z` = '9173');
DELETE FROM `war_world`.`keep_creatures` WHERE (`Y` = '1042357') and (`X` = '1399504') and (`Z` = '8808');
DELETE FROM `war_world`.`keep_creatures` WHERE (`Y` = '1042640') and (`X` = '1401409') and (`Z` = '8264');
DELETE FROM `war_world`.`keep_creatures` WHERE (`Y` = '1044350') and (`X` = '1407424') and (`Z` = '6656');
DELETE FROM `war_world`.`keep_creatures` WHERE (`Y` = '1040084') and (`X` = '1398751') and (`Z` = '10052');
DELETE FROM `war_world`.`keep_creatures` WHERE (`Y` = '1040197') and (`X` = '1399101') and (`Z` = '10052');
DELETE FROM `war_world`.`keep_creatures` WHERE (`Y` = '1040546') and (`X` = '1399004') and (`Z` = '10053');
DELETE FROM `war_world`.`keep_creatures` WHERE (`Y` = '1040559') and (`X` = '1398699') and (`Z` = '10053');
DELETE FROM `war_world`.`keep_creatures` WHERE (`Y` = '1027856') and (`X` = '1399145') and (`Z` = '8180');
DELETE FROM `war_world`.`keep_creatures` WHERE (`Y` = '1027996') and (`X` = '1399377') and (`Z` = '8181');
DELETE FROM `war_world`.`keep_creatures` WHERE (`Y` = '1030690') and (`X` = '1401134') and (`Z` = '8222');
DELETE FROM `war_world`.`keep_creatures` WHERE (`Y` = '1030987') and (`X` = '1401957') and (`Z` = '8190');
DELETE FROM `war_world`.`keep_creatures` WHERE (`Y` = '1031048') and (`X` = '1403185') and (`Z` = '8240');
DELETE FROM `war_world`.`keep_creatures` WHERE (`Y` = '1031546') and (`X` = '1400441') and (`Z` = '8208');
DELETE FROM `war_world`.`keep_creatures` WHERE (`Y` = '1031638') and (`X` = '1397836') and (`Z` = '8245');
DELETE FROM `war_world`.`keep_creatures` WHERE (`Y` = '1031691') and (`X` = '1400280') and (`Z` = '8174');
DELETE FROM `war_world`.`keep_creatures` WHERE (`Y` = '1031705') and (`X` = '1397939') and (`Z` = '8236');
DELETE FROM `war_world`.`keep_creatures` WHERE (`Y` = '1031713') and (`X` = '1405062') and (`Z` = '8247');
DELETE FROM `war_world`.`keep_creatures` WHERE (`Y` = '1032144') and (`X` = '1402537') and (`Z` = '8200');
DELETE FROM `war_world`.`keep_creatures` WHERE (`Y` = '1032195') and (`X` = '1393705') and (`Z` = '8365');
DELETE FROM `war_world`.`keep_creatures` WHERE (`Y` = '1032312') and (`X` = '1395341') and (`Z` = '8228');
DELETE FROM `war_world`.`keep_creatures` WHERE (`Y` = '1032443') and (`X` = '1405009') and (`Z` = '8145');
DELETE FROM `war_world`.`keep_creatures` WHERE (`Y` = '1032847') and (`X` = '1397138') and (`Z` = '8264');
DELETE FROM `war_world`.`keep_creatures` WHERE (`Y` = '1033021') and (`X` = '1401307') and (`Z` = '8196');
DELETE FROM `war_world`.`keep_creatures` WHERE (`Y` = '1033193') and (`X` = '1404696') and (`Z` = '8184');
DELETE FROM `war_world`.`keep_creatures` WHERE (`Y` = '1033308') and (`X` = '1402657') and (`Z` = '8095');
DELETE FROM `war_world`.`keep_creatures` WHERE (`Y` = '1033488') and (`X` = '1393992') and (`Z` = '8263');
DELETE FROM `war_world`.`keep_creatures` WHERE (`Y` = '1033950') and (`X` = '1406286') and (`Z` = '8409');
DELETE FROM `war_world`.`keep_creatures` WHERE (`Y` = '1034065') and (`X` = '1402024') and (`Z` = '8287');
DELETE FROM `war_world`.`keep_creatures` WHERE (`Y` = '1034383') and (`X` = '1394311') and (`Z` = '8290');
DELETE FROM `war_world`.`keep_creatures` WHERE (`Y` = '1034523') and (`X` = '1392576') and (`Z` = '8241');
DELETE FROM `war_world`.`keep_creatures` WHERE (`Y` = '1034541') and (`X` = '1403420') and (`Z` = '8232');
DELETE FROM `war_world`.`keep_creatures` WHERE (`Y` = '1035424') and (`X` = '1390274') and (`Z` = '7587');
DELETE FROM `war_world`.`keep_creatures` WHERE (`Y` = '1035469') and (`X` = '1394899') and (`Z` = '8311');
DELETE FROM `war_world`.`keep_creatures` WHERE (`Y` = '1035494') and (`X` = '1388707') and (`Z` = '7603');
DELETE FROM `war_world`.`keep_creatures` WHERE (`Y` = '1035507') and (`X` = '1406354') and (`Z` = '8264');
DELETE FROM `war_world`.`keep_creatures` WHERE (`Y` = '1035533') and (`X` = '1396404') and (`Z` = '8302');
DELETE FROM `war_world`.`keep_creatures` WHERE (`Y` = '1035634') and (`X` = '1401760') and (`Z` = '8264');
DELETE FROM `war_world`.`keep_creatures` WHERE (`Y` = '1035638') and (`X` = '1396195') and (`Z` = '8328');
DELETE FROM `war_world`.`keep_creatures` WHERE (`Y` = '1035680') and (`X` = '1400404') and (`Z` = '8264');
DELETE FROM `war_world`.`keep_creatures` WHERE (`Y` = '1035705') and (`X` = '1405484') and (`Z` = '8224');
DELETE FROM `war_world`.`keep_creatures` WHERE (`Y` = '1035753') and (`X` = '1403837') and (`Z` = '8256');
DELETE FROM `war_world`.`keep_creatures` WHERE (`Y` = '1035842') and (`X` = '1399208') and (`Z` = '8312');
DELETE FROM `war_world`.`keep_creatures` WHERE (`Y` = '1035870') and (`X` = '1391734') and (`Z` = '7606');
DELETE FROM `war_world`.`keep_creatures` WHERE (`Y` = '1035955') and (`X` = '1402016') and (`Z` = '8264');
DELETE FROM `war_world`.`keep_creatures` WHERE (`Y` = '1035982') and (`X` = '1397226') and (`Z` = '8290');
DELETE FROM `war_world`.`keep_creatures` WHERE (`Y` = '1036102') and (`X` = '1395871') and (`Z` = '8352');
DELETE FROM `war_world`.`keep_creatures` WHERE (`Y` = '1036318') and (`X` = '1400896') and (`Z` = '8264');
DELETE FROM `war_world`.`keep_creatures` WHERE (`Y` = '1036395') and (`X` = '1389551') and (`Z` = '7592');
DELETE FROM `war_world`.`keep_creatures` WHERE (`Y` = '1036470') and (`X` = '1395829') and (`Z` = '8362');
DELETE FROM `war_world`.`keep_creatures` WHERE (`Y` = '1036509') and (`X` = '1401467') and (`Z` = '8304');
DELETE FROM `war_world`.`keep_creatures` WHERE (`Y` = '1036518') and (`X` = '1397225') and (`Z` = '8312');
DELETE FROM `war_world`.`keep_creatures` WHERE (`Y` = '1036669') and (`X` = '1392005') and (`Z` = '8575');
DELETE FROM `war_world`.`keep_creatures` WHERE (`Y` = '1036805') and (`X` = '1391914') and (`Z` = '8576');
DELETE FROM `war_world`.`keep_creatures` WHERE (`Y` = '1036908') and (`X` = '1395984') and (`Z` = '8321');
DELETE FROM `war_world`.`keep_creatures` WHERE (`Y` = '1037085') and (`X` = '1390114') and (`Z` = '7437');
DELETE FROM `war_world`.`keep_creatures` WHERE (`Y` = '1037103') and (`X` = '1396722') and (`Z` = '8304');
DELETE FROM `war_world`.`keep_creatures` WHERE (`Y` = '1037129') and (`X` = '1404149') and (`Z` = '8262');
DELETE FROM `war_world`.`keep_creatures` WHERE (`Y` = '1037136') and (`X` = '1396362') and (`Z` = '8310');
DELETE FROM `war_world`.`keep_creatures` WHERE (`Y` = '1037250') and (`X` = '1407509') and (`Z` = '8308');
DELETE FROM `war_world`.`keep_creatures` WHERE (`Y` = '1037255') and (`X` = '1393609') and (`Z` = '8241');
DELETE FROM `war_world`.`keep_creatures` WHERE (`Y` = '1037734') and (`X` = '1401848') and (`Z` = '8264');
DELETE FROM `war_world`.`keep_creatures` WHERE (`Y` = '1037751') and (`X` = '1390670') and (`Z` = '7114');
DELETE FROM `war_world`.`keep_creatures` WHERE (`Y` = '1037793') and (`X` = '1399656') and (`Z` = '8909');
DELETE FROM `war_world`.`keep_creatures` WHERE (`Y` = '1037860') and (`X` = '1399868') and (`Z` = '8932');
DELETE FROM `war_world`.`keep_creatures` WHERE (`Y` = '1037869') and (`X` = '1401847') and (`Z` = '8268');
DELETE FROM `war_world`.`keep_creatures` WHERE (`Y` = '1038010') and (`X` = '1398223') and (`Z` = '8892');
DELETE FROM `war_world`.`keep_creatures` WHERE (`Y` = '1038011') and (`X` = '1405889') and (`Z` = '8208');
DELETE FROM `war_world`.`keep_creatures` WHERE (`Y` = '1038041') and (`X` = '1397914') and (`Z` = '8899');
DELETE FROM `war_world`.`keep_creatures` WHERE (`Y` = '1038072') and (`X` = '1396415') and (`Z` = '8264');
DELETE FROM `war_world`.`keep_creatures` WHERE (`Y` = '1038243') and (`X` = '1396335') and (`Z` = '8264');
DELETE FROM `war_world`.`keep_creatures` WHERE (`Y` = '1038462') and (`X` = '1390171') and (`Z` = '7075');
DELETE FROM `war_world`.`keep_creatures` WHERE (`Y` = '1039060') and (`X` = '1390451') and (`Z` = '7090');
DELETE FROM `war_world`.`keep_creatures` WHERE (`Y` = '1039062') and (`X` = '1408234') and (`Z` = '8239');
DELETE FROM `war_world`.`keep_creatures` WHERE (`Y` = '1039317') and (`X` = '1399377') and (`Z` = '8964');
DELETE FROM `war_world`.`keep_creatures` WHERE (`Y` = '1039379') and (`X` = '1391782') and (`Z` = '8118');
DELETE FROM `war_world`.`keep_creatures` WHERE (`Y` = '1039419') and (`X` = '1405959') and (`Z` = '8264');
DELETE FROM `war_world`.`keep_creatures` WHERE (`Y` = '1039472') and (`X` = '1406238') and (`Z` = '8264');
DELETE FROM `war_world`.`keep_creatures` WHERE (`Y` = '1039482') and (`X` = '1396809') and (`Z` = '8889');
DELETE FROM `war_world`.`keep_creatures` WHERE (`Y` = '1039665') and (`X` = '1397994') and (`Z` = '9175');
DELETE FROM `war_world`.`keep_creatures` WHERE (`Y` = '1039815') and (`X` = '1410462') and (`Z` = '7722');
DELETE FROM `war_world`.`keep_creatures` WHERE (`Y` = '1039961') and (`X` = '1389926') and (`Z` = '7203');
DELETE FROM `war_world`.`keep_creatures` WHERE (`Y` = '1040241') and (`X` = '1398509') and (`Z` = '9520');
DELETE FROM `war_world`.`keep_creatures` WHERE (`Y` = '1040241') and (`X` = '1399175') and (`Z` = '9518');
DELETE FROM `war_world`.`keep_creatures` WHERE (`Y` = '1040298') and (`X` = '1397934') and (`Z` = '9175');
DELETE FROM `war_world`.`keep_creatures` WHERE (`Y` = '1040633') and (`X` = '1411564') and (`Z` = '7334');
DELETE FROM `war_world`.`keep_creatures` WHERE (`Y` = '1040718') and (`X` = '1397757') and (`Z` = '8953');
DELETE FROM `war_world`.`keep_creatures` WHERE (`Y` = '1040719') and (`X` = '1393064') and (`Z` = '8264');
DELETE FROM `war_world`.`keep_creatures` WHERE (`Y` = '1040744') and (`X` = '1392806') and (`Z` = '8264');
DELETE FROM `war_world`.`keep_creatures` WHERE (`Y` = '1040827') and (`X` = '1393209') and (`Z` = '8264');
DELETE FROM `war_world`.`keep_creatures` WHERE (`Y` = '1040924') and (`X` = '1406715') and (`Z` = '8183');
DELETE FROM `war_world`.`keep_creatures` WHERE (`Y` = '1041023') and (`X` = '1409606') and (`Z` = '8089');
DELETE FROM `war_world`.`keep_creatures` WHERE (`Y` = '1041081') and (`X` = '1405792') and (`Z` = '8196');
DELETE FROM `war_world`.`keep_creatures` WHERE (`Y` = '1041090') and (`X` = '1411063') and (`Z` = '7231');
DELETE FROM `war_world`.`keep_creatures` WHERE (`Y` = '1041115') and (`X` = '1390411') and (`Z` = '7436');
DELETE FROM `war_world`.`keep_creatures` WHERE (`Y` = '1041145') and (`X` = '1401181') and (`Z` = '8903');
DELETE FROM `war_world`.`keep_creatures` WHERE (`Y` = '1041307') and (`X` = '1402272') and (`Z` = '8264');
DELETE FROM `war_world`.`keep_creatures` WHERE (`Y` = '1041417') and (`X` = '1389595') and (`Z` = '7479');
DELETE FROM `war_world`.`keep_creatures` WHERE (`Y` = '1041480') and (`X` = '1398137') and (`Z` = '9528');
DELETE FROM `war_world`.`keep_creatures` WHERE (`Y` = '1041520') and (`X` = '1390979') and (`Z` = '7566');
DELETE FROM `war_world`.`keep_creatures` WHERE (`Y` = '1041713') and (`X` = '1403585') and (`Z` = '8264');
DELETE FROM `war_world`.`keep_creatures` WHERE (`Y` = '1041731') and (`X` = '1411618') and (`Z` = '7268');
DELETE FROM `war_world`.`keep_creatures` WHERE (`Y` = '1041889') and (`X` = '1403668') and (`Z` = '8280');
DELETE FROM `war_world`.`keep_creatures` WHERE (`Y` = '1042187') and (`X` = '1407448') and (`Z` = '6656');
DELETE FROM `war_world`.`keep_creatures` WHERE (`Y` = '1042352') and (`X` = '1398128') and (`Z` = '8929');
DELETE FROM `war_world`.`keep_creatures` WHERE (`Y` = '1042357') and (`X` = '1407983') and (`Z` = '6656');
DELETE FROM `war_world`.`keep_creatures` WHERE (`Y` = '1042418') and (`X` = '1397949') and (`Z` = '8935');
DELETE FROM `war_world`.`keep_creatures` WHERE (`Y` = '1042419') and (`X` = '1411477') and (`Z` = '7198');
DELETE FROM `war_world`.`keep_creatures` WHERE (`Y` = '1042453') and (`X` = '1398330') and (`Z` = '8904');
DELETE FROM `war_world`.`keep_creatures` WHERE (`Y` = '1042562') and (`X` = '1406630') and (`Z` = '6640');
DELETE FROM `war_world`.`keep_creatures` WHERE (`Y` = '1042563') and (`X` = '1401634') and (`Z` = '8264');
DELETE FROM `war_world`.`keep_creatures` WHERE (`Y` = '1042614') and (`X` = '1408302') and (`Z` = '6664');
DELETE FROM `war_world`.`keep_creatures` WHERE (`Y` = '1042673') and (`X` = '1400155') and (`Z` = '8642');
DELETE FROM `war_world`.`keep_creatures` WHERE (`Y` = '1042673') and (`X` = '1403264') and (`Z` = '8344');
DELETE FROM `war_world`.`keep_creatures` WHERE (`Y` = '1042777') and (`X` = '1399992') and (`Z` = '8629');
DELETE FROM `war_world`.`keep_creatures` WHERE (`Y` = '1042789') and (`X` = '1409333') and (`Z` = '6665');
DELETE FROM `war_world`.`keep_creatures` WHERE (`Y` = '1042836') and (`X` = '1407502') and (`Z` = '6688');
DELETE FROM `war_world`.`keep_creatures` WHERE (`Y` = '1043000') and (`X` = '1406519') and (`Z` = '6633');
DELETE FROM `war_world`.`keep_creatures` WHERE (`Y` = '1043041') and (`X` = '1409720') and (`Z` = '6644');
DELETE FROM `war_world`.`keep_creatures` WHERE (`Y` = '1043157') and (`X` = '1410901') and (`Z` = '6967');
DELETE FROM `war_world`.`keep_creatures` WHERE (`Y` = '1043291') and (`X` = '1409051') and (`Z` = '6660');
DELETE FROM `war_world`.`keep_creatures` WHERE (`Y` = '1043577') and (`X` = '1407034') and (`Z` = '6648');
DELETE FROM `war_world`.`keep_creatures` WHERE (`Y` = '1043835') and (`X` = '1409375') and (`Z` = '6660');
DELETE FROM `war_world`.`keep_creatures` WHERE (`Y` = '1043872') and (`X` = '1410981') and (`Z` = '6841');
DELETE FROM `war_world`.`keep_creatures` WHERE (`Y` = '1043951') and (`X` = '1408865') and (`Z` = '6672');
DELETE FROM `war_world`.`keep_creatures` WHERE (`Y` = '1044079') and (`X` = '1400914') and (`Z` = '8394');
DELETE FROM `war_world`.`keep_creatures` WHERE (`Y` = '1044187') and (`X` = '1407607') and (`Z` = '6660');
DELETE FROM `war_world`.`keep_creatures` WHERE (`Y` = '1044246') and (`X` = '1407810') and (`Z` = '6650');
DELETE FROM `war_world`.`keep_creatures` WHERE (`Y` = '1044306') and (`X` = '1403875') and (`Z` = '8344');
DELETE FROM `war_world`.`keep_creatures` WHERE (`Y` = '1044344') and (`X` = '1408482') and (`Z` = '6651');
DELETE FROM `war_world`.`keep_creatures` WHERE (`Y` = '1044426') and (`X` = '1395704') and (`Z` = '8264');
DELETE FROM `war_world`.`keep_creatures` WHERE (`Y` = '1044527') and (`X` = '1396496') and (`Z` = '8327');
DELETE FROM `war_world`.`keep_creatures` WHERE (`Y` = '1044547') and (`X` = '1403738') and (`Z` = '8344');
DELETE FROM `war_world`.`keep_creatures` WHERE (`Y` = '1044631') and (`X` = '1395625') and (`Z` = '8264');
DELETE FROM `war_world`.`keep_creatures` WHERE (`Y` = '1044937') and (`X` = '1396267') and (`Z` = '8264');
DELETE FROM `war_world`.`keep_creatures` WHERE (`Y` = '1045041') and (`X` = '1395874') and (`Z` = '8315');
DELETE FROM `war_world`.`keep_creatures` WHERE (`Y` = '1045465') and (`X` = '1401289') and (`Z` = '8414');
DELETE FROM `war_world`.`keep_creatures` WHERE (`Y` = '1028555') and (`X` = '1400442') and (`Z` = '8267');
DELETE FROM `war_world`.`keep_creatures` WHERE (`Y` = '1030221') and (`X` = '1399518') and (`Z` = '8257');
DELETE FROM `war_world`.`keep_creatures` WHERE (`Y` = '1031376') and (`X` = '1394953') and (`Z` = '8393');
DELETE FROM `war_world`.`keep_creatures` WHERE (`Y` = '1032121') and (`X` = '1403001') and (`Z` = '8209');
DELETE FROM `war_world`.`keep_creatures` WHERE (`Y` = '1032601') and (`X` = '1400541') and (`Z` = '8226');
DELETE FROM `war_world`.`keep_creatures` WHERE (`Y` = '1032652') and (`X` = '1397916') and (`Z` = '8248');
DELETE FROM `war_world`.`keep_creatures` WHERE (`Y` = '1033902') and (`X` = '1395212') and (`Z` = '8256');
DELETE FROM `war_world`.`keep_creatures` WHERE (`Y` = '1034135') and (`X` = '1404235') and (`Z` = '8208');
DELETE FROM `war_world`.`keep_creatures` WHERE (`Y` = '1034240') and (`X` = '1396864') and (`Z` = '8240');
DELETE FROM `war_world`.`keep_creatures` WHERE (`Y` = '1034794') and (`X` = '1405205') and (`Z` = '8250');
DELETE FROM `war_world`.`keep_creatures` WHERE (`Y` = '1035175') and (`X` = '1393073') and (`Z` = '8217');
DELETE FROM `war_world`.`keep_creatures` WHERE (`Y` = '1035188') and (`X` = '1389257') and (`Z` = '7632');
DELETE FROM `war_world`.`keep_creatures` WHERE (`Y` = '1035225') and (`X` = '1396110') and (`Z` = '8264');
DELETE FROM `war_world`.`keep_creatures` WHERE (`Y` = '1036063') and (`X` = '1404988') and (`Z` = '8267');
DELETE FROM `war_world`.`keep_creatures` WHERE (`Y` = '1036237') and (`X` = '1398021') and (`Z` = '8393');
DELETE FROM `war_world`.`keep_creatures` WHERE (`Y` = '1036308') and (`X` = '1390596') and (`Z` = '7523');
DELETE FROM `war_world`.`keep_creatures` WHERE (`Y` = '1037441') and (`X` = '1397123') and (`Z` = '8264');
DELETE FROM `war_world`.`keep_creatures` WHERE (`Y` = '1038024') and (`X` = '1390220') and (`Z` = '7088');
DELETE FROM `war_world`.`keep_creatures` WHERE (`Y` = '1038640') and (`X` = '1406863') and (`Z` = '8330');
DELETE FROM `war_world`.`keep_creatures` WHERE (`Y` = '1038908') and (`X` = '1400634') and (`Z` = '8912');
DELETE FROM `war_world`.`keep_creatures` WHERE (`Y` = '1039024') and (`X` = '1398075') and (`Z` = '9516');
DELETE FROM `war_world`.`keep_creatures` WHERE (`Y` = '1039025') and (`X` = '1399715') and (`Z` = '9516');
DELETE FROM `war_world`.`keep_creatures` WHERE (`Y` = '1039490') and (`X` = '1389606') and (`Z` = '7214');
DELETE FROM `war_world`.`keep_creatures` WHERE (`Y` = '1040582') and (`X` = '1409144') and (`Z` = '8098');
DELETE FROM `war_world`.`keep_creatures` WHERE (`Y` = '1041730') and (`X` = '1410232') and (`Z` = '7315');
DELETE FROM `war_world`.`keep_creatures` WHERE (`Y` = '1041899') and (`X` = '1389766') and (`Z` = '7565');
DELETE FROM `war_world`.`keep_creatures` WHERE (`Y` = '1042104') and (`X` = '1411080') and (`Z` = '7059');
DELETE FROM `war_world`.`keep_creatures` WHERE (`Y` = '1043895') and (`X` = '1403522') and (`Z` = '8344');
DELETE FROM `war_world`.`keep_creatures` WHERE (`Y` = '1045000') and (`X` = '1403983') and (`Z` = '8439');
DELETE FROM `war_world`.`keep_creatures` WHERE (`Y` = '1045222') and (`X` = '1403757') and (`Z` = '8344');
DELETE FROM `war_world`.`keep_creatures` WHERE (`Y` = '1045443') and (`X` = '1403934') and (`Z` = '8433');
DELETE FROM `war_world`.`keep_creatures` WHERE (`Y` = '1045704') and (`X` = '1402599') and (`Z` = '8344');
DELETE FROM `war_world`.`keep_creatures` WHERE (`Y` = '1037150') and (`X` = '1400896') and (`Z` = '8251');
DELETE FROM `war_world`.`keep_creatures` WHERE (`Y` = '1038148') and (`X` = '1398747') and (`Z` = '8896');
DELETE FROM `war_world`.`keep_creatures` WHERE (`Y` = '1038661') and (`X` = '1398568') and (`Z` = '8933');
DELETE FROM `war_world`.`keep_creatures` WHERE (`Y` = '1038683') and (`X` = '1399188') and (`Z` = '8895');
DELETE FROM `war_world`.`keep_creatures` WHERE (`Y` = '1039313') and (`X` = '1395620') and (`Z` = '8264');
DELETE FROM `war_world`.`keep_creatures` WHERE (`Y` = '1039960') and (`X` = '1395282') and (`Z` = '8261');
DELETE FROM `war_world`.`keep_creatures` WHERE (`Y` = '1040023') and (`X` = '1399071') and (`Z` = '9519');
DELETE FROM `war_world`.`keep_creatures` WHERE (`Y` = '1040383') and (`X` = '1396539') and (`Z` = '8774');
DELETE FROM `war_world`.`keep_creatures` WHERE (`Y` = '1040722') and (`X` = '1399333') and (`Z` = '9781');
DELETE FROM `war_world`.`keep_creatures` WHERE (`Y` = '1041158') and (`X` = '1404626') and (`Z` = '8264');
DELETE FROM `war_world`.`keep_creatures` WHERE (`Y` = '1041240') and (`X` = '1394950') and (`Z` = '8264');
DELETE FROM `war_world`.`keep_creatures` WHERE (`Y` = '1041783') and (`X` = '1402891') and (`Z` = '8264');
DELETE FROM `war_world`.`keep_creatures` WHERE (`Y` = '1042444') and (`X` = '1404186') and (`Z` = '8344');
DELETE FROM `war_world`.`keep_creatures` WHERE (`Y` = '1043085') and (`X` = '1403679') and (`Z` = '8344');
DELETE FROM `war_world`.`keep_creatures` WHERE (`Y` = '1043752') and (`X` = '1397255') and (`Z` = '8264');
/* ButchersPass - Setting Spawn-Points within Keep-Table NPC, Merchants, Siege */
INSERT INTO `war_world`.`keep_creatures` (`KeepId`, `ZoneId`, `OrderId`, `DestroId`, `X`, `Y`, `Z`, `O`, `KeepLord`, `IsPatrol`, `WaypointGUID`) VALUES ('102', '4', '0', '1351', '1398970', '1040075', '10498', '4038', '0', '0', '0');
INSERT INTO `war_world`.`keep_creatures` (`KeepId`, `ZoneId`, `OrderId`, `DestroId`, `X`, `Y`, `Z`, `O`, `KeepLord`, `IsPatrol`, `WaypointGUID`) VALUES ('102', '4', '0', '1708', '1398772', '1040067', '10498', '4020', '0', '0', '0');
INSERT INTO `war_world`.`keep_creatures` (`KeepId`, `ZoneId`, `OrderId`, `DestroId`, `X`, `Y`, `Z`, `O`, `KeepLord`, `IsPatrol`, `WaypointGUID`) VALUES ('102', '4', '0', '13451', '1397377', '1033336', '8868', '3400', '0', '0', '0');
INSERT INTO `war_world`.`keep_creatures` (`KeepId`, `ZoneId`, `OrderId`, `DestroId`, `X`, `Y`, `Z`, `O`, `KeepLord`, `IsPatrol`, `WaypointGUID`) VALUES ('102', '4', '0', '13451', '1400822', '1033447', '8868', '694', '0', '0', '0');
INSERT INTO `war_world`.`keep_creatures` (`KeepId`, `ZoneId`, `OrderId`, `DestroId`, `X`, `Y`, `Z`, `O`, `KeepLord`, `IsPatrol`, `WaypointGUID`) VALUES ('102', '4', '0', '13451', '1394769', '1036935', '8868', '100', '0', '0', '0');
INSERT INTO `war_world`.`keep_creatures` (`KeepId`, `ZoneId`, `OrderId`, `DestroId`, `X`, `Y`, `Z`, `O`, `KeepLord`, `IsPatrol`, `WaypointGUID`) VALUES ('102', '4', '0', '13451', '1403648', '1037061', '8868', '3996', '0', '0', '0');
INSERT INTO `war_world`.`keep_creatures` (`KeepId`, `ZoneId`, `OrderId`, `DestroId`, `X`, `Y`, `Z`, `O`, `KeepLord`, `IsPatrol`, `WaypointGUID`) VALUES ('102', '4', '0', '13451', '1392639', '1039638', '8868', '2792', '0', '0', '0');
INSERT INTO `war_world`.`keep_creatures` (`KeepId`, `ZoneId`, `OrderId`, `DestroId`, `X`, `Y`, `Z`, `O`, `KeepLord`, `IsPatrol`, `WaypointGUID`) VALUES ('102', '4', '0', '13451', '1405423', '1040018', '8868', '1348', '0', '0', '0');
INSERT INTO `war_world`.`keep_creatures` (`KeepId`, `ZoneId`, `OrderId`, `DestroId`, `X`, `Y`, `Z`, `O`, `KeepLord`, `IsPatrol`, `WaypointGUID`) VALUES ('102', '4', '0', '13452', '1397307', '1034828', '8867', '2520', '0', '0', '0');
INSERT INTO `war_world`.`keep_creatures` (`KeepId`, `ZoneId`, `OrderId`, `DestroId`, `X`, `Y`, `Z`, `O`, `KeepLord`, `IsPatrol`, `WaypointGUID`) VALUES ('102', '4', '0', '13452', '1400799', '1034951', '8868', '1560', '0', '0', '0');
INSERT INTO `war_world`.`keep_creatures` (`KeepId`, `ZoneId`, `OrderId`, `DestroId`, `X`, `Y`, `Z`, `O`, `KeepLord`, `IsPatrol`, `WaypointGUID`) VALUES ('102', '4', '0', '13452', '1395980', '1037789', '8868', '862', '0', '0', '0');
INSERT INTO `war_world`.`keep_creatures` (`KeepId`, `ZoneId`, `OrderId`, `DestroId`, `X`, `Y`, `Z`, `O`, `KeepLord`, `IsPatrol`, `WaypointGUID`) VALUES ('102', '4', '0', '13452', '1402372', '1037828', '8867', '3144', '0', '0', '0');
INSERT INTO `war_world`.`keep_creatures` (`KeepId`, `ZoneId`, `OrderId`, `DestroId`, `X`, `Y`, `Z`, `O`, `KeepLord`, `IsPatrol`, `WaypointGUID`) VALUES ('102', '4', '0', '13452', '1393808', '1040550', '8867', '1942', '0', '0', '0');
INSERT INTO `war_world`.`keep_creatures` (`KeepId`, `ZoneId`, `OrderId`, `DestroId`, `X`, `Y`, `Z`, `O`, `KeepLord`, `IsPatrol`, `WaypointGUID`) VALUES ('102', '4', '0', '13452', '1404159', '1040822', '8868', '2200', '0', '0', '0');
INSERT INTO `war_world`.`keep_creatures` (`KeepId`, `ZoneId`, `OrderId`, `DestroId`, `X`, `Y`, `Z`, `O`, `KeepLord`, `IsPatrol`, `WaypointGUID`) VALUES ('102', '4', '6884', '15959', '1398875', '1040304', '10053', '66', '1', '0', '0');
INSERT INTO `war_world`.`keep_creatures` (`KeepId`, `ZoneId`, `OrderId`, `DestroId`, `X`, `Y`, `Z`, `O`, `KeepLord`, `IsPatrol`, `WaypointGUID`) VALUES ('102', '4', '0', '27539', '1398742', '1040488', '10498', '1962', '0', '0', '0');
INSERT INTO `war_world`.`keep_creatures` (`KeepId`, `ZoneId`, `OrderId`, `DestroId`, `X`, `Y`, `Z`, `O`, `KeepLord`, `IsPatrol`, `WaypointGUID`) VALUES ('102', '4', '0', '98569', '1398943', '1040488', '10498', '1994', '0', '0', '0');
INSERT INTO `war_world`.`keep_creatures` (`KeepId`, `ZoneId`, `OrderId`, `DestroId`, `X`, `Y`, `Z`, `O`, `KeepLord`, `IsPatrol`, `WaypointGUID`) VALUES ('102', '4', '0', '1000139', '1399045', '1034946', '8764', '2020', '0', '0', '0');
INSERT INTO `war_world`.`keep_creatures` (`KeepId`, `ZoneId`, `OrderId`, `DestroId`, `X`, `Y`, `Z`, `O`, `KeepLord`, `IsPatrol`, `WaypointGUID`) VALUES ('102', '4', '0', '1000139', '1394939', '1039224', '8764', '1396', '0', '0', '0');
INSERT INTO `war_world`.`keep_creatures` (`KeepId`, `ZoneId`, `OrderId`, `DestroId`, `X`, `Y`, `Z`, `O`, `KeepLord`, `IsPatrol`, `WaypointGUID`) VALUES ('102', '4', '0', '1000139', '1403212', '1039351', '8764', '2674', '0', '0', '0');
INSERT INTO `war_world`.`keep_creatures` (`KeepId`, `ZoneId`, `OrderId`, `DestroId`, `X`, `Y`, `Z`, `O`, `KeepLord`, `IsPatrol`, `WaypointGUID`) VALUES ('102', '4', '0', '1025550', '1398928', '1034405', '8264', '2124', '0', '0', '0');
INSERT INTO `war_world`.`keep_creatures` (`KeepId`, `ZoneId`, `OrderId`, `DestroId`, `X`, `Y`, `Z`, `O`, `KeepLord`, `IsPatrol`, `WaypointGUID`) VALUES ('102', '4', '0', '1025550', '1399186', '1034434', '8264', '2088', '0', '0', '0');
INSERT INTO `war_world`.`keep_creatures` (`KeepId`, `ZoneId`, `OrderId`, `DestroId`, `X`, `Y`, `Z`, `O`, `KeepLord`, `IsPatrol`, `WaypointGUID`) VALUES ('102', '4', '0', '1025550', '1398904', '1035437', '8261', '2174', '0', '0', '0');
INSERT INTO `war_world`.`keep_creatures` (`KeepId`, `ZoneId`, `OrderId`, `DestroId`, `X`, `Y`, `Z`, `O`, `KeepLord`, `IsPatrol`, `WaypointGUID`) VALUES ('102', '4', '0', '1025550', '1399159', '1035444', '8256', '1876', '0', '0', '0');
INSERT INTO `war_world`.`keep_creatures` (`KeepId`, `ZoneId`, `OrderId`, `DestroId`, `X`, `Y`, `Z`, `O`, `KeepLord`, `IsPatrol`, `WaypointGUID`) VALUES ('102', '4', '0', '1025550', '1402486', '1036929', '8264', '3598', '0', '0', '0');
INSERT INTO `war_world`.`keep_creatures` (`KeepId`, `ZoneId`, `OrderId`, `DestroId`, `X`, `Y`, `Z`, `O`, `KeepLord`, `IsPatrol`, `WaypointGUID`) VALUES ('102', '4', '0', '1025550', '1399812', '1037257', '8811', '1930', '0', '0', '0');
INSERT INTO `war_world`.`keep_creatures` (`KeepId`, `ZoneId`, `OrderId`, `DestroId`, `X`, `Y`, `Z`, `O`, `KeepLord`, `IsPatrol`, `WaypointGUID`) VALUES ('102', '4', '0', '1025550', '1398320', '1037405', '8761', '2124', '0', '0', '0');
INSERT INTO `war_world`.`keep_creatures` (`KeepId`, `ZoneId`, `OrderId`, `DestroId`, `X`, `Y`, `Z`, `O`, `KeepLord`, `IsPatrol`, `WaypointGUID`) VALUES ('102', '4', '0', '1025550', '1398750', '1038745', '8908', '1982', '0', '0', '0');
INSERT INTO `war_world`.`keep_creatures` (`KeepId`, `ZoneId`, `OrderId`, `DestroId`, `X`, `Y`, `Z`, `O`, `KeepLord`, `IsPatrol`, `WaypointGUID`) VALUES ('102', '4', '0', '1025550', '1398971', '1038774', '8894', '1994', '0', '0', '0');
INSERT INTO `war_world`.`keep_creatures` (`KeepId`, `ZoneId`, `OrderId`, `DestroId`, `X`, `Y`, `Z`, `O`, `KeepLord`, `IsPatrol`, `WaypointGUID`) VALUES ('102', '4', '0', '1025550', '1394605', '1038781', '8264', '1550', '0', '0', '0');
INSERT INTO `war_world`.`keep_creatures` (`KeepId`, `ZoneId`, `OrderId`, `DestroId`, `X`, `Y`, `Z`, `O`, `KeepLord`, `IsPatrol`, `WaypointGUID`) VALUES ('102', '4', '0', '1025550', '1403593', '1038956', '8264', '2798', '0', '0', '0');
INSERT INTO `war_world`.`keep_creatures` (`KeepId`, `ZoneId`, `OrderId`, `DestroId`, `X`, `Y`, `Z`, `O`, `KeepLord`, `IsPatrol`, `WaypointGUID`) VALUES ('102', '4', '0', '1025550', '1394416', '1039019', '8264', '1550', '0', '0', '0');
INSERT INTO `war_world`.`keep_creatures` (`KeepId`, `ZoneId`, `OrderId`, `DestroId`, `X`, `Y`, `Z`, `O`, `KeepLord`, `IsPatrol`, `WaypointGUID`) VALUES ('102', '4', '0', '1025550', '1403788', '1039203', '8264', '2466', '0', '0', '0');
INSERT INTO `war_world`.`keep_creatures` (`KeepId`, `ZoneId`, `OrderId`, `DestroId`, `X`, `Y`, `Z`, `O`, `KeepLord`, `IsPatrol`, `WaypointGUID`) VALUES ('102', '4', '0', '1025550', '1398098', '1039209', '9175', '3094', '0', '0', '0');
INSERT INTO `war_world`.`keep_creatures` (`KeepId`, `ZoneId`, `OrderId`, `DestroId`, `X`, `Y`, `Z`, `O`, `KeepLord`, `IsPatrol`, `WaypointGUID`) VALUES ('102', '4', '0', '1025550', '1398721', '1039364', '8956', '2292', '0', '0', '0');
INSERT INTO `war_world`.`keep_creatures` (`KeepId`, `ZoneId`, `OrderId`, `DestroId`, `X`, `Y`, `Z`, `O`, `KeepLord`, `IsPatrol`, `WaypointGUID`) VALUES ('102', '4', '0', '1025550', '1398927', '1039397', '8955', '1980', '0', '0', '0');
INSERT INTO `war_world`.`keep_creatures` (`KeepId`, `ZoneId`, `OrderId`, `DestroId`, `X`, `Y`, `Z`, `O`, `KeepLord`, `IsPatrol`, `WaypointGUID`) VALUES ('102', '4', '0', '1025550', '1395376', '1039398', '8264', '1160', '0', '0', '0');
INSERT INTO `war_world`.`keep_creatures` (`KeepId`, `ZoneId`, `OrderId`, `DestroId`, `X`, `Y`, `Z`, `O`, `KeepLord`, `IsPatrol`, `WaypointGUID`) VALUES ('102', '4', '0', '1025550', '1402761', '1039501', '8264', '2858', '0', '0', '0');
INSERT INTO `war_world`.`keep_creatures` (`KeepId`, `ZoneId`, `OrderId`, `DestroId`, `X`, `Y`, `Z`, `O`, `KeepLord`, `IsPatrol`, `WaypointGUID`) VALUES ('102', '4', '0', '1025550', '1395206', '1039586', '8253', '1672', '0', '0', '0');
INSERT INTO `war_world`.`keep_creatures` (`KeepId`, `ZoneId`, `OrderId`, `DestroId`, `X`, `Y`, `Z`, `O`, `KeepLord`, `IsPatrol`, `WaypointGUID`) VALUES ('102', '4', '0', '1025550', '1402876', '1039680', '8264', '2660', '0', '0', '0');
INSERT INTO `war_world`.`keep_creatures` (`KeepId`, `ZoneId`, `OrderId`, `DestroId`, `X`, `Y`, `Z`, `O`, `KeepLord`, `IsPatrol`, `WaypointGUID`) VALUES ('102', '4', '0', '1025550', '1400816', '1039947', '8928', '2744', '0', '0', '0');
INSERT INTO `war_world`.`keep_creatures` (`KeepId`, `ZoneId`, `OrderId`, `DestroId`, `X`, `Y`, `Z`, `O`, `KeepLord`, `IsPatrol`, `WaypointGUID`) VALUES ('102', '4', '0', '1025550', '1398682', '1039981', '9516', '2116', '0', '0', '0');
INSERT INTO `war_world`.`keep_creatures` (`KeepId`, `ZoneId`, `OrderId`, `DestroId`, `X`, `Y`, `Z`, `O`, `KeepLord`, `IsPatrol`, `WaypointGUID`) VALUES ('102', '4', '0', '1025550', '1400074', '1040145', '8955', '3168', '0', '0', '0');
INSERT INTO `war_world`.`keep_creatures` (`KeepId`, `ZoneId`, `OrderId`, `DestroId`, `X`, `Y`, `Z`, `O`, `KeepLord`, `IsPatrol`, `WaypointGUID`) VALUES ('102', '4', '0', '1025550', '1399433', '1040151', '8951', '1072', '0', '0', '0');
INSERT INTO `war_world`.`keep_creatures` (`KeepId`, `ZoneId`, `OrderId`, `DestroId`, `X`, `Y`, `Z`, `O`, `KeepLord`, `IsPatrol`, `WaypointGUID`) VALUES ('102', '4', '0', '1025550', '1400859', '1040151', '8916', '3204', '0', '0', '0');
INSERT INTO `war_world`.`keep_creatures` (`KeepId`, `ZoneId`, `OrderId`, `DestroId`, `X`, `Y`, `Z`, `O`, `KeepLord`, `IsPatrol`, `WaypointGUID`) VALUES ('102', '4', '0', '1025550', '1400213', '1040472', '9516', '70', '0', '0', '0');
INSERT INTO `war_world`.`keep_creatures` (`KeepId`, `ZoneId`, `OrderId`, `DestroId`, `X`, `Y`, `Z`, `O`, `KeepLord`, `IsPatrol`, `WaypointGUID`) VALUES ('102', '4', '0', '1025550', '1396353', '1041156', '8840', '1454', '0', '0', '0');
INSERT INTO `war_world`.`keep_creatures` (`KeepId`, `ZoneId`, `OrderId`, `DestroId`, `X`, `Y`, `Z`, `O`, `KeepLord`, `IsPatrol`, `WaypointGUID`) VALUES ('102', '4', '0', '1025550', '1398584', '1041164', '9527', '46', '0', '0', '0');
INSERT INTO `war_world`.`keep_creatures` (`KeepId`, `ZoneId`, `OrderId`, `DestroId`, `X`, `Y`, `Z`, `O`, `KeepLord`, `IsPatrol`, `WaypointGUID`) VALUES ('102', '4', '0', '1025550', '1399222', '1041435', '8909', '3236', '0', '0', '0');
INSERT INTO `war_world`.`keep_creatures` (`KeepId`, `ZoneId`, `OrderId`, `DestroId`, `X`, `Y`, `Z`, `O`, `KeepLord`, `IsPatrol`, `WaypointGUID`) VALUES ('102', '4', '0', '1025550', '1399159', '1041674', '8912', '3236', '0', '0', '0');
INSERT INTO `war_world`.`keep_creatures` (`KeepId`, `ZoneId`, `OrderId`, `DestroId`, `X`, `Y`, `Z`, `O`, `KeepLord`, `IsPatrol`, `WaypointGUID`) VALUES ('102', '4', '0', '1025550', '1398210', '1041724', '9518', '2868', '0', '0', '0');
INSERT INTO `war_world`.`keep_creatures` (`KeepId`, `ZoneId`, `OrderId`, `DestroId`, `X`, `Y`, `Z`, `O`, `KeepLord`, `IsPatrol`, `WaypointGUID`) VALUES ('102', '4', '0', '1025550', '1400466', '1043108', '8398', '936', '0', '0', '0');
INSERT INTO `war_world`.`keep_creatures` (`KeepId`, `ZoneId`, `OrderId`, `DestroId`, `X`, `Y`, `Z`, `O`, `KeepLord`, `IsPatrol`, `WaypointGUID`) VALUES ('102', '4', '0', '1025550', '1399850', '1043155', '8417', '2964', '0', '0', '0');
INSERT INTO `war_world`.`keep_creatures` (`KeepId`, `ZoneId`, `OrderId`, `DestroId`, `X`, `Y`, `Z`, `O`, `KeepLord`, `IsPatrol`, `WaypointGUID`) VALUES ('102', '4', '0', '1025550', '1395562', '1043205', '8264', '2994', '0', '0', '0');
INSERT INTO `war_world`.`keep_creatures` (`KeepId`, `ZoneId`, `OrderId`, `DestroId`, `X`, `Y`, `Z`, `O`, `KeepLord`, `IsPatrol`, `WaypointGUID`) VALUES ('102', '4', '0', '1025550', '1402978', '1043956', '8344', '2884', '0', '0', '0');
INSERT INTO `war_world`.`keep_creatures` (`KeepId`, `ZoneId`, `OrderId`, `DestroId`, `X`, `Y`, `Z`, `O`, `KeepLord`, `IsPatrol`, `WaypointGUID`) VALUES ('102', '4', '0', '1025550', '1398522', '1044281', '8263', '2122', '0', '0', '0');
INSERT INTO `war_world`.`keep_creatures` (`KeepId`, `ZoneId`, `OrderId`, `DestroId`, `X`, `Y`, `Z`, `O`, `KeepLord`, `IsPatrol`, `WaypointGUID`) VALUES ('102', '4', '0', '1025550', '1398747', '1044307', '8285', '2122', '0', '0', '0');
INSERT INTO `war_world`.`keep_creatures` (`KeepId`, `ZoneId`, `OrderId`, `DestroId`, `X`, `Y`, `Z`, `O`, `KeepLord`, `IsPatrol`, `WaypointGUID`) VALUES ('102', '4', '0', '1025551', '1399199', '1028126', '8168', '2330', '0', '0', '0');
INSERT INTO `war_world`.`keep_creatures` (`KeepId`, `ZoneId`, `OrderId`, `DestroId`, `X`, `Y`, `Z`, `O`, `KeepLord`, `IsPatrol`, `WaypointGUID`) VALUES ('102', '4', '0', '1025551', '1401496', '1035241', '8264', '1486', '0', '0', '0');
INSERT INTO `war_world`.`keep_creatures` (`KeepId`, `ZoneId`, `OrderId`, `DestroId`, `X`, `Y`, `Z`, `O`, `KeepLord`, `IsPatrol`, `WaypointGUID`) VALUES ('102', '4', '0', '1025551', '1399476', '1035750', '8278', '1530', '0', '0', '0');
INSERT INTO `war_world`.`keep_creatures` (`KeepId`, `ZoneId`, `OrderId`, `DestroId`, `X`, `Y`, `Z`, `O`, `KeepLord`, `IsPatrol`, `WaypointGUID`) VALUES ('102', '4', '0', '1025551', '1401512', '1036231', '8306', '404', '0', '0', '0');
INSERT INTO `war_world`.`keep_creatures` (`KeepId`, `ZoneId`, `OrderId`, `DestroId`, `X`, `Y`, `Z`, `O`, `KeepLord`, `IsPatrol`, `WaypointGUID`) VALUES ('102', '4', '0', '1025551', '1396432', '1036362', '8523', '3302', '0', '0', '0');
INSERT INTO `war_world`.`keep_creatures` (`KeepId`, `ZoneId`, `OrderId`, `DestroId`, `X`, `Y`, `Z`, `O`, `KeepLord`, `IsPatrol`, `WaypointGUID`) VALUES ('102', '4', '0', '1025551', '1396794', '1038425', '8261', '1312', '0', '0', '0');
INSERT INTO `war_world`.`keep_creatures` (`KeepId`, `ZoneId`, `OrderId`, `DestroId`, `X`, `Y`, `Z`, `O`, `KeepLord`, `IsPatrol`, `WaypointGUID`) VALUES ('102', '4', '0', '1025551', '1400957', '1038601', '8881', '2746', '0', '0', '0');
INSERT INTO `war_world`.`keep_creatures` (`KeepId`, `ZoneId`, `OrderId`, `DestroId`, `X`, `Y`, `Z`, `O`, `KeepLord`, `IsPatrol`, `WaypointGUID`) VALUES ('102', '4', '0', '1025551', '1395990', '1039604', '8346', '1420', '0', '0', '0');
INSERT INTO `war_world`.`keep_creatures` (`KeepId`, `ZoneId`, `OrderId`, `DestroId`, `X`, `Y`, `Z`, `O`, `KeepLord`, `IsPatrol`, `WaypointGUID`) VALUES ('102', '4', '0', '1025551', '1399272', '1039755', '8961', '489', '0', '0', '0');
INSERT INTO `war_world`.`keep_creatures` (`KeepId`, `ZoneId`, `OrderId`, `DestroId`, `X`, `Y`, `Z`, `O`, `KeepLord`, `IsPatrol`, `WaypointGUID`) VALUES ('102', '4', '0', '1025551', '1398193', '1039878', '8956', '525', '0', '0', '0');
INSERT INTO `war_world`.`keep_creatures` (`KeepId`, `ZoneId`, `OrderId`, `DestroId`, `X`, `Y`, `Z`, `O`, `KeepLord`, `IsPatrol`, `WaypointGUID`) VALUES ('102', '4', '0', '1025551', '1402295', '1039922', '8264', '2730', '0', '0', '0');
INSERT INTO `war_world`.`keep_creatures` (`KeepId`, `ZoneId`, `OrderId`, `DestroId`, `X`, `Y`, `Z`, `O`, `KeepLord`, `IsPatrol`, `WaypointGUID`) VALUES ('102', '4', '0', '1025551', '1395594', '1040032', '8342', '1552', '0', '0', '0');
INSERT INTO `war_world`.`keep_creatures` (`KeepId`, `ZoneId`, `OrderId`, `DestroId`, `X`, `Y`, `Z`, `O`, `KeepLord`, `IsPatrol`, `WaypointGUID`) VALUES ('102', '4', '0', '1025551', '1398809', '1040444', '8911', '2028', '0', '0', '0');
INSERT INTO `war_world`.`keep_creatures` (`KeepId`, `ZoneId`, `OrderId`, `DestroId`, `X`, `Y`, `Z`, `O`, `KeepLord`, `IsPatrol`, `WaypointGUID`) VALUES ('102', '4', '0', '1025551', '1399028', '1040618', '9523', '1988', '0', '0', '0');
INSERT INTO `war_world`.`keep_creatures` (`KeepId`, `ZoneId`, `OrderId`, `DestroId`, `X`, `Y`, `Z`, `O`, `KeepLord`, `IsPatrol`, `WaypointGUID`) VALUES ('102', '4', '0', '1025551', '1399324', '1040858', '9781', '1104', '0', '0', '0');
INSERT INTO `war_world`.`keep_creatures` (`KeepId`, `ZoneId`, `OrderId`, `DestroId`, `X`, `Y`, `Z`, `O`, `KeepLord`, `IsPatrol`, `WaypointGUID`) VALUES ('102', '4', '0', '1025551', '1400121', '1041182', '9206', '1176', '0', '0', '0');
INSERT INTO `war_world`.`keep_creatures` (`KeepId`, `ZoneId`, `OrderId`, `DestroId`, `X`, `Y`, `Z`, `O`, `KeepLord`, `IsPatrol`, `WaypointGUID`) VALUES ('102', '4', '0', '1025551', '1401954', '1041236', '8253', '3298', '0', '0', '0');
INSERT INTO `war_world`.`keep_creatures` (`KeepId`, `ZoneId`, `OrderId`, `DestroId`, `X`, `Y`, `Z`, `O`, `KeepLord`, `IsPatrol`, `WaypointGUID`) VALUES ('102', '4', '0', '1025551', '1402029', '1041425', '8263', '2518', '0', '0', '0');
INSERT INTO `war_world`.`keep_creatures` (`KeepId`, `ZoneId`, `OrderId`, `DestroId`, `X`, `Y`, `Z`, `O`, `KeepLord`, `IsPatrol`, `WaypointGUID`) VALUES ('102', '4', '0', '1025551', '1397609', '1041438', '9186', '1090', '0', '0', '0');
INSERT INTO `war_world`.`keep_creatures` (`KeepId`, `ZoneId`, `OrderId`, `DestroId`, `X`, `Y`, `Z`, `O`, `KeepLord`, `IsPatrol`, `WaypointGUID`) VALUES ('102', '4', '0', '1025551', '1398667', '1043376', '8254', '106', '0', '0', '0');
INSERT INTO `war_world`.`keep_creatures` (`KeepId`, `ZoneId`, `OrderId`, `DestroId`, `X`, `Y`, `Z`, `O`, `KeepLord`, `IsPatrol`, `WaypointGUID`) VALUES ('102', '4', '0', '1025551', '1402472', '1043549', '8344', '4070', '0', '0', '0');
INSERT INTO `war_world`.`keep_creatures` (`KeepId`, `ZoneId`, `OrderId`, `DestroId`, `X`, `Y`, `Z`, `O`, `KeepLord`, `IsPatrol`, `WaypointGUID`) VALUES ('102', '4', '0', '1025551', '1400174', '1044289', '8341', '2316', '0', '0', '0');
INSERT INTO `war_world`.`keep_creatures` (`KeepId`, `ZoneId`, `OrderId`, `DestroId`, `X`, `Y`, `Z`, `O`, `KeepLord`, `IsPatrol`, `WaypointGUID`) VALUES ('102', '4', '0', '1025551', '1402539', '1044580', '8328', '2572', '0', '0', '0');
INSERT INTO `war_world`.`keep_creatures` (`KeepId`, `ZoneId`, `OrderId`, `DestroId`, `X`, `Y`, `Z`, `O`, `KeepLord`, `IsPatrol`, `WaypointGUID`) VALUES ('102', '4', '0', '1025552', '1400484', '1031719', '8194', '1264', '0', '0', '0');
INSERT INTO `war_world`.`keep_creatures` (`KeepId`, `ZoneId`, `OrderId`, `DestroId`, `X`, `Y`, `Z`, `O`, `KeepLord`, `IsPatrol`, `WaypointGUID`) VALUES ('102', '4', '0', '1025552', '1397819', '1031775', '8270', '2334', '0', '0', '0');
INSERT INTO `war_world`.`keep_creatures` (`KeepId`, `ZoneId`, `OrderId`, `DestroId`, `X`, `Y`, `Z`, `O`, `KeepLord`, `IsPatrol`, `WaypointGUID`) VALUES ('102', '4', '0', '1025552', '1395396', '1032165', '8208', '146', '0', '0', '0');
INSERT INTO `war_world`.`keep_creatures` (`KeepId`, `ZoneId`, `OrderId`, `DestroId`, `X`, `Y`, `Z`, `O`, `KeepLord`, `IsPatrol`, `WaypointGUID`) VALUES ('102', '4', '0', '1025552', '1397258', '1032965', '8307', '1164', '0', '0', '0');
INSERT INTO `war_world`.`keep_creatures` (`KeepId`, `ZoneId`, `OrderId`, `DestroId`, `X`, `Y`, `Z`, `O`, `KeepLord`, `IsPatrol`, `WaypointGUID`) VALUES ('102', '4', '0', '1025552', '1400926', '1033024', '8256', '884', '0', '0', '0');
INSERT INTO `war_world`.`keep_creatures` (`KeepId`, `ZoneId`, `OrderId`, `DestroId`, `X`, `Y`, `Z`, `O`, `KeepLord`, `IsPatrol`, `WaypointGUID`) VALUES ('102', '4', '0', '1025552', '1402806', '1033371', '8077', '1398', '0', '0', '0');
INSERT INTO `war_world`.`keep_creatures` (`KeepId`, `ZoneId`, `OrderId`, `DestroId`, `X`, `Y`, `Z`, `O`, `KeepLord`, `IsPatrol`, `WaypointGUID`) VALUES ('102', '4', '0', '1025552', '1401423', '1034977', '8264', '18', '0', '0', '0');
INSERT INTO `war_world`.`keep_creatures` (`KeepId`, `ZoneId`, `OrderId`, `DestroId`, `X`, `Y`, `Z`, `O`, `KeepLord`, `IsPatrol`, `WaypointGUID`) VALUES ('102', '4', '0', '1025552', '1401215', '1035099', '8272', '3554', '0', '0', '0');
INSERT INTO `war_world`.`keep_creatures` (`KeepId`, `ZoneId`, `OrderId`, `DestroId`, `X`, `Y`, `Z`, `O`, `KeepLord`, `IsPatrol`, `WaypointGUID`) VALUES ('102', '4', '0', '1025552', '1399113', '1035943', '8347', '1932', '0', '0', '0');
INSERT INTO `war_world`.`keep_creatures` (`KeepId`, `ZoneId`, `OrderId`, `DestroId`, `X`, `Y`, `Z`, `O`, `KeepLord`, `IsPatrol`, `WaypointGUID`) VALUES ('102', '4', '0', '1025552', '1396497', '1036076', '8459', '2094', '0', '0', '0');
INSERT INTO `war_world`.`keep_creatures` (`KeepId`, `ZoneId`, `OrderId`, `DestroId`, `X`, `Y`, `Z`, `O`, `KeepLord`, `IsPatrol`, `WaypointGUID`) VALUES ('102', '4', '0', '1025552', '1396762', '1036329', '8449', '3100', '0', '0', '0');
INSERT INTO `war_world`.`keep_creatures` (`KeepId`, `ZoneId`, `OrderId`, `DestroId`, `X`, `Y`, `Z`, `O`, `KeepLord`, `IsPatrol`, `WaypointGUID`) VALUES ('102', '4', '0', '1025552', '1396212', '1036381', '8477', '838', '0', '0', '0');
INSERT INTO `war_world`.`keep_creatures` (`KeepId`, `ZoneId`, `OrderId`, `DestroId`, `X`, `Y`, `Z`, `O`, `KeepLord`, `IsPatrol`, `WaypointGUID`) VALUES ('102', '4', '0', '1025552', '1396433', '1036634', '8457', '3844', '0', '0', '0');
INSERT INTO `war_world`.`keep_creatures` (`KeepId`, `ZoneId`, `OrderId`, `DestroId`, `X`, `Y`, `Z`, `O`, `KeepLord`, `IsPatrol`, `WaypointGUID`) VALUES ('102', '4', '0', '1025552', '1393507', '1037149', '8224', '3558', '0', '0', '0');
INSERT INTO `war_world`.`keep_creatures` (`KeepId`, `ZoneId`, `OrderId`, `DestroId`, `X`, `Y`, `Z`, `O`, `KeepLord`, `IsPatrol`, `WaypointGUID`) VALUES ('102', '4', '0', '1025552', '1404125', '1037188', '8280', '2456', '0', '0', '0');
INSERT INTO `war_world`.`keep_creatures` (`KeepId`, `ZoneId`, `OrderId`, `DestroId`, `X`, `Y`, `Z`, `O`, `KeepLord`, `IsPatrol`, `WaypointGUID`) VALUES ('102', '4', '0', '1025552', '1402013', '1037760', '8310', '650', '0', '0', '0');
INSERT INTO `war_world`.`keep_creatures` (`KeepId`, `ZoneId`, `OrderId`, `DestroId`, `X`, `Y`, `Z`, `O`, `KeepLord`, `IsPatrol`, `WaypointGUID`) VALUES ('102', '4', '0', '1025552', '1396269', '1038059', '8273', '3442', '0', '0', '0');
INSERT INTO `war_world`.`keep_creatures` (`KeepId`, `ZoneId`, `OrderId`, `DestroId`, `X`, `Y`, `Z`, `O`, `KeepLord`, `IsPatrol`, `WaypointGUID`) VALUES ('102', '4', '0', '1025552', '1399738', '1038063', '8941', '1708', '0', '0', '0');
INSERT INTO `war_world`.`keep_creatures` (`KeepId`, `ZoneId`, `OrderId`, `DestroId`, `X`, `Y`, `Z`, `O`, `KeepLord`, `IsPatrol`, `WaypointGUID`) VALUES ('102', '4', '0', '1025552', '1398176', '1038196', '8914', '1540', '0', '0', '0');
INSERT INTO `war_world`.`keep_creatures` (`KeepId`, `ZoneId`, `OrderId`, `DestroId`, `X`, `Y`, `Z`, `O`, `KeepLord`, `IsPatrol`, `WaypointGUID`) VALUES ('102', '4', '0', '1025552', '1396875', '1039315', '8912', '722', '0', '0', '0');
INSERT INTO `war_world`.`keep_creatures` (`KeepId`, `ZoneId`, `OrderId`, `DestroId`, `X`, `Y`, `Z`, `O`, `KeepLord`, `IsPatrol`, `WaypointGUID`) VALUES ('102', '4', '0', '1025552', '1391895', '1039334', '8142', '878', '0', '0', '0');
INSERT INTO `war_world`.`keep_creatures` (`KeepId`, `ZoneId`, `OrderId`, `DestroId`, `X`, `Y`, `Z`, `O`, `KeepLord`, `IsPatrol`, `WaypointGUID`) VALUES ('102', '4', '0', '1025552', '1399541', '1039353', '8970', '1032', '0', '0', '0');
INSERT INTO `war_world`.`keep_creatures` (`KeepId`, `ZoneId`, `OrderId`, `DestroId`, `X`, `Y`, `Z`, `O`, `KeepLord`, `IsPatrol`, `WaypointGUID`) VALUES ('102', '4', '0', '1025552', '1398009', '1039602', '9175', '3074', '0', '0', '0');
INSERT INTO `war_world`.`keep_creatures` (`KeepId`, `ZoneId`, `OrderId`, `DestroId`, `X`, `Y`, `Z`, `O`, `KeepLord`, `IsPatrol`, `WaypointGUID`) VALUES ('102', '4', '0', '1025552', '1406040', '1039638', '8264', '2084', '0', '0', '0');
INSERT INTO `war_world`.`keep_creatures` (`KeepId`, `ZoneId`, `OrderId`, `DestroId`, `X`, `Y`, `Z`, `O`, `KeepLord`, `IsPatrol`, `WaypointGUID`) VALUES ('102', '4', '0', '1025552', '1398351', '1040191', '9521', '3142', '0', '0', '0');
INSERT INTO `war_world`.`keep_creatures` (`KeepId`, `ZoneId`, `OrderId`, `DestroId`, `X`, `Y`, `Z`, `O`, `KeepLord`, `IsPatrol`, `WaypointGUID`) VALUES ('102', '4', '0', '1025552', '1399340', '1040318', '9520', '1050', '0', '0', '0');
INSERT INTO `war_world`.`keep_creatures` (`KeepId`, `ZoneId`, `OrderId`, `DestroId`, `X`, `Y`, `Z`, `O`, `KeepLord`, `IsPatrol`, `WaypointGUID`) VALUES ('102', '4', '0', '1025552', '1397975', '1040387', '9175', '2906', '0', '0', '0');
INSERT INTO `war_world`.`keep_creatures` (`KeepId`, `ZoneId`, `OrderId`, `DestroId`, `X`, `Y`, `Z`, `O`, `KeepLord`, `IsPatrol`, `WaypointGUID`) VALUES ('102', '4', '0', '1025552', '1397655', '1040766', '8952', '2702', '0', '0', '0');
INSERT INTO `war_world`.`keep_creatures` (`KeepId`, `ZoneId`, `OrderId`, `DestroId`, `X`, `Y`, `Z`, `O`, `KeepLord`, `IsPatrol`, `WaypointGUID`) VALUES ('102', '4', '0', '1025552', '1401214', '1040943', '8886', '160', '0', '0', '0');
INSERT INTO `war_world`.`keep_creatures` (`KeepId`, `ZoneId`, `OrderId`, `DestroId`, `X`, `Y`, `Z`, `O`, `KeepLord`, `IsPatrol`, `WaypointGUID`) VALUES ('102', '4', '0', '1025552', '1393028', '1041038', '8264', '2014', '0', '0', '0');
INSERT INTO `war_world`.`keep_creatures` (`KeepId`, `ZoneId`, `OrderId`, `DestroId`, `X`, `Y`, `Z`, `O`, `KeepLord`, `IsPatrol`, `WaypointGUID`) VALUES ('102', '4', '0', '1025552', '1398134', '1041353', '9524', '72', '0', '0', '0');
INSERT INTO `war_world`.`keep_creatures` (`KeepId`, `ZoneId`, `OrderId`, `DestroId`, `X`, `Y`, `Z`, `O`, `KeepLord`, `IsPatrol`, `WaypointGUID`) VALUES ('102', '4', '0', '1025552', '1402217', '1041482', '8264', '1590', '0', '0', '0');
INSERT INTO `war_world`.`keep_creatures` (`KeepId`, `ZoneId`, `OrderId`, `DestroId`, `X`, `Y`, `Z`, `O`, `KeepLord`, `IsPatrol`, `WaypointGUID`) VALUES ('102', '4', '0', '1025552', '1403793', '1041656', '8256', '560', '0', '0', '0');
INSERT INTO `war_world`.`keep_creatures` (`KeepId`, `ZoneId`, `OrderId`, `DestroId`, `X`, `Y`, `Z`, `O`, `KeepLord`, `IsPatrol`, `WaypointGUID`) VALUES ('102', '4', '0', '1025552', '1400080', '1042550', '8703', '3960', '0', '0', '0');
INSERT INTO `war_world`.`keep_creatures` (`KeepId`, `ZoneId`, `OrderId`, `DestroId`, `X`, `Y`, `Z`, `O`, `KeepLord`, `IsPatrol`, `WaypointGUID`) VALUES ('102', '4', '0', '1025552', '1398170', '1042634', '8920', '1806', '0', '0', '0');
INSERT INTO `war_world`.`keep_creatures` (`KeepId`, `ZoneId`, `OrderId`, `DestroId`, `X`, `Y`, `Z`, `O`, `KeepLord`, `IsPatrol`, `WaypointGUID`) VALUES ('102', '4', '0', '1025552', '1400826', '1043901', '8400', '3644', '0', '0', '0');
INSERT INTO `war_world`.`keep_creatures` (`KeepId`, `ZoneId`, `OrderId`, `DestroId`, `X`, `Y`, `Z`, `O`, `KeepLord`, `IsPatrol`, `WaypointGUID`) VALUES ('102', '4', '0', '1025552', '1403966', '1044446', '8344', '1126', '0', '0', '0');
INSERT INTO `war_world`.`keep_creatures` (`KeepId`, `ZoneId`, `OrderId`, `DestroId`, `X`, `Y`, `Z`, `O`, `KeepLord`, `IsPatrol`, `WaypointGUID`) VALUES ('102', '4', '0', '1025552', '1396210', '1044455', '8264', '3840', '0', '0', '0');
INSERT INTO `war_world`.`keep_creatures` (`KeepId`, `ZoneId`, `OrderId`, `DestroId`, `X`, `Y`, `Z`, `O`, `KeepLord`, `IsPatrol`, `WaypointGUID`) VALUES ('102', '4', '0', '1025552', '1407658', '1044506', '6656', '1674', '0', '0', '0');
INSERT INTO `war_world`.`keep_creatures` (`KeepId`, `ZoneId`, `OrderId`, `DestroId`, `X`, `Y`, `Z`, `O`, `KeepLord`, `IsPatrol`, `WaypointGUID`) VALUES ('102', '4', '0', '1025552', '1395945', '1044570', '8264', '490', '0', '0', '0');
INSERT INTO `war_world`.`keep_creatures` (`KeepId`, `ZoneId`, `OrderId`, `DestroId`, `X`, `Y`, `Z`, `O`, `KeepLord`, `IsPatrol`, `WaypointGUID`) VALUES ('102', '4', '0', '1025553', '1402575', '1035914', '8351', '1016', '0', '0', '0');
INSERT INTO `war_world`.`keep_creatures` (`KeepId`, `ZoneId`, `OrderId`, `DestroId`, `X`, `Y`, `Z`, `O`, `KeepLord`, `IsPatrol`, `WaypointGUID`) VALUES ('102', '4', '0', '1025553', '1400105', '1037310', '8868', '1988', '0', '0', '0');
INSERT INTO `war_world`.`keep_creatures` (`KeepId`, `ZoneId`, `OrderId`, `DestroId`, `X`, `Y`, `Z`, `O`, `KeepLord`, `IsPatrol`, `WaypointGUID`) VALUES ('102', '4', '0', '1025553', '1401585', '1038673', '8264', '2768', '0', '0', '0');
INSERT INTO `war_world`.`keep_creatures` (`KeepId`, `ZoneId`, `OrderId`, `DestroId`, `X`, `Y`, `Z`, `O`, `KeepLord`, `IsPatrol`, `WaypointGUID`) VALUES ('102', '4', '0', '1025553', '1402445', '1039408', '8264', '3138', '0', '0', '0');
INSERT INTO `war_world`.`keep_creatures` (`KeepId`, `ZoneId`, `OrderId`, `DestroId`, `X`, `Y`, `Z`, `O`, `KeepLord`, `IsPatrol`, `WaypointGUID`) VALUES ('102', '4', '0', '1025553', '1398899', '1039875', '8883', '2116', '0', '0', '0');
INSERT INTO `war_world`.`keep_creatures` (`KeepId`, `ZoneId`, `OrderId`, `DestroId`, `X`, `Y`, `Z`, `O`, `KeepLord`, `IsPatrol`, `WaypointGUID`) VALUES ('102', '4', '0', '1025553', '1397417', '1039969', '8941', '1308', '0', '0', '0');
INSERT INTO `war_world`.`keep_creatures` (`KeepId`, `ZoneId`, `OrderId`, `DestroId`, `X`, `Y`, `Z`, `O`, `KeepLord`, `IsPatrol`, `WaypointGUID`) VALUES ('102', '4', '0', '1025553', '1402831', '1040108', '8264', '2232', '0', '0', '0');
INSERT INTO `war_world`.`keep_creatures` (`KeepId`, `ZoneId`, `OrderId`, `DestroId`, `X`, `Y`, `Z`, `O`, `KeepLord`, `IsPatrol`, `WaypointGUID`) VALUES ('102', '4', '0', '1025553', '1394222', '1040636', '8264', '3546', '0', '0', '0');
INSERT INTO `war_world`.`keep_creatures` (`KeepId`, `ZoneId`, `OrderId`, `DestroId`, `X`, `Y`, `Z`, `O`, `KeepLord`, `IsPatrol`, `WaypointGUID`) VALUES ('102', '4', '0', '1025553', '1394221', '1040677', '8264', '3572', '0', '0', '0');
INSERT INTO `war_world`.`keep_creatures` (`KeepId`, `ZoneId`, `OrderId`, `DestroId`, `X`, `Y`, `Z`, `O`, `KeepLord`, `IsPatrol`, `WaypointGUID`) VALUES ('102', '4', '0', '1025553', '1395775', '1041077', '8669', '1566', '0', '0', '0');
INSERT INTO `war_world`.`keep_creatures` (`KeepId`, `ZoneId`, `OrderId`, `DestroId`, `X`, `Y`, `Z`, `O`, `KeepLord`, `IsPatrol`, `WaypointGUID`) VALUES ('102', '4', '0', '1025553', '1396751', '1042189', '8891', '128', '0', '0', '0');
INSERT INTO `war_world`.`keep_creatures` (`KeepId`, `ZoneId`, `OrderId`, `DestroId`, `X`, `Y`, `Z`, `O`, `KeepLord`, `IsPatrol`, `WaypointGUID`) VALUES ('102', '4', '0', '1025553', '1395258', '1042333', '8264', '3058', '0', '0', '0');
INSERT INTO `war_world`.`keep_creatures` (`KeepId`, `ZoneId`, `OrderId`, `DestroId`, `X`, `Y`, `Z`, `O`, `KeepLord`, `IsPatrol`, `WaypointGUID`) VALUES ('102', '4', '0', '1025553', '1402454', '1042912', '8333', '2644', '0', '0', '0');
INSERT INTO `war_world`.`keep_creatures` (`KeepId`, `ZoneId`, `OrderId`, `DestroId`, `X`, `Y`, `Z`, `O`, `KeepLord`, `IsPatrol`, `WaypointGUID`) VALUES ('102', '4', '0', '1025553', '1395522', '1043796', '8264', '2562', '0', '0', '0');
INSERT INTO `war_world`.`keep_creatures` (`KeepId`, `ZoneId`, `OrderId`, `DestroId`, `X`, `Y`, `Z`, `O`, `KeepLord`, `IsPatrol`, `WaypointGUID`) VALUES ('102', '4', '0', '1025553', '1401792', '1043835', '8320', '2222', '0', '0', '0');
INSERT INTO `war_world`.`keep_creatures` (`KeepId`, `ZoneId`, `OrderId`, `DestroId`, `X`, `Y`, `Z`, `O`, `KeepLord`, `IsPatrol`, `WaypointGUID`) VALUES ('102', '4', '0', '1025553', '1400991', '1045373', '8427', '2156', '0', '0', '0');
INSERT INTO `war_world`.`keep_creatures` (`KeepId`, `ZoneId`, `OrderId`, `DestroId`, `X`, `Y`, `Z`, `O`, `KeepLord`, `IsPatrol`, `WaypointGUID`) VALUES ('102', '4', '0', '1025553', '1403287', '1045562', '8344', '1768', '0', '0', '0');
INSERT INTO `war_world`.`keep_creatures` (`KeepId`, `ZoneId`, `OrderId`, `DestroId`, `X`, `Y`, `Z`, `O`, `KeepLord`, `IsPatrol`, `WaypointGUID`) VALUES ('102', '4', '0', '1025553', '1400994', '1045570', '8443', '1478', '0', '0', '0');
INSERT INTO `war_world`.`keep_creatures` (`KeepId`, `ZoneId`, `OrderId`, `DestroId`, `X`, `Y`, `Z`, `O`, `KeepLord`, `IsPatrol`, `WaypointGUID`) VALUES ('102', '4', '0', '1025556', '1398791', '1034194', '8264', '2078', '0', '0', '0');
INSERT INTO `war_world`.`keep_creatures` (`KeepId`, `ZoneId`, `OrderId`, `DestroId`, `X`, `Y`, `Z`, `O`, `KeepLord`, `IsPatrol`, `WaypointGUID`) VALUES ('102', '4', '0', '1025556', '1399391', '1034266', '8264', '2120', '0', '0', '0');
INSERT INTO `war_world`.`keep_creatures` (`KeepId`, `ZoneId`, `OrderId`, `DestroId`, `X`, `Y`, `Z`, `O`, `KeepLord`, `IsPatrol`, `WaypointGUID`) VALUES ('102', '4', '0', '1025556', '1398906', '1035909', '8352', '2182', '0', '0', '0');
INSERT INTO `war_world`.`keep_creatures` (`KeepId`, `ZoneId`, `OrderId`, `DestroId`, `X`, `Y`, `Z`, `O`, `KeepLord`, `IsPatrol`, `WaypointGUID`) VALUES ('102', '4', '0', '1025556', '1402676', '1037107', '8264', '1128', '0', '0', '0');
INSERT INTO `war_world`.`keep_creatures` (`KeepId`, `ZoneId`, `OrderId`, `DestroId`, `X`, `Y`, `Z`, `O`, `KeepLord`, `IsPatrol`, `WaypointGUID`) VALUES ('102', '4', '0', '1025556', '1394603', '1038568', '8264', '1368', '0', '0', '0');
INSERT INTO `war_world`.`keep_creatures` (`KeepId`, `ZoneId`, `OrderId`, `DestroId`, `X`, `Y`, `Z`, `O`, `KeepLord`, `IsPatrol`, `WaypointGUID`) VALUES ('102', '4', '0', '1025556', '1403626', '1038688', '8264', '2656', '0', '0', '0');
INSERT INTO `war_world`.`keep_creatures` (`KeepId`, `ZoneId`, `OrderId`, `DestroId`, `X`, `Y`, `Z`, `O`, `KeepLord`, `IsPatrol`, `WaypointGUID`) VALUES ('102', '4', '0', '1025556', '1394204', '1039097', '8264', '1328', '0', '0', '0');
INSERT INTO `war_world`.`keep_creatures` (`KeepId`, `ZoneId`, `OrderId`, `DestroId`, `X`, `Y`, `Z`, `O`, `KeepLord`, `IsPatrol`, `WaypointGUID`) VALUES ('102', '4', '0', '1025556', '1403975', '1039308', '8264', '2670', '0', '0', '0');
INSERT INTO `war_world`.`keep_creatures` (`KeepId`, `ZoneId`, `OrderId`, `DestroId`, `X`, `Y`, `Z`, `O`, `KeepLord`, `IsPatrol`, `WaypointGUID`) VALUES ('102', '4', '0', '1025556', '1398574', '1039900', '8928', '2232', '0', '0', '0');
INSERT INTO `war_world`.`keep_creatures` (`KeepId`, `ZoneId`, `OrderId`, `DestroId`, `X`, `Y`, `Z`, `O`, `KeepLord`, `IsPatrol`, `WaypointGUID`) VALUES ('102', '4', '0', '1025556', '1400950', '1041594', '8926', '2580', '0', '0', '0');
INSERT INTO `war_world`.`keep_creatures` (`KeepId`, `ZoneId`, `OrderId`, `DestroId`, `X`, `Y`, `Z`, `O`, `KeepLord`, `IsPatrol`, `WaypointGUID`) VALUES ('102', '4', '0', '1025556', '1396337', '1043039', '8264', '780', '0', '0', '0');
INSERT INTO `war_world`.`keep_creatures` (`KeepId`, `ZoneId`, `OrderId`, `DestroId`, `X`, `Y`, `Z`, `O`, `KeepLord`, `IsPatrol`, `WaypointGUID`) VALUES ('102', '4', '0', '1025556', '1398301', '1044118', '8264', '2138', '0', '0', '0');
INSERT INTO `war_world`.`keep_creatures` (`KeepId`, `ZoneId`, `OrderId`, `DestroId`, `X`, `Y`, `Z`, `O`, `KeepLord`, `IsPatrol`, `WaypointGUID`) VALUES ('102', '4', '0', '1025556', '1398892', '1044215', '8277', '2240', '0', '0', '0');
INSERT INTO `war_world`.`keep_creatures` (`KeepId`, `ZoneId`, `OrderId`, `DestroId`, `X`, `Y`, `Z`, `O`, `KeepLord`, `IsPatrol`, `WaypointGUID`) VALUES ('102', '4', '0', '1025557', '1398544', '1035748', '8322', '2514', '0', '0', '0');
INSERT INTO `war_world`.`keep_creatures` (`KeepId`, `ZoneId`, `OrderId`, `DestroId`, `X`, `Y`, `Z`, `O`, `KeepLord`, `IsPatrol`, `WaypointGUID`) VALUES ('102', '4', '0', '1025557', '1398467', '1036630', '8533', '3136', '0', '0', '0');
INSERT INTO `war_world`.`keep_creatures` (`KeepId`, `ZoneId`, `OrderId`, `DestroId`, `X`, `Y`, `Z`, `O`, `KeepLord`, `IsPatrol`, `WaypointGUID`) VALUES ('102', '4', '0', '1025557', '1399573', '1036676', '8570', '944', '0', '0', '0');
INSERT INTO `war_world`.`keep_creatures` (`KeepId`, `ZoneId`, `OrderId`, `DestroId`, `X`, `Y`, `Z`, `O`, `KeepLord`, `IsPatrol`, `WaypointGUID`) VALUES ('102', '4', '0', '1025557', '1398955', '1037104', '8614', '2096', '0', '0', '0');
INSERT INTO `war_world`.`keep_creatures` (`KeepId`, `ZoneId`, `OrderId`, `DestroId`, `X`, `Y`, `Z`, `O`, `KeepLord`, `IsPatrol`, `WaypointGUID`) VALUES ('102', '4', '0', '1025557', '1399084', '1038167', '8904', '1918', '0', '0', '0');
INSERT INTO `war_world`.`keep_creatures` (`KeepId`, `ZoneId`, `OrderId`, `DestroId`, `X`, `Y`, `Z`, `O`, `KeepLord`, `IsPatrol`, `WaypointGUID`) VALUES ('102', '4', '0', '1025557', '1401605', '1039361', '8256', '3130', '0', '0', '0');
INSERT INTO `war_world`.`keep_creatures` (`KeepId`, `ZoneId`, `OrderId`, `DestroId`, `X`, `Y`, `Z`, `O`, `KeepLord`, `IsPatrol`, `WaypointGUID`) VALUES ('102', '4', '0', '1025557', '1398082', '1039585', '8954', '3064', '0', '0', '0');
INSERT INTO `war_world`.`keep_creatures` (`KeepId`, `ZoneId`, `OrderId`, `DestroId`, `X`, `Y`, `Z`, `O`, `KeepLord`, `IsPatrol`, `WaypointGUID`) VALUES ('102', '4', '0', '1025557', '1402455', '1039665', '8264', '2812', '0', '0', '0');
INSERT INTO `war_world`.`keep_creatures` (`KeepId`, `ZoneId`, `OrderId`, `DestroId`, `X`, `Y`, `Z`, `O`, `KeepLord`, `IsPatrol`, `WaypointGUID`) VALUES ('102', '4', '0', '1025557', '1395582', '1039695', '8289', '1440', '0', '0', '0');
INSERT INTO `war_world`.`keep_creatures` (`KeepId`, `ZoneId`, `OrderId`, `DestroId`, `X`, `Y`, `Z`, `O`, `KeepLord`, `IsPatrol`, `WaypointGUID`) VALUES ('102', '4', '0', '1025557', '1402624', '1039940', '8264', '2466', '0', '0', '0');
INSERT INTO `war_world`.`keep_creatures` (`KeepId`, `ZoneId`, `OrderId`, `DestroId`, `X`, `Y`, `Z`, `O`, `KeepLord`, `IsPatrol`, `WaypointGUID`) VALUES ('102', '4', '0', '1025557', '1398062', '1040240', '8956', '3064', '0', '0', '0');
INSERT INTO `war_world`.`keep_creatures` (`KeepId`, `ZoneId`, `OrderId`, `DestroId`, `X`, `Y`, `Z`, `O`, `KeepLord`, `IsPatrol`, `WaypointGUID`) VALUES ('102', '4', '0', '1025557', '1398727', '1040602', '9524', '2146', '0', '0', '0');
INSERT INTO `war_world`.`keep_creatures` (`KeepId`, `ZoneId`, `OrderId`, `DestroId`, `X`, `Y`, `Z`, `O`, `KeepLord`, `IsPatrol`, `WaypointGUID`) VALUES ('102', '4', '0', '1025557', '1398797', '1040710', '8950', '2066', '0', '0', '0');
INSERT INTO `war_world`.`keep_creatures` (`KeepId`, `ZoneId`, `OrderId`, `DestroId`, `X`, `Y`, `Z`, `O`, `KeepLord`, `IsPatrol`, `WaypointGUID`) VALUES ('102', '4', '0', '1025557', '1403461', '1040776', '8264', '1082', '0', '0', '0');
INSERT INTO `war_world`.`keep_creatures` (`KeepId`, `ZoneId`, `OrderId`, `DestroId`, `X`, `Y`, `Z`, `O`, `KeepLord`, `IsPatrol`, `WaypointGUID`) VALUES ('102', '4', '0', '1025557', '1398251', '1040788', '8962', '2532', '0', '0', '0');
INSERT INTO `war_world`.`keep_creatures` (`KeepId`, `ZoneId`, `OrderId`, `DestroId`, `X`, `Y`, `Z`, `O`, `KeepLord`, `IsPatrol`, `WaypointGUID`) VALUES ('102', '4', '0', '1025557', '1399266', '1040805', '8952', '1542', '0', '0', '0');
INSERT INTO `war_world`.`keep_creatures` (`KeepId`, `ZoneId`, `OrderId`, `DestroId`, `X`, `Y`, `Z`, `O`, `KeepLord`, `IsPatrol`, `WaypointGUID`) VALUES ('102', '4', '0', '1025557', '1397488', '1041209', '9173', '3088', '0', '0', '0');
INSERT INTO `war_world`.`keep_creatures` (`KeepId`, `ZoneId`, `OrderId`, `DestroId`, `X`, `Y`, `Z`, `O`, `KeepLord`, `IsPatrol`, `WaypointGUID`) VALUES ('102', '4', '0', '1025557', '1399504', '1042357', '8808', '3198', '0', '0', '0');
INSERT INTO `war_world`.`keep_creatures` (`KeepId`, `ZoneId`, `OrderId`, `DestroId`, `X`, `Y`, `Z`, `O`, `KeepLord`, `IsPatrol`, `WaypointGUID`) VALUES ('102', '4', '0', '1025557', '1401409', '1042640', '8264', '3740', '0', '0', '0');
INSERT INTO `war_world`.`keep_creatures` (`KeepId`, `ZoneId`, `OrderId`, `DestroId`, `X`, `Y`, `Z`, `O`, `KeepLord`, `IsPatrol`, `WaypointGUID`) VALUES ('102', '4', '0', '1025557', '1407424', '1044350', '6656', '2928', '0', '0', '0');
INSERT INTO `war_world`.`keep_creatures` (`KeepId`, `ZoneId`, `OrderId`, `DestroId`, `X`, `Y`, `Z`, `O`, `KeepLord`, `IsPatrol`, `WaypointGUID`) VALUES ('102', '4', '0', '1025558', '1398751', '1040084', '10052', '84', '0', '0', '0');
INSERT INTO `war_world`.`keep_creatures` (`KeepId`, `ZoneId`, `OrderId`, `DestroId`, `X`, `Y`, `Z`, `O`, `KeepLord`, `IsPatrol`, `WaypointGUID`) VALUES ('102', '4', '0', '1025558', '1399101', '1040197', '10052', '84', '0', '0', '0');
INSERT INTO `war_world`.`keep_creatures` (`KeepId`, `ZoneId`, `OrderId`, `DestroId`, `X`, `Y`, `Z`, `O`, `KeepLord`, `IsPatrol`, `WaypointGUID`) VALUES ('102', '4', '0', '1025558', '1399004', '1040546', '10053', '2170', '0', '0', '0');
INSERT INTO `war_world`.`keep_creatures` (`KeepId`, `ZoneId`, `OrderId`, `DestroId`, `X`, `Y`, `Z`, `O`, `KeepLord`, `IsPatrol`, `WaypointGUID`) VALUES ('102', '4', '0', '1025558', '1398699', '1040559', '10053', '2138', '0', '0', '0');
INSERT INTO `war_world`.`keep_creatures` (`KeepId`, `ZoneId`, `OrderId`, `DestroId`, `X`, `Y`, `Z`, `O`, `KeepLord`, `IsPatrol`, `WaypointGUID`) VALUES ('102', '4', '0', '1025559', '1399145', '1027856', '8180', '4050', '0', '0', '0');
INSERT INTO `war_world`.`keep_creatures` (`KeepId`, `ZoneId`, `OrderId`, `DestroId`, `X`, `Y`, `Z`, `O`, `KeepLord`, `IsPatrol`, `WaypointGUID`) VALUES ('102', '4', '0', '1025559', '1399377', '1027996', '8181', '632', '0', '0', '0');
INSERT INTO `war_world`.`keep_creatures` (`KeepId`, `ZoneId`, `OrderId`, `DestroId`, `X`, `Y`, `Z`, `O`, `KeepLord`, `IsPatrol`, `WaypointGUID`) VALUES ('102', '4', '0', '1025559', '1401134', '1030690', '8222', '2776', '0', '0', '0');
INSERT INTO `war_world`.`keep_creatures` (`KeepId`, `ZoneId`, `OrderId`, `DestroId`, `X`, `Y`, `Z`, `O`, `KeepLord`, `IsPatrol`, `WaypointGUID`) VALUES ('102', '4', '0', '1025559', '1401957', '1030987', '8190', '1712', '0', '0', '0');
INSERT INTO `war_world`.`keep_creatures` (`KeepId`, `ZoneId`, `OrderId`, `DestroId`, `X`, `Y`, `Z`, `O`, `KeepLord`, `IsPatrol`, `WaypointGUID`) VALUES ('102', '4', '0', '1025559', '1403185', '1031048', '8240', '3486', '0', '0', '0');
INSERT INTO `war_world`.`keep_creatures` (`KeepId`, `ZoneId`, `OrderId`, `DestroId`, `X`, `Y`, `Z`, `O`, `KeepLord`, `IsPatrol`, `WaypointGUID`) VALUES ('102', '4', '0', '1025559', '1400441', '1031546', '8208', '3808', '0', '0', '0');
INSERT INTO `war_world`.`keep_creatures` (`KeepId`, `ZoneId`, `OrderId`, `DestroId`, `X`, `Y`, `Z`, `O`, `KeepLord`, `IsPatrol`, `WaypointGUID`) VALUES ('102', '4', '0', '1025559', '1397836', '1031638', '8245', '122', '0', '0', '0');
INSERT INTO `war_world`.`keep_creatures` (`KeepId`, `ZoneId`, `OrderId`, `DestroId`, `X`, `Y`, `Z`, `O`, `KeepLord`, `IsPatrol`, `WaypointGUID`) VALUES ('102', '4', '0', '1025559', '1400280', '1031691', '8174', '3444', '0', '0', '0');
INSERT INTO `war_world`.`keep_creatures` (`KeepId`, `ZoneId`, `OrderId`, `DestroId`, `X`, `Y`, `Z`, `O`, `KeepLord`, `IsPatrol`, `WaypointGUID`) VALUES ('102', '4', '0', '1025559', '1397939', '1031705', '8236', '750', '0', '0', '0');
INSERT INTO `war_world`.`keep_creatures` (`KeepId`, `ZoneId`, `OrderId`, `DestroId`, `X`, `Y`, `Z`, `O`, `KeepLord`, `IsPatrol`, `WaypointGUID`) VALUES ('102', '4', '0', '1025559', '1405062', '1031713', '8247', '1058', '0', '0', '0');
INSERT INTO `war_world`.`keep_creatures` (`KeepId`, `ZoneId`, `OrderId`, `DestroId`, `X`, `Y`, `Z`, `O`, `KeepLord`, `IsPatrol`, `WaypointGUID`) VALUES ('102', '4', '0', '1025559', '1402537', '1032144', '8200', '740', '0', '0', '0');
INSERT INTO `war_world`.`keep_creatures` (`KeepId`, `ZoneId`, `OrderId`, `DestroId`, `X`, `Y`, `Z`, `O`, `KeepLord`, `IsPatrol`, `WaypointGUID`) VALUES ('102', '4', '0', '1025559', '1393705', '1032195', '8365', '3384', '0', '0', '0');
INSERT INTO `war_world`.`keep_creatures` (`KeepId`, `ZoneId`, `OrderId`, `DestroId`, `X`, `Y`, `Z`, `O`, `KeepLord`, `IsPatrol`, `WaypointGUID`) VALUES ('102', '4', '0', '1025559', '1395341', '1032312', '8228', '2178', '0', '0', '0');
INSERT INTO `war_world`.`keep_creatures` (`KeepId`, `ZoneId`, `OrderId`, `DestroId`, `X`, `Y`, `Z`, `O`, `KeepLord`, `IsPatrol`, `WaypointGUID`) VALUES ('102', '4', '0', '1025559', '1405009', '1032443', '8145', '4046', '0', '0', '0');
INSERT INTO `war_world`.`keep_creatures` (`KeepId`, `ZoneId`, `OrderId`, `DestroId`, `X`, `Y`, `Z`, `O`, `KeepLord`, `IsPatrol`, `WaypointGUID`) VALUES ('102', '4', '0', '1025559', '1397138', '1032847', '8264', '3804', '0', '0', '0');
INSERT INTO `war_world`.`keep_creatures` (`KeepId`, `ZoneId`, `OrderId`, `DestroId`, `X`, `Y`, `Z`, `O`, `KeepLord`, `IsPatrol`, `WaypointGUID`) VALUES ('102', '4', '0', '1025559', '1401307', '1033021', '8196', '2402', '0', '0', '0');
INSERT INTO `war_world`.`keep_creatures` (`KeepId`, `ZoneId`, `OrderId`, `DestroId`, `X`, `Y`, `Z`, `O`, `KeepLord`, `IsPatrol`, `WaypointGUID`) VALUES ('102', '4', '0', '1025559', '1404696', '1033193', '8184', '1002', '0', '0', '0');
INSERT INTO `war_world`.`keep_creatures` (`KeepId`, `ZoneId`, `OrderId`, `DestroId`, `X`, `Y`, `Z`, `O`, `KeepLord`, `IsPatrol`, `WaypointGUID`) VALUES ('102', '4', '0', '1025559', '1402657', '1033308', '8095', '3212', '0', '0', '0');
INSERT INTO `war_world`.`keep_creatures` (`KeepId`, `ZoneId`, `OrderId`, `DestroId`, `X`, `Y`, `Z`, `O`, `KeepLord`, `IsPatrol`, `WaypointGUID`) VALUES ('102', '4', '0', '1025559', '1393992', '1033488', '8263', '1966', '0', '0', '0');
INSERT INTO `war_world`.`keep_creatures` (`KeepId`, `ZoneId`, `OrderId`, `DestroId`, `X`, `Y`, `Z`, `O`, `KeepLord`, `IsPatrol`, `WaypointGUID`) VALUES ('102', '4', '0', '1025559', '1406286', '1033950', '8409', '170', '0', '0', '0');
INSERT INTO `war_world`.`keep_creatures` (`KeepId`, `ZoneId`, `OrderId`, `DestroId`, `X`, `Y`, `Z`, `O`, `KeepLord`, `IsPatrol`, `WaypointGUID`) VALUES ('102', '4', '0', '1025559', '1402024', '1034065', '8287', '1628', '0', '0', '0');
INSERT INTO `war_world`.`keep_creatures` (`KeepId`, `ZoneId`, `OrderId`, `DestroId`, `X`, `Y`, `Z`, `O`, `KeepLord`, `IsPatrol`, `WaypointGUID`) VALUES ('102', '4', '0', '1025559', '1394311', '1034383', '8290', '3384', '0', '0', '0');
INSERT INTO `war_world`.`keep_creatures` (`KeepId`, `ZoneId`, `OrderId`, `DestroId`, `X`, `Y`, `Z`, `O`, `KeepLord`, `IsPatrol`, `WaypointGUID`) VALUES ('102', '4', '0', '1025559', '1392576', '1034523', '8241', '2934', '0', '0', '0');
INSERT INTO `war_world`.`keep_creatures` (`KeepId`, `ZoneId`, `OrderId`, `DestroId`, `X`, `Y`, `Z`, `O`, `KeepLord`, `IsPatrol`, `WaypointGUID`) VALUES ('102', '4', '0', '1025559', '1403420', '1034541', '8232', '1702', '0', '0', '0');
INSERT INTO `war_world`.`keep_creatures` (`KeepId`, `ZoneId`, `OrderId`, `DestroId`, `X`, `Y`, `Z`, `O`, `KeepLord`, `IsPatrol`, `WaypointGUID`) VALUES ('102', '4', '0', '1025559', '1390274', '1035424', '7587', '2980', '0', '0', '0');
INSERT INTO `war_world`.`keep_creatures` (`KeepId`, `ZoneId`, `OrderId`, `DestroId`, `X`, `Y`, `Z`, `O`, `KeepLord`, `IsPatrol`, `WaypointGUID`) VALUES ('102', '4', '0', '1025559', '1394899', '1035469', '8311', '2290', '0', '0', '0');
INSERT INTO `war_world`.`keep_creatures` (`KeepId`, `ZoneId`, `OrderId`, `DestroId`, `X`, `Y`, `Z`, `O`, `KeepLord`, `IsPatrol`, `WaypointGUID`) VALUES ('102', '4', '0', '1025559', '1388707', '1035494', '7603', '356', '0', '0', '0');
INSERT INTO `war_world`.`keep_creatures` (`KeepId`, `ZoneId`, `OrderId`, `DestroId`, `X`, `Y`, `Z`, `O`, `KeepLord`, `IsPatrol`, `WaypointGUID`) VALUES ('102', '4', '0', '1025559', '1406354', '1035507', '8264', '1206', '0', '0', '0');
INSERT INTO `war_world`.`keep_creatures` (`KeepId`, `ZoneId`, `OrderId`, `DestroId`, `X`, `Y`, `Z`, `O`, `KeepLord`, `IsPatrol`, `WaypointGUID`) VALUES ('102', '4', '0', '1025559', '1396404', '1035533', '8302', '3956', '0', '0', '0');
INSERT INTO `war_world`.`keep_creatures` (`KeepId`, `ZoneId`, `OrderId`, `DestroId`, `X`, `Y`, `Z`, `O`, `KeepLord`, `IsPatrol`, `WaypointGUID`) VALUES ('102', '4', '0', '1025559', '1401760', '1035634', '8264', '3548', '0', '0', '0');
INSERT INTO `war_world`.`keep_creatures` (`KeepId`, `ZoneId`, `OrderId`, `DestroId`, `X`, `Y`, `Z`, `O`, `KeepLord`, `IsPatrol`, `WaypointGUID`) VALUES ('102', '4', '0', '1025559', '1396195', '1035638', '8328', '3608', '0', '0', '0');
INSERT INTO `war_world`.`keep_creatures` (`KeepId`, `ZoneId`, `OrderId`, `DestroId`, `X`, `Y`, `Z`, `O`, `KeepLord`, `IsPatrol`, `WaypointGUID`) VALUES ('102', '4', '0', '1025559', '1400404', '1035680', '8264', '2946', '0', '0', '0');
INSERT INTO `war_world`.`keep_creatures` (`KeepId`, `ZoneId`, `OrderId`, `DestroId`, `X`, `Y`, `Z`, `O`, `KeepLord`, `IsPatrol`, `WaypointGUID`) VALUES ('102', '4', '0', '1025559', '1405484', '1035705', '8224', '2348', '0', '0', '0');
INSERT INTO `war_world`.`keep_creatures` (`KeepId`, `ZoneId`, `OrderId`, `DestroId`, `X`, `Y`, `Z`, `O`, `KeepLord`, `IsPatrol`, `WaypointGUID`) VALUES ('102', '4', '0', '1025559', '1403837', '1035753', '8256', '1916', '0', '0', '0');
INSERT INTO `war_world`.`keep_creatures` (`KeepId`, `ZoneId`, `OrderId`, `DestroId`, `X`, `Y`, `Z`, `O`, `KeepLord`, `IsPatrol`, `WaypointGUID`) VALUES ('102', '4', '0', '1025559', '1399208', '1035842', '8312', '380', '0', '0', '0');
INSERT INTO `war_world`.`keep_creatures` (`KeepId`, `ZoneId`, `OrderId`, `DestroId`, `X`, `Y`, `Z`, `O`, `KeepLord`, `IsPatrol`, `WaypointGUID`) VALUES ('102', '4', '0', '1025559', '1391734', '1035870', '7606', '874', '0', '0', '0');
INSERT INTO `war_world`.`keep_creatures` (`KeepId`, `ZoneId`, `OrderId`, `DestroId`, `X`, `Y`, `Z`, `O`, `KeepLord`, `IsPatrol`, `WaypointGUID`) VALUES ('102', '4', '0', '1025559', '1402016', '1035955', '8264', '3898', '0', '0', '0');
INSERT INTO `war_world`.`keep_creatures` (`KeepId`, `ZoneId`, `OrderId`, `DestroId`, `X`, `Y`, `Z`, `O`, `KeepLord`, `IsPatrol`, `WaypointGUID`) VALUES ('102', '4', '0', '1025559', '1397226', '1035982', '8290', '902', '0', '0', '0');
INSERT INTO `war_world`.`keep_creatures` (`KeepId`, `ZoneId`, `OrderId`, `DestroId`, `X`, `Y`, `Z`, `O`, `KeepLord`, `IsPatrol`, `WaypointGUID`) VALUES ('102', '4', '0', '1025559', '1395871', '1036102', '8352', '3292', '0', '0', '0');
INSERT INTO `war_world`.`keep_creatures` (`KeepId`, `ZoneId`, `OrderId`, `DestroId`, `X`, `Y`, `Z`, `O`, `KeepLord`, `IsPatrol`, `WaypointGUID`) VALUES ('102', '4', '0', '1025559', '1400896', '1036318', '8264', '2154', '0', '0', '0');
INSERT INTO `war_world`.`keep_creatures` (`KeepId`, `ZoneId`, `OrderId`, `DestroId`, `X`, `Y`, `Z`, `O`, `KeepLord`, `IsPatrol`, `WaypointGUID`) VALUES ('102', '4', '0', '1025559', '1389551', '1036395', '7592', '1674', '0', '0', '0');
INSERT INTO `war_world`.`keep_creatures` (`KeepId`, `ZoneId`, `OrderId`, `DestroId`, `X`, `Y`, `Z`, `O`, `KeepLord`, `IsPatrol`, `WaypointGUID`) VALUES ('102', '4', '0', '1025559', '1395829', '1036470', '8362', '2950', '0', '0', '0');
INSERT INTO `war_world`.`keep_creatures` (`KeepId`, `ZoneId`, `OrderId`, `DestroId`, `X`, `Y`, `Z`, `O`, `KeepLord`, `IsPatrol`, `WaypointGUID`) VALUES ('102', '4', '0', '1025559', '1401467', '1036509', '8304', '1194', '0', '0', '0');
INSERT INTO `war_world`.`keep_creatures` (`KeepId`, `ZoneId`, `OrderId`, `DestroId`, `X`, `Y`, `Z`, `O`, `KeepLord`, `IsPatrol`, `WaypointGUID`) VALUES ('102', '4', '0', '1025559', '1397225', '1036518', '8312', '1248', '0', '0', '0');
INSERT INTO `war_world`.`keep_creatures` (`KeepId`, `ZoneId`, `OrderId`, `DestroId`, `X`, `Y`, `Z`, `O`, `KeepLord`, `IsPatrol`, `WaypointGUID`) VALUES ('102', '4', '0', '1025559', '1392005', '1036669', '8575', '4084', '0', '0', '0');
INSERT INTO `war_world`.`keep_creatures` (`KeepId`, `ZoneId`, `OrderId`, `DestroId`, `X`, `Y`, `Z`, `O`, `KeepLord`, `IsPatrol`, `WaypointGUID`) VALUES ('102', '4', '0', '1025559', '1391914', '1036805', '8576', '2520', '0', '0', '0');
INSERT INTO `war_world`.`keep_creatures` (`KeepId`, `ZoneId`, `OrderId`, `DestroId`, `X`, `Y`, `Z`, `O`, `KeepLord`, `IsPatrol`, `WaypointGUID`) VALUES ('102', '4', '0', '1025559', '1395984', '1036908', '8321', '2730', '0', '0', '0');
INSERT INTO `war_world`.`keep_creatures` (`KeepId`, `ZoneId`, `OrderId`, `DestroId`, `X`, `Y`, `Z`, `O`, `KeepLord`, `IsPatrol`, `WaypointGUID`) VALUES ('102', '4', '0', '1025559', '1390114', '1037085', '7437', '536', '0', '0', '0');
INSERT INTO `war_world`.`keep_creatures` (`KeepId`, `ZoneId`, `OrderId`, `DestroId`, `X`, `Y`, `Z`, `O`, `KeepLord`, `IsPatrol`, `WaypointGUID`) VALUES ('102', '4', '0', '1025559', '1396722', '1037103', '8304', '1906', '0', '0', '0');
INSERT INTO `war_world`.`keep_creatures` (`KeepId`, `ZoneId`, `OrderId`, `DestroId`, `X`, `Y`, `Z`, `O`, `KeepLord`, `IsPatrol`, `WaypointGUID`) VALUES ('102', '4', '0', '1025559', '1404149', '1037129', '8262', '146', '0', '0', '0');
INSERT INTO `war_world`.`keep_creatures` (`KeepId`, `ZoneId`, `OrderId`, `DestroId`, `X`, `Y`, `Z`, `O`, `KeepLord`, `IsPatrol`, `WaypointGUID`) VALUES ('102', '4', '0', '1025559', '1396362', '1037136', '8310', '2036', '0', '0', '0');
INSERT INTO `war_world`.`keep_creatures` (`KeepId`, `ZoneId`, `OrderId`, `DestroId`, `X`, `Y`, `Z`, `O`, `KeepLord`, `IsPatrol`, `WaypointGUID`) VALUES ('102', '4', '0', '1025559', '1407509', '1037250', '8308', '432', '0', '0', '0');
INSERT INTO `war_world`.`keep_creatures` (`KeepId`, `ZoneId`, `OrderId`, `DestroId`, `X`, `Y`, `Z`, `O`, `KeepLord`, `IsPatrol`, `WaypointGUID`) VALUES ('102', '4', '0', '1025559', '1393609', '1037255', '8241', '1510', '0', '0', '0');
INSERT INTO `war_world`.`keep_creatures` (`KeepId`, `ZoneId`, `OrderId`, `DestroId`, `X`, `Y`, `Z`, `O`, `KeepLord`, `IsPatrol`, `WaypointGUID`) VALUES ('102', '4', '0', '1025559', '1401848', '1037734', '8264', '3370', '0', '0', '0');
INSERT INTO `war_world`.`keep_creatures` (`KeepId`, `ZoneId`, `OrderId`, `DestroId`, `X`, `Y`, `Z`, `O`, `KeepLord`, `IsPatrol`, `WaypointGUID`) VALUES ('102', '4', '0', '1025559', '1390670', '1037751', '7114', '158', '0', '0', '0');
INSERT INTO `war_world`.`keep_creatures` (`KeepId`, `ZoneId`, `OrderId`, `DestroId`, `X`, `Y`, `Z`, `O`, `KeepLord`, `IsPatrol`, `WaypointGUID`) VALUES ('102', '4', '0', '1025559', '1399656', '1037793', '8909', '3838', '0', '0', '0');
INSERT INTO `war_world`.`keep_creatures` (`KeepId`, `ZoneId`, `OrderId`, `DestroId`, `X`, `Y`, `Z`, `O`, `KeepLord`, `IsPatrol`, `WaypointGUID`) VALUES ('102', '4', '0', '1025559', '1399868', '1037860', '8932', '158', '0', '0', '0');
INSERT INTO `war_world`.`keep_creatures` (`KeepId`, `ZoneId`, `OrderId`, `DestroId`, `X`, `Y`, `Z`, `O`, `KeepLord`, `IsPatrol`, `WaypointGUID`) VALUES ('102', '4', '0', '1025559', '1401847', '1037869', '8268', '2728', '0', '0', '0');
INSERT INTO `war_world`.`keep_creatures` (`KeepId`, `ZoneId`, `OrderId`, `DestroId`, `X`, `Y`, `Z`, `O`, `KeepLord`, `IsPatrol`, `WaypointGUID`) VALUES ('102', '4', '0', '1025559', '1398223', '1038010', '8892', '50', '0', '0', '0');
INSERT INTO `war_world`.`keep_creatures` (`KeepId`, `ZoneId`, `OrderId`, `DestroId`, `X`, `Y`, `Z`, `O`, `KeepLord`, `IsPatrol`, `WaypointGUID`) VALUES ('102', '4', '0', '1025559', '1405889', '1038011', '8208', '1898', '0', '0', '0');
INSERT INTO `war_world`.`keep_creatures` (`KeepId`, `ZoneId`, `OrderId`, `DestroId`, `X`, `Y`, `Z`, `O`, `KeepLord`, `IsPatrol`, `WaypointGUID`) VALUES ('102', '4', '0', '1025559', '1397914', '1038041', '8899', '3558', '0', '0', '0');
INSERT INTO `war_world`.`keep_creatures` (`KeepId`, `ZoneId`, `OrderId`, `DestroId`, `X`, `Y`, `Z`, `O`, `KeepLord`, `IsPatrol`, `WaypointGUID`) VALUES ('102', '4', '0', '1025559', '1396415', '1038072', '8264', '1196', '0', '0', '0');
INSERT INTO `war_world`.`keep_creatures` (`KeepId`, `ZoneId`, `OrderId`, `DestroId`, `X`, `Y`, `Z`, `O`, `KeepLord`, `IsPatrol`, `WaypointGUID`) VALUES ('102', '4', '0', '1025559', '1396335', '1038243', '8264', '1838', '0', '0', '0');
INSERT INTO `war_world`.`keep_creatures` (`KeepId`, `ZoneId`, `OrderId`, `DestroId`, `X`, `Y`, `Z`, `O`, `KeepLord`, `IsPatrol`, `WaypointGUID`) VALUES ('102', '4', '0', '1025559', '1390171', '1038462', '7075', '1724', '0', '0', '0');
INSERT INTO `war_world`.`keep_creatures` (`KeepId`, `ZoneId`, `OrderId`, `DestroId`, `X`, `Y`, `Z`, `O`, `KeepLord`, `IsPatrol`, `WaypointGUID`) VALUES ('102', '4', '0', '1025559', '1390451', '1039060', '7090', '1956', '0', '0', '0');
INSERT INTO `war_world`.`keep_creatures` (`KeepId`, `ZoneId`, `OrderId`, `DestroId`, `X`, `Y`, `Z`, `O`, `KeepLord`, `IsPatrol`, `WaypointGUID`) VALUES ('102', '4', '0', '1025559', '1408234', '1039062', '8239', '272', '0', '0', '0');
INSERT INTO `war_world`.`keep_creatures` (`KeepId`, `ZoneId`, `OrderId`, `DestroId`, `X`, `Y`, `Z`, `O`, `KeepLord`, `IsPatrol`, `WaypointGUID`) VALUES ('102', '4', '0', '1025559', '1399377', '1039317', '8964', '3336', '0', '0', '0');
INSERT INTO `war_world`.`keep_creatures` (`KeepId`, `ZoneId`, `OrderId`, `DestroId`, `X`, `Y`, `Z`, `O`, `KeepLord`, `IsPatrol`, `WaypointGUID`) VALUES ('102', '4', '0', '1025559', '1391782', '1039379', '8118', '3142', '0', '0', '0');
INSERT INTO `war_world`.`keep_creatures` (`KeepId`, `ZoneId`, `OrderId`, `DestroId`, `X`, `Y`, `Z`, `O`, `KeepLord`, `IsPatrol`, `WaypointGUID`) VALUES ('102', '4', '0', '1025559', '1405959', '1039419', '8264', '122', '0', '0', '0');
INSERT INTO `war_world`.`keep_creatures` (`KeepId`, `ZoneId`, `OrderId`, `DestroId`, `X`, `Y`, `Z`, `O`, `KeepLord`, `IsPatrol`, `WaypointGUID`) VALUES ('102', '4', '0', '1025559', '1406238', '1039472', '8264', '122', '0', '0', '0');
INSERT INTO `war_world`.`keep_creatures` (`KeepId`, `ZoneId`, `OrderId`, `DestroId`, `X`, `Y`, `Z`, `O`, `KeepLord`, `IsPatrol`, `WaypointGUID`) VALUES ('102', '4', '0', '1025559', '1396809', '1039482', '8889', '2210', '0', '0', '0');
INSERT INTO `war_world`.`keep_creatures` (`KeepId`, `ZoneId`, `OrderId`, `DestroId`, `X`, `Y`, `Z`, `O`, `KeepLord`, `IsPatrol`, `WaypointGUID`) VALUES ('102', '4', '0', '1025559', '1397994', '1039665', '9175', '2902', '0', '0', '0');
INSERT INTO `war_world`.`keep_creatures` (`KeepId`, `ZoneId`, `OrderId`, `DestroId`, `X`, `Y`, `Z`, `O`, `KeepLord`, `IsPatrol`, `WaypointGUID`) VALUES ('102', '4', '0', '1025559', '1410462', '1039815', '7722', '628', '0', '0', '0');
INSERT INTO `war_world`.`keep_creatures` (`KeepId`, `ZoneId`, `OrderId`, `DestroId`, `X`, `Y`, `Z`, `O`, `KeepLord`, `IsPatrol`, `WaypointGUID`) VALUES ('102', '4', '0', '1025559', '1389926', '1039961', '7203', '2152', '0', '0', '0');
INSERT INTO `war_world`.`keep_creatures` (`KeepId`, `ZoneId`, `OrderId`, `DestroId`, `X`, `Y`, `Z`, `O`, `KeepLord`, `IsPatrol`, `WaypointGUID`) VALUES ('102', '4', '0', '1025559', '1398509', '1040241', '9520', '1286', '0', '0', '0');
INSERT INTO `war_world`.`keep_creatures` (`KeepId`, `ZoneId`, `OrderId`, `DestroId`, `X`, `Y`, `Z`, `O`, `KeepLord`, `IsPatrol`, `WaypointGUID`) VALUES ('102', '4', '0', '1025559', '1399175', '1040241', '9518', '3634', '0', '0', '0');
INSERT INTO `war_world`.`keep_creatures` (`KeepId`, `ZoneId`, `OrderId`, `DestroId`, `X`, `Y`, `Z`, `O`, `KeepLord`, `IsPatrol`, `WaypointGUID`) VALUES ('102', '4', '0', '1025559', '1397934', '1040298', '9175', '3382', '0', '0', '0');
INSERT INTO `war_world`.`keep_creatures` (`KeepId`, `ZoneId`, `OrderId`, `DestroId`, `X`, `Y`, `Z`, `O`, `KeepLord`, `IsPatrol`, `WaypointGUID`) VALUES ('102', '4', '0', '1025559', '1411564', '1040633', '7334', '226', '0', '0', '0');
INSERT INTO `war_world`.`keep_creatures` (`KeepId`, `ZoneId`, `OrderId`, `DestroId`, `X`, `Y`, `Z`, `O`, `KeepLord`, `IsPatrol`, `WaypointGUID`) VALUES ('102', '4', '0', '1025559', '1397757', '1040718', '8953', '598', '0', '0', '0');
INSERT INTO `war_world`.`keep_creatures` (`KeepId`, `ZoneId`, `OrderId`, `DestroId`, `X`, `Y`, `Z`, `O`, `KeepLord`, `IsPatrol`, `WaypointGUID`) VALUES ('102', '4', '0', '1025559', '1393064', '1040719', '8264', '4074', '0', '0', '0');
INSERT INTO `war_world`.`keep_creatures` (`KeepId`, `ZoneId`, `OrderId`, `DestroId`, `X`, `Y`, `Z`, `O`, `KeepLord`, `IsPatrol`, `WaypointGUID`) VALUES ('102', '4', '0', '1025559', '1392806', '1040744', '8264', '3678', '0', '0', '0');
INSERT INTO `war_world`.`keep_creatures` (`KeepId`, `ZoneId`, `OrderId`, `DestroId`, `X`, `Y`, `Z`, `O`, `KeepLord`, `IsPatrol`, `WaypointGUID`) VALUES ('102', '4', '0', '1025559', '1393209', '1040827', '8264', '640', '0', '0', '0');
INSERT INTO `war_world`.`keep_creatures` (`KeepId`, `ZoneId`, `OrderId`, `DestroId`, `X`, `Y`, `Z`, `O`, `KeepLord`, `IsPatrol`, `WaypointGUID`) VALUES ('102', '4', '0', '1025559', '1406715', '1040924', '8183', '1598', '0', '0', '0');
INSERT INTO `war_world`.`keep_creatures` (`KeepId`, `ZoneId`, `OrderId`, `DestroId`, `X`, `Y`, `Z`, `O`, `KeepLord`, `IsPatrol`, `WaypointGUID`) VALUES ('102', '4', '0', '1025559', '1409606', '1041023', '8089', '1222', '0', '0', '0');
INSERT INTO `war_world`.`keep_creatures` (`KeepId`, `ZoneId`, `OrderId`, `DestroId`, `X`, `Y`, `Z`, `O`, `KeepLord`, `IsPatrol`, `WaypointGUID`) VALUES ('102', '4', '0', '1025559', '1405792', '1041081', '8196', '2266', '0', '0', '0');
INSERT INTO `war_world`.`keep_creatures` (`KeepId`, `ZoneId`, `OrderId`, `DestroId`, `X`, `Y`, `Z`, `O`, `KeepLord`, `IsPatrol`, `WaypointGUID`) VALUES ('102', '4', '0', '1025559', '1411063', '1041090', '7231', '3380', '0', '0', '0');
INSERT INTO `war_world`.`keep_creatures` (`KeepId`, `ZoneId`, `OrderId`, `DestroId`, `X`, `Y`, `Z`, `O`, `KeepLord`, `IsPatrol`, `WaypointGUID`) VALUES ('102', '4', '0', '1025559', '1390411', '1041115', '7436', '474', '0', '0', '0');
INSERT INTO `war_world`.`keep_creatures` (`KeepId`, `ZoneId`, `OrderId`, `DestroId`, `X`, `Y`, `Z`, `O`, `KeepLord`, `IsPatrol`, `WaypointGUID`) VALUES ('102', '4', '0', '1025559', '1401181', '1041145', '8903', '2176', '0', '0', '0');
INSERT INTO `war_world`.`keep_creatures` (`KeepId`, `ZoneId`, `OrderId`, `DestroId`, `X`, `Y`, `Z`, `O`, `KeepLord`, `IsPatrol`, `WaypointGUID`) VALUES ('102', '4', '0', '1025559', '1402272', '1041307', '8264', '638', '0', '0', '0');
INSERT INTO `war_world`.`keep_creatures` (`KeepId`, `ZoneId`, `OrderId`, `DestroId`, `X`, `Y`, `Z`, `O`, `KeepLord`, `IsPatrol`, `WaypointGUID`) VALUES ('102', '4', '0', '1025559', '1389595', '1041417', '7479', '1744', '0', '0', '0');
INSERT INTO `war_world`.`keep_creatures` (`KeepId`, `ZoneId`, `OrderId`, `DestroId`, `X`, `Y`, `Z`, `O`, `KeepLord`, `IsPatrol`, `WaypointGUID`) VALUES ('102', '4', '0', '1025559', '1398137', '1041480', '9528', '1800', '0', '0', '0');
INSERT INTO `war_world`.`keep_creatures` (`KeepId`, `ZoneId`, `OrderId`, `DestroId`, `X`, `Y`, `Z`, `O`, `KeepLord`, `IsPatrol`, `WaypointGUID`) VALUES ('102', '4', '0', '1025559', '1390979', '1041520', '7566', '1958', '0', '0', '0');
INSERT INTO `war_world`.`keep_creatures` (`KeepId`, `ZoneId`, `OrderId`, `DestroId`, `X`, `Y`, `Z`, `O`, `KeepLord`, `IsPatrol`, `WaypointGUID`) VALUES ('102', '4', '0', '1025559', '1403585', '1041713', '8264', '2906', '0', '0', '0');
INSERT INTO `war_world`.`keep_creatures` (`KeepId`, `ZoneId`, `OrderId`, `DestroId`, `X`, `Y`, `Z`, `O`, `KeepLord`, `IsPatrol`, `WaypointGUID`) VALUES ('102', '4', '0', '1025559', '1411618', '1041731', '7268', '2238', '0', '0', '0');
INSERT INTO `war_world`.`keep_creatures` (`KeepId`, `ZoneId`, `OrderId`, `DestroId`, `X`, `Y`, `Z`, `O`, `KeepLord`, `IsPatrol`, `WaypointGUID`) VALUES ('102', '4', '0', '1025559', '1403668', '1041889', '8280', '2394', '0', '0', '0');
INSERT INTO `war_world`.`keep_creatures` (`KeepId`, `ZoneId`, `OrderId`, `DestroId`, `X`, `Y`, `Z`, `O`, `KeepLord`, `IsPatrol`, `WaypointGUID`) VALUES ('102', '4', '0', '1025559', '1407448', '1042187', '6656', '36', '0', '0', '0');
INSERT INTO `war_world`.`keep_creatures` (`KeepId`, `ZoneId`, `OrderId`, `DestroId`, `X`, `Y`, `Z`, `O`, `KeepLord`, `IsPatrol`, `WaypointGUID`) VALUES ('102', '4', '0', '1025559', '1398128', '1042352', '8929', '3982', '0', '0', '0');
INSERT INTO `war_world`.`keep_creatures` (`KeepId`, `ZoneId`, `OrderId`, `DestroId`, `X`, `Y`, `Z`, `O`, `KeepLord`, `IsPatrol`, `WaypointGUID`) VALUES ('102', '4', '0', '1025559', '1407983', '1042357', '6656', '218', '0', '0', '0');
INSERT INTO `war_world`.`keep_creatures` (`KeepId`, `ZoneId`, `OrderId`, `DestroId`, `X`, `Y`, `Z`, `O`, `KeepLord`, `IsPatrol`, `WaypointGUID`) VALUES ('102', '4', '0', '1025559', '1397949', '1042418', '8935', '3824', '0', '0', '0');
INSERT INTO `war_world`.`keep_creatures` (`KeepId`, `ZoneId`, `OrderId`, `DestroId`, `X`, `Y`, `Z`, `O`, `KeepLord`, `IsPatrol`, `WaypointGUID`) VALUES ('102', '4', '0', '1025559', '1411477', '1042419', '7198', '832', '0', '0', '0');
INSERT INTO `war_world`.`keep_creatures` (`KeepId`, `ZoneId`, `OrderId`, `DestroId`, `X`, `Y`, `Z`, `O`, `KeepLord`, `IsPatrol`, `WaypointGUID`) VALUES ('102', '4', '0', '1025559', '1398330', '1042453', '8904', '306', '0', '0', '0');
INSERT INTO `war_world`.`keep_creatures` (`KeepId`, `ZoneId`, `OrderId`, `DestroId`, `X`, `Y`, `Z`, `O`, `KeepLord`, `IsPatrol`, `WaypointGUID`) VALUES ('102', '4', '0', '1025559', '1406630', '1042562', '6640', '3570', '0', '0', '0');
INSERT INTO `war_world`.`keep_creatures` (`KeepId`, `ZoneId`, `OrderId`, `DestroId`, `X`, `Y`, `Z`, `O`, `KeepLord`, `IsPatrol`, `WaypointGUID`) VALUES ('102', '4', '0', '1025559', '1401634', '1042563', '8264', '2360', '0', '0', '0');
INSERT INTO `war_world`.`keep_creatures` (`KeepId`, `ZoneId`, `OrderId`, `DestroId`, `X`, `Y`, `Z`, `O`, `KeepLord`, `IsPatrol`, `WaypointGUID`) VALUES ('102', '4', '0', '1025559', '1408302', '1042614', '6664', '218', '0', '0', '0');
INSERT INTO `war_world`.`keep_creatures` (`KeepId`, `ZoneId`, `OrderId`, `DestroId`, `X`, `Y`, `Z`, `O`, `KeepLord`, `IsPatrol`, `WaypointGUID`) VALUES ('102', '4', '0', '1025559', '1400155', '1042673', '8642', '1728', '0', '0', '0');
INSERT INTO `war_world`.`keep_creatures` (`KeepId`, `ZoneId`, `OrderId`, `DestroId`, `X`, `Y`, `Z`, `O`, `KeepLord`, `IsPatrol`, `WaypointGUID`) VALUES ('102', '4', '0', '1025559', '1403264', '1042673', '8344', '3172', '0', '0', '0');
INSERT INTO `war_world`.`keep_creatures` (`KeepId`, `ZoneId`, `OrderId`, `DestroId`, `X`, `Y`, `Z`, `O`, `KeepLord`, `IsPatrol`, `WaypointGUID`) VALUES ('102', '4', '0', '1025559', '1399992', '1042777', '8629', '2174', '0', '0', '0');
INSERT INTO `war_world`.`keep_creatures` (`KeepId`, `ZoneId`, `OrderId`, `DestroId`, `X`, `Y`, `Z`, `O`, `KeepLord`, `IsPatrol`, `WaypointGUID`) VALUES ('102', '4', '0', '1025559', '1409333', '1042789', '6665', '820', '0', '0', '0');
INSERT INTO `war_world`.`keep_creatures` (`KeepId`, `ZoneId`, `OrderId`, `DestroId`, `X`, `Y`, `Z`, `O`, `KeepLord`, `IsPatrol`, `WaypointGUID`) VALUES ('102', '4', '0', '1025559', '1407502', '1042836', '6688', '3618', '0', '0', '0');
INSERT INTO `war_world`.`keep_creatures` (`KeepId`, `ZoneId`, `OrderId`, `DestroId`, `X`, `Y`, `Z`, `O`, `KeepLord`, `IsPatrol`, `WaypointGUID`) VALUES ('102', '4', '0', '1025559', '1406519', '1043000', '6633', '2876', '0', '0', '0');
INSERT INTO `war_world`.`keep_creatures` (`KeepId`, `ZoneId`, `OrderId`, `DestroId`, `X`, `Y`, `Z`, `O`, `KeepLord`, `IsPatrol`, `WaypointGUID`) VALUES ('102', '4', '0', '1025559', '1409720', '1043041', '6644', '556', '0', '0', '0');
INSERT INTO `war_world`.`keep_creatures` (`KeepId`, `ZoneId`, `OrderId`, `DestroId`, `X`, `Y`, `Z`, `O`, `KeepLord`, `IsPatrol`, `WaypointGUID`) VALUES ('102', '4', '0', '1025559', '1410901', '1043157', '6967', '1664', '0', '0', '0');
INSERT INTO `war_world`.`keep_creatures` (`KeepId`, `ZoneId`, `OrderId`, `DestroId`, `X`, `Y`, `Z`, `O`, `KeepLord`, `IsPatrol`, `WaypointGUID`) VALUES ('102', '4', '0', '1025559', '1409051', '1043291', '6660', '556', '0', '0', '0');
INSERT INTO `war_world`.`keep_creatures` (`KeepId`, `ZoneId`, `OrderId`, `DestroId`, `X`, `Y`, `Z`, `O`, `KeepLord`, `IsPatrol`, `WaypointGUID`) VALUES ('102', '4', '0', '1025559', '1407034', '1043577', '6648', '2200', '0', '0', '0');
INSERT INTO `war_world`.`keep_creatures` (`KeepId`, `ZoneId`, `OrderId`, `DestroId`, `X`, `Y`, `Z`, `O`, `KeepLord`, `IsPatrol`, `WaypointGUID`) VALUES ('102', '4', '0', '1025559', '1409375', '1043835', '6660', '3050', '0', '0', '0');
INSERT INTO `war_world`.`keep_creatures` (`KeepId`, `ZoneId`, `OrderId`, `DestroId`, `X`, `Y`, `Z`, `O`, `KeepLord`, `IsPatrol`, `WaypointGUID`) VALUES ('102', '4', '0', '1025559', '1410981', '1043872', '6841', '1664', '0', '0', '0');
INSERT INTO `war_world`.`keep_creatures` (`KeepId`, `ZoneId`, `OrderId`, `DestroId`, `X`, `Y`, `Z`, `O`, `KeepLord`, `IsPatrol`, `WaypointGUID`) VALUES ('102', '4', '0', '1025559', '1408865', '1043951', '6672', '1690', '0', '0', '0');
INSERT INTO `war_world`.`keep_creatures` (`KeepId`, `ZoneId`, `OrderId`, `DestroId`, `X`, `Y`, `Z`, `O`, `KeepLord`, `IsPatrol`, `WaypointGUID`) VALUES ('102', '4', '0', '1025559', '1400914', '1044079', '8394', '1944', '0', '0', '0');
INSERT INTO `war_world`.`keep_creatures` (`KeepId`, `ZoneId`, `OrderId`, `DestroId`, `X`, `Y`, `Z`, `O`, `KeepLord`, `IsPatrol`, `WaypointGUID`) VALUES ('102', '4', '0', '1025559', '1407607', '1044187', '6660', '90', '0', '0', '0');
INSERT INTO `war_world`.`keep_creatures` (`KeepId`, `ZoneId`, `OrderId`, `DestroId`, `X`, `Y`, `Z`, `O`, `KeepLord`, `IsPatrol`, `WaypointGUID`) VALUES ('102', '4', '0', '1025559', '1407810', '1044246', '6650', '386', '0', '0', '0');
INSERT INTO `war_world`.`keep_creatures` (`KeepId`, `ZoneId`, `OrderId`, `DestroId`, `X`, `Y`, `Z`, `O`, `KeepLord`, `IsPatrol`, `WaypointGUID`) VALUES ('102', '4', '0', '1025559', '1403875', '1044306', '8344', '3744', '0', '0', '0');
INSERT INTO `war_world`.`keep_creatures` (`KeepId`, `ZoneId`, `OrderId`, `DestroId`, `X`, `Y`, `Z`, `O`, `KeepLord`, `IsPatrol`, `WaypointGUID`) VALUES ('102', '4', '0', '1025559', '1408482', '1044344', '6651', '2284', '0', '0', '0');
INSERT INTO `war_world`.`keep_creatures` (`KeepId`, `ZoneId`, `OrderId`, `DestroId`, `X`, `Y`, `Z`, `O`, `KeepLord`, `IsPatrol`, `WaypointGUID`) VALUES ('102', '4', '0', '1025559', '1395704', '1044426', '8264', '3572', '0', '0', '0');
INSERT INTO `war_world`.`keep_creatures` (`KeepId`, `ZoneId`, `OrderId`, `DestroId`, `X`, `Y`, `Z`, `O`, `KeepLord`, `IsPatrol`, `WaypointGUID`) VALUES ('102', '4', '0', '1025559', '1396496', '1044527', '8327', '966', '0', '0', '0');
INSERT INTO `war_world`.`keep_creatures` (`KeepId`, `ZoneId`, `OrderId`, `DestroId`, `X`, `Y`, `Z`, `O`, `KeepLord`, `IsPatrol`, `WaypointGUID`) VALUES ('102', '4', '0', '1025559', '1403738', '1044547', '8344', '2816', '0', '0', '0');
INSERT INTO `war_world`.`keep_creatures` (`KeepId`, `ZoneId`, `OrderId`, `DestroId`, `X`, `Y`, `Z`, `O`, `KeepLord`, `IsPatrol`, `WaypointGUID`) VALUES ('102', '4', '0', '1025559', '1395625', '1044631', '8264', '3078', '0', '0', '0');
INSERT INTO `war_world`.`keep_creatures` (`KeepId`, `ZoneId`, `OrderId`, `DestroId`, `X`, `Y`, `Z`, `O`, `KeepLord`, `IsPatrol`, `WaypointGUID`) VALUES ('102', '4', '0', '1025559', '1396267', '1044937', '8264', '1708', '0', '0', '0');
INSERT INTO `war_world`.`keep_creatures` (`KeepId`, `ZoneId`, `OrderId`, `DestroId`, `X`, `Y`, `Z`, `O`, `KeepLord`, `IsPatrol`, `WaypointGUID`) VALUES ('102', '4', '0', '1025559', '1395874', '1045041', '8315', '2336', '0', '0', '0');
INSERT INTO `war_world`.`keep_creatures` (`KeepId`, `ZoneId`, `OrderId`, `DestroId`, `X`, `Y`, `Z`, `O`, `KeepLord`, `IsPatrol`, `WaypointGUID`) VALUES ('102', '4', '0', '1025559', '1401289', '1045465', '8414', '2406', '0', '0', '0');
INSERT INTO `war_world`.`keep_creatures` (`KeepId`, `ZoneId`, `OrderId`, `DestroId`, `X`, `Y`, `Z`, `O`, `KeepLord`, `IsPatrol`, `WaypointGUID`) VALUES ('102', '4', '0', '1025560', '1400442', '1028555', '8267', '1522', '0', '0', '0');
INSERT INTO `war_world`.`keep_creatures` (`KeepId`, `ZoneId`, `OrderId`, `DestroId`, `X`, `Y`, `Z`, `O`, `KeepLord`, `IsPatrol`, `WaypointGUID`) VALUES ('102', '4', '0', '1025560', '1399518', '1030221', '8257', '2128', '0', '0', '0');
INSERT INTO `war_world`.`keep_creatures` (`KeepId`, `ZoneId`, `OrderId`, `DestroId`, `X`, `Y`, `Z`, `O`, `KeepLord`, `IsPatrol`, `WaypointGUID`) VALUES ('102', '4', '0', '1025560', '1394953', '1031376', '8393', '890', '0', '0', '0');
INSERT INTO `war_world`.`keep_creatures` (`KeepId`, `ZoneId`, `OrderId`, `DestroId`, `X`, `Y`, `Z`, `O`, `KeepLord`, `IsPatrol`, `WaypointGUID`) VALUES ('102', '4', '0', '1025560', '1403001', '1032121', '8209', '1500', '0', '0', '0');
INSERT INTO `war_world`.`keep_creatures` (`KeepId`, `ZoneId`, `OrderId`, `DestroId`, `X`, `Y`, `Z`, `O`, `KeepLord`, `IsPatrol`, `WaypointGUID`) VALUES ('102', '4', '0', '1025560', '1400541', '1032601', '8226', '1384', '0', '0', '0');
INSERT INTO `war_world`.`keep_creatures` (`KeepId`, `ZoneId`, `OrderId`, `DestroId`, `X`, `Y`, `Z`, `O`, `KeepLord`, `IsPatrol`, `WaypointGUID`) VALUES ('102', '4', '0', '1025560', '1397916', '1032652', '8248', '890', '0', '0', '0');
INSERT INTO `war_world`.`keep_creatures` (`KeepId`, `ZoneId`, `OrderId`, `DestroId`, `X`, `Y`, `Z`, `O`, `KeepLord`, `IsPatrol`, `WaypointGUID`) VALUES ('102', '4', '0', '1025560', '1395212', '1033902', '8256', '2', '0', '0', '0');
INSERT INTO `war_world`.`keep_creatures` (`KeepId`, `ZoneId`, `OrderId`, `DestroId`, `X`, `Y`, `Z`, `O`, `KeepLord`, `IsPatrol`, `WaypointGUID`) VALUES ('102', '4', '0', '1025560', '1404235', '1034135', '8208', '3298', '0', '0', '0');
INSERT INTO `war_world`.`keep_creatures` (`KeepId`, `ZoneId`, `OrderId`, `DestroId`, `X`, `Y`, `Z`, `O`, `KeepLord`, `IsPatrol`, `WaypointGUID`) VALUES ('102', '4', '0', '1025560', '1396864', '1034240', '8240', '3612', '0', '0', '0');
INSERT INTO `war_world`.`keep_creatures` (`KeepId`, `ZoneId`, `OrderId`, `DestroId`, `X`, `Y`, `Z`, `O`, `KeepLord`, `IsPatrol`, `WaypointGUID`) VALUES ('102', '4', '0', '1025560', '1405205', '1034794', '8250', '492', '0', '0', '0');
INSERT INTO `war_world`.`keep_creatures` (`KeepId`, `ZoneId`, `OrderId`, `DestroId`, `X`, `Y`, `Z`, `O`, `KeepLord`, `IsPatrol`, `WaypointGUID`) VALUES ('102', '4', '0', '1025560', '1393073', '1035175', '8217', '892', '0', '0', '0');
INSERT INTO `war_world`.`keep_creatures` (`KeepId`, `ZoneId`, `OrderId`, `DestroId`, `X`, `Y`, `Z`, `O`, `KeepLord`, `IsPatrol`, `WaypointGUID`) VALUES ('102', '4', '0', '1025560', '1389257', '1035188', '7632', '182', '0', '0', '0');
INSERT INTO `war_world`.`keep_creatures` (`KeepId`, `ZoneId`, `OrderId`, `DestroId`, `X`, `Y`, `Z`, `O`, `KeepLord`, `IsPatrol`, `WaypointGUID`) VALUES ('102', '4', '0', '1025560', '1396110', '1035225', '8264', '94', '0', '0', '0');
INSERT INTO `war_world`.`keep_creatures` (`KeepId`, `ZoneId`, `OrderId`, `DestroId`, `X`, `Y`, `Z`, `O`, `KeepLord`, `IsPatrol`, `WaypointGUID`) VALUES ('102', '4', '0', '1025560', '1404988', '1036063', '8267', '1534', '0', '0', '0');
INSERT INTO `war_world`.`keep_creatures` (`KeepId`, `ZoneId`, `OrderId`, `DestroId`, `X`, `Y`, `Z`, `O`, `KeepLord`, `IsPatrol`, `WaypointGUID`) VALUES ('102', '4', '0', '1025560', '1398021', '1036237', '8393', '2562', '0', '0', '0');
INSERT INTO `war_world`.`keep_creatures` (`KeepId`, `ZoneId`, `OrderId`, `DestroId`, `X`, `Y`, `Z`, `O`, `KeepLord`, `IsPatrol`, `WaypointGUID`) VALUES ('102', '4', '0', '1025560', '1390596', '1036308', '7523', '1338', '0', '0', '0');
INSERT INTO `war_world`.`keep_creatures` (`KeepId`, `ZoneId`, `OrderId`, `DestroId`, `X`, `Y`, `Z`, `O`, `KeepLord`, `IsPatrol`, `WaypointGUID`) VALUES ('102', '4', '0', '1025560', '1397123', '1037441', '8264', '2792', '0', '0', '0');
INSERT INTO `war_world`.`keep_creatures` (`KeepId`, `ZoneId`, `OrderId`, `DestroId`, `X`, `Y`, `Z`, `O`, `KeepLord`, `IsPatrol`, `WaypointGUID`) VALUES ('102', '4', '0', '1025560', '1390220', '1038024', '7088', '3238', '0', '0', '0');
INSERT INTO `war_world`.`keep_creatures` (`KeepId`, `ZoneId`, `OrderId`, `DestroId`, `X`, `Y`, `Z`, `O`, `KeepLord`, `IsPatrol`, `WaypointGUID`) VALUES ('102', '4', '0', '1025560', '1406863', '1038640', '8330', '2004', '0', '0', '0');
INSERT INTO `war_world`.`keep_creatures` (`KeepId`, `ZoneId`, `OrderId`, `DestroId`, `X`, `Y`, `Z`, `O`, `KeepLord`, `IsPatrol`, `WaypointGUID`) VALUES ('102', '4', '0', '1025560', '1400634', '1038908', '8912', '6', '0', '0', '0');
INSERT INTO `war_world`.`keep_creatures` (`KeepId`, `ZoneId`, `OrderId`, `DestroId`, `X`, `Y`, `Z`, `O`, `KeepLord`, `IsPatrol`, `WaypointGUID`) VALUES ('102', '4', '0', '1025560', '1398075', '1039024', '9516', '3080', '0', '0', '0');
INSERT INTO `war_world`.`keep_creatures` (`KeepId`, `ZoneId`, `OrderId`, `DestroId`, `X`, `Y`, `Z`, `O`, `KeepLord`, `IsPatrol`, `WaypointGUID`) VALUES ('102', '4', '0', '1025560', '1399715', '1039025', '9516', '582', '0', '0', '0');
INSERT INTO `war_world`.`keep_creatures` (`KeepId`, `ZoneId`, `OrderId`, `DestroId`, `X`, `Y`, `Z`, `O`, `KeepLord`, `IsPatrol`, `WaypointGUID`) VALUES ('102', '4', '0', '1025560', '1389606', '1039490', '7214', '3684', '0', '0', '0');
INSERT INTO `war_world`.`keep_creatures` (`KeepId`, `ZoneId`, `OrderId`, `DestroId`, `X`, `Y`, `Z`, `O`, `KeepLord`, `IsPatrol`, `WaypointGUID`) VALUES ('102', '4', '0', '1025560', '1409144', '1040582', '8098', '3618', '0', '0', '0');
INSERT INTO `war_world`.`keep_creatures` (`KeepId`, `ZoneId`, `OrderId`, `DestroId`, `X`, `Y`, `Z`, `O`, `KeepLord`, `IsPatrol`, `WaypointGUID`) VALUES ('102', '4', '0', '1025560', '1410232', '1041730', '7315', '2304', '0', '0', '0');
INSERT INTO `war_world`.`keep_creatures` (`KeepId`, `ZoneId`, `OrderId`, `DestroId`, `X`, `Y`, `Z`, `O`, `KeepLord`, `IsPatrol`, `WaypointGUID`) VALUES ('102', '4', '0', '1025560', '1389766', '1041899', '7565', '2894', '0', '0', '0');
INSERT INTO `war_world`.`keep_creatures` (`KeepId`, `ZoneId`, `OrderId`, `DestroId`, `X`, `Y`, `Z`, `O`, `KeepLord`, `IsPatrol`, `WaypointGUID`) VALUES ('102', '4', '0', '1025560', '1411080', '1042104', '7059', '1594', '0', '0', '0');
INSERT INTO `war_world`.`keep_creatures` (`KeepId`, `ZoneId`, `OrderId`, `DestroId`, `X`, `Y`, `Z`, `O`, `KeepLord`, `IsPatrol`, `WaypointGUID`) VALUES ('102', '4', '0', '1025560', '1403522', '1043895', '8344', '934', '0', '0', '0');
INSERT INTO `war_world`.`keep_creatures` (`KeepId`, `ZoneId`, `OrderId`, `DestroId`, `X`, `Y`, `Z`, `O`, `KeepLord`, `IsPatrol`, `WaypointGUID`) VALUES ('102', '4', '0', '1025560', '1403983', '1045000', '8439', '2832', '0', '0', '0');
INSERT INTO `war_world`.`keep_creatures` (`KeepId`, `ZoneId`, `OrderId`, `DestroId`, `X`, `Y`, `Z`, `O`, `KeepLord`, `IsPatrol`, `WaypointGUID`) VALUES ('102', '4', '0', '1025560', '1403757', '1045222', '8344', '1368', '0', '0', '0');
INSERT INTO `war_world`.`keep_creatures` (`KeepId`, `ZoneId`, `OrderId`, `DestroId`, `X`, `Y`, `Z`, `O`, `KeepLord`, `IsPatrol`, `WaypointGUID`) VALUES ('102', '4', '0', '1025560', '1403934', '1045443', '8433', '686', '0', '0', '0');
INSERT INTO `war_world`.`keep_creatures` (`KeepId`, `ZoneId`, `OrderId`, `DestroId`, `X`, `Y`, `Z`, `O`, `KeepLord`, `IsPatrol`, `WaypointGUID`) VALUES ('102', '4', '0', '1025560', '1402599', '1045704', '8344', '1070', '0', '0', '0');
INSERT INTO `war_world`.`keep_creatures` (`KeepId`, `ZoneId`, `OrderId`, `DestroId`, `X`, `Y`, `Z`, `O`, `KeepLord`, `IsPatrol`, `WaypointGUID`) VALUES ('102', '4', '0', '1025561', '1400896', '1037150', '8251', '2530', '0', '0', '0');
INSERT INTO `war_world`.`keep_creatures` (`KeepId`, `ZoneId`, `OrderId`, `DestroId`, `X`, `Y`, `Z`, `O`, `KeepLord`, `IsPatrol`, `WaypointGUID`) VALUES ('102', '4', '0', '1025561', '1398747', '1038148', '8896', '2000', '0', '0', '0');
INSERT INTO `war_world`.`keep_creatures` (`KeepId`, `ZoneId`, `OrderId`, `DestroId`, `X`, `Y`, `Z`, `O`, `KeepLord`, `IsPatrol`, `WaypointGUID`) VALUES ('102', '4', '0', '1025561', '1398568', '1038661', '8933', '2018', '0', '0', '0');
INSERT INTO `war_world`.`keep_creatures` (`KeepId`, `ZoneId`, `OrderId`, `DestroId`, `X`, `Y`, `Z`, `O`, `KeepLord`, `IsPatrol`, `WaypointGUID`) VALUES ('102', '4', '0', '1025561', '1399188', '1038683', '8895', '2002', '0', '0', '0');
INSERT INTO `war_world`.`keep_creatures` (`KeepId`, `ZoneId`, `OrderId`, `DestroId`, `X`, `Y`, `Z`, `O`, `KeepLord`, `IsPatrol`, `WaypointGUID`) VALUES ('102', '4', '0', '1025561', '1395620', '1039313', '8264', '1078', '0', '0', '0');
INSERT INTO `war_world`.`keep_creatures` (`KeepId`, `ZoneId`, `OrderId`, `DestroId`, `X`, `Y`, `Z`, `O`, `KeepLord`, `IsPatrol`, `WaypointGUID`) VALUES ('102', '4', '0', '1025561', '1395282', '1039960', '8261', '1934', '0', '0', '0');
INSERT INTO `war_world`.`keep_creatures` (`KeepId`, `ZoneId`, `OrderId`, `DestroId`, `X`, `Y`, `Z`, `O`, `KeepLord`, `IsPatrol`, `WaypointGUID`) VALUES ('102', '4', '0', '1025561', '1399071', '1040023', '9519', '2116', '0', '0', '0');
INSERT INTO `war_world`.`keep_creatures` (`KeepId`, `ZoneId`, `OrderId`, `DestroId`, `X`, `Y`, `Z`, `O`, `KeepLord`, `IsPatrol`, `WaypointGUID`) VALUES ('102', '4', '0', '1025561', '1396539', '1040383', '8774', '1348', '0', '0', '0');
INSERT INTO `war_world`.`keep_creatures` (`KeepId`, `ZoneId`, `OrderId`, `DestroId`, `X`, `Y`, `Z`, `O`, `KeepLord`, `IsPatrol`, `WaypointGUID`) VALUES ('102', '4', '0', '1025561', '1399333', '1040722', '9781', '1994', '0', '0', '0');
INSERT INTO `war_world`.`keep_creatures` (`KeepId`, `ZoneId`, `OrderId`, `DestroId`, `X`, `Y`, `Z`, `O`, `KeepLord`, `IsPatrol`, `WaypointGUID`) VALUES ('102', '4', '0', '1025561', '1404626', '1041158', '8264', '2522', '0', '0', '0');
INSERT INTO `war_world`.`keep_creatures` (`KeepId`, `ZoneId`, `OrderId`, `DestroId`, `X`, `Y`, `Z`, `O`, `KeepLord`, `IsPatrol`, `WaypointGUID`) VALUES ('102', '4', '0', '1025561', '1394950', '1041240', '8264', '1736', '0', '0', '0');
INSERT INTO `war_world`.`keep_creatures` (`KeepId`, `ZoneId`, `OrderId`, `DestroId`, `X`, `Y`, `Z`, `O`, `KeepLord`, `IsPatrol`, `WaypointGUID`) VALUES ('102', '4', '0', '1025561', '1402891', '1041783', '8264', '2638', '0', '0', '0');
INSERT INTO `war_world`.`keep_creatures` (`KeepId`, `ZoneId`, `OrderId`, `DestroId`, `X`, `Y`, `Z`, `O`, `KeepLord`, `IsPatrol`, `WaypointGUID`) VALUES ('102', '4', '0', '1025561', '1404186', '1042444', '8344', '938', '0', '0', '0');
INSERT INTO `war_world`.`keep_creatures` (`KeepId`, `ZoneId`, `OrderId`, `DestroId`, `X`, `Y`, `Z`, `O`, `KeepLord`, `IsPatrol`, `WaypointGUID`) VALUES ('102', '4', '0', '1025561', '1403679', '1043085', '8344', '12', '0', '0', '0');
INSERT INTO `war_world`.`keep_creatures` (`KeepId`, `ZoneId`, `OrderId`, `DestroId`, `X`, `Y`, `Z`, `O`, `KeepLord`, `IsPatrol`, `WaypointGUID`) VALUES ('102', '4', '0', '1025561', '1397255', '1043752', '8264', '3104', '0', '0', '0');
/* ButchersPass - Clearing Lord Loot-Table */
DELETE FROM `war_world`.`creature_loots` WHERE (`Entry` = '15959') and (`ItemId` = '207413');
/* ButchersPass - Deleting Gameobjekts to Avoid duplicate Entrys */
DELETE FROM `war_world`.`gameobject_spawns` WHERE (`Guid` = '2107033');
DELETE FROM `war_world`.`gameobject_spawns` WHERE (`Guid` = '2107037');
DELETE FROM `war_world`.`gameobject_spawns` WHERE (`Guid` = '2107027');
DELETE FROM `war_world`.`gameobject_spawns` WHERE (`Guid` = '2107028');
DELETE FROM `war_world`.`gameobject_spawns` WHERE (`Guid` = '2107029');
DELETE FROM `war_world`.`gameobject_spawns` WHERE (`Guid` = '2107035');
DELETE FROM `war_world`.`gameobject_spawns` WHERE (`Guid` = '2107031');
DELETE FROM `war_world`.`gameobject_spawns` WHERE (`Guid` = '2107038');
DELETE FROM `war_world`.`gameobject_spawns` WHERE (`Guid` = '2107039');
DELETE FROM `war_world`.`gameobject_spawns` WHERE (`Guid` = '2107040');
DELETE FROM `war_world`.`gameobject_spawns` WHERE (`Guid` = '2107041');
DELETE FROM `war_world`.`gameobject_spawns` WHERE (`Guid` = '2107042');
DELETE FROM `war_world`.`gameobject_spawns` WHERE (`Guid` = '2107043');
DELETE FROM `war_world`.`gameobject_spawns` WHERE (`Guid` = '2107026');
DELETE FROM `war_world`.`gameobject_spawns` WHERE (`Guid` = '2107036');
/* ButchersPass - Generating Gameobjekts */
INSERT INTO `war_world`.`gameobject_spawns` (`Guid`, `Entry`, `ZoneId`, `WorldX`, `WorldY`, `WorldZ`, `WorldO`, `DisplayID`, `Unk1`, `Unk2`, `Unk3`, `Unk4`, `Unks`, `DoorId`, `VfxState`, `TokUnlock`, `SoundId`, `AllowVfxUpdate`, `AlternativeName`) VALUES ('2107033', '118', '4', '1399046', '1026529', '8264', '2140', '333', '0', '0', '0', '0', '7682 0 10238 40 -11289 -12896 ', '0', '0', '', '0', '0', '');
INSERT INTO `war_world`.`gameobject_spawns` (`Guid`, `Entry`, `ZoneId`, `WorldX`, `WorldY`, `WorldZ`, `WorldO`, `DisplayID`, `Unk1`, `Unk2`, `Unk3`, `Unk4`, `Unks`, `DoorId`, `VfxState`, `TokUnlock`, `SoundId`, `AllowVfxUpdate`, `AlternativeName`) VALUES ('2107037', '168', '4', '1403909', '1032299', '8176', '934', '287', '0', '0', '0', '0', '7680 0 3873 1568 5 -16078 ', '0', '0', '', '0', '0', '');
INSERT INTO `war_world`.`gameobject_spawns` (`Guid`, `Entry`, `ZoneId`, `WorldX`, `WorldY`, `WorldZ`, `WorldO`, `DisplayID`, `Unk1`, `Unk2`, `Unk3`, `Unk4`, `Unks`, `DoorId`, `VfxState`, `TokUnlock`, `SoundId`, `AllowVfxUpdate`, `AlternativeName`) VALUES ('2107027', '168', '4', '1399817', '1026601', '8262', '1868', '287', '0', '0', '0', '0', '7680 0 3873 1568 5 -16078 ', '0', '0', '', '0', '0', '');
INSERT INTO `war_world`.`gameobject_spawns` (`Guid`, `Entry`, `ZoneId`, `WorldX`, `WorldY`, `WorldZ`, `WorldO`, `DisplayID`, `Unk1`, `Unk2`, `Unk3`, `Unk4`, `Unks`, `DoorId`, `VfxState`, `TokUnlock`, `SoundId`, `AllowVfxUpdate`, `AlternativeName`) VALUES ('2107028', '168', '4', '1397944', '1028576', '8234', '3100', '287', '0', '0', '0', '0', '7680 0 3873 1568 5 -16078 ', '0', '0', '', '0', '0', '');
INSERT INTO `war_world`.`gameobject_spawns` (`Guid`, `Entry`, `ZoneId`, `WorldX`, `WorldY`, `WorldZ`, `WorldO`, `DisplayID`, `Unk1`, `Unk2`, `Unk3`, `Unk4`, `Unks`, `DoorId`, `VfxState`, `TokUnlock`, `SoundId`, `AllowVfxUpdate`, `AlternativeName`) VALUES ('2107029', '168', '4', '1396706', '1032368', '8277', '3016', '287', '0', '0', '0', '0', '7680 0 3873 1568 5 -16078 ', '0', '0', '', '0', '0', '');
INSERT INTO `war_world`.`gameobject_spawns` (`Guid`, `Entry`, `ZoneId`, `WorldX`, `WorldY`, `WorldZ`, `WorldO`, `DisplayID`, `Unk1`, `Unk2`, `Unk3`, `Unk4`, `Unks`, `DoorId`, `VfxState`, `TokUnlock`, `SoundId`, `AllowVfxUpdate`, `AlternativeName`) VALUES ('2107035', '168', '4', '1400794', '1028992', '8250', '642', '287', '0', '0', '0', '0', '7680 0 3873 1568 5 -16078 ', '0', '0', '', '0', '0', '');
INSERT INTO `war_world`.`gameobject_spawns` (`Guid`, `Entry`, `ZoneId`, `WorldX`, `WorldY`, `WorldZ` , `WorldO`, `DisplayID`, `Unk1`, `Unk2`, `Unk3`, `Unk4`, `Unks`, `DoorId`, `VfxState`, `TokUnlock`, `SoundId`, `AllowVfxUpdate`, `AlternativeName`) VALUES ('2107031', '168', '4', '1402123', '1033172', '8153', '1998', '287', '0', '0', '0', '0', '7680 0 3873 1568 5 -16078 ', '0', '0', '', '0', '0', '');
INSERT INTO `war_world`.`gameobject_spawns` (`Guid`, `Entry`, `ZoneId`, `WorldX`, `WorldY`, `WorldZ`, `WorldO`, `DisplayID`, `Unk1`, `Unk2`, `Unk3`, `Unk4`, `Unks`, `DoorId`, `VfxState`, `TokUnlock`, `SoundId`, `AllowVfxUpdate`, `AlternativeName`) VALUES ('2107038', '168', '4', '1405418', '1033149', '8237', '692', '287', '0', '0', '0', '0', '7680 0 3873 1568 5 -16078 ', '0', '0', '', '0', '0', '');
INSERT INTO `war_world`.`gameobject_spawns` (`Guid`, `Entry`, `ZoneId`, `WorldX`, `WorldY`, `WorldZ`, `WorldO`, `DisplayID`, `Unk1`, `Unk2`, `Unk3`, `Unk4`, `Unks`, `DoorId`, `VfxState`, `TokUnlock`, `SoundId`, `AllowVfxUpdate`, `AlternativeName`) VALUES ('2107039', '168', '4', '1405996', '1035770', '8232', '1540', '287', '0', '0', '0', '0', '7680 0 3873 1568 5 -16078 ', '0', '0', '', '0', '0', '');
INSERT INTO `war_world`.`gameobject_spawns` (`Guid`, `Entry`, `ZoneId`, `WorldX`, `WorldY`, `WorldZ`, `WorldO`, `DisplayID`, `Unk1`, `Unk2`, `Unk3`, `Unk4`, `Unks`, `DoorId`, `VfxState`, `TokUnlock`, `SoundId`, `AllowVfxUpdate`, `AlternativeName`) VALUES ('2107040', '168', '4', '1404276', '1035947', '8229', '4048', '287', '0', '0', '0', '0', '7680 0 3873 1568 5 -16078 ', '0', '0', '', '0', '0', '');
INSERT INTO `war_world`.`gameobject_spawns` (`Guid`, `Entry`, `ZoneId`, `WorldX`, `WorldY`, `WorldZ`, `WorldO`, `DisplayID`, `Unk1`, `Unk2`, `Unk3`, `Unk4`, `Unks`, `DoorId`, `VfxState`, `TokUnlock`, `SoundId`, `AllowVfxUpdate`, `AlternativeName`) VALUES ('2107041', '168', '4', '1406307', '1038601', '8339', '708', '287', '0', '0', '0', '0', '7680 0 3873 1568 5 -16078 ', '0', '0', '', '0', '0', '');
INSERT INTO `war_world`.`gameobject_spawns` (`Guid`, `Entry`, `ZoneId`, `WorldX`, `WorldY`, `WorldZ`, `WorldO`, `DisplayID`, `Unk1`, `Unk2`, `Unk3`, `Unk4`, `Unks`, `DoorId`, `VfxState`, `TokUnlock`, `SoundId`, `AllowVfxUpdate`, `AlternativeName`) VALUES ('2107042', '168', '4', '1407171', '1040217', '8298', '674', '287', '0', '0', '0', '0', '7680 0 3873 1568 5 -16078 ', '0', '0', '', '0', '0', '');
INSERT INTO `war_world`.`gameobject_spawns` (`Guid`, `Entry`, `ZoneId`, `WorldX`, `WorldY`, `WorldZ`, `WorldO`, `DisplayID`, `Unk1`, `Unk2`, `Unk3`, `Unk4`, `Unks`, `DoorId`, `VfxState`, `TokUnlock`, `SoundId`, `AllowVfxUpdate`, `AlternativeName`) VALUES ('2107043', '168', '4', '1393943', '1037487', '8277', '440', '287', '0', '0', '0', '0', '7680 0 3873 1568 5 -16078 ', '0', '0', '', '0', '0', '');
INSERT INTO `war_world`.`gameobject_spawns` (`Guid`, `Entry`, `ZoneId`, `WorldX`, `WorldY`, `WorldZ`, `WorldO`, `DisplayID`, `Unk1`, `Unk2`, `Unk3`, `Unk4`, `Unks`, `DoorId`, `VfxState`, `TokUnlock`, `SoundId`, `AllowVfxUpdate`, `AlternativeName`) VALUES ('2107026', '9000', '4', '1399859', '1026596', '8257', '2036', '910', '0', '0', '0', '0', '7680 0 19068 4 5 -23105 ', '0', '0', '', '0', '0', '');
INSERT INTO `war_world`.`gameobject_spawns` (`Guid`, `Entry`, `ZoneId`, `WorldX`, `WorldY`, `WorldZ`, `WorldO`, `DisplayID`, `Unk1`, `Unk2`, `Unk3`, `Unk4`, `Unks`, `DoorId`, `VfxState`, `TokUnlock`, `SoundId`, `AllowVfxUpdate`, `AlternativeName`) VALUES ('2107036', '99884', '4', '1393984', '1042445', '10096', '2518', '7917', '0', '0', '0', '0', '7680 1 20918 1 -18937 5441 ', '0', '0', '', '0', '0', '');
